canonical_id,blueprint_id,source_question_number,source_bank,source_usage_count,generated_variant_number,content_state,publication_state,validation_status,question_type,difficulty,normalized_recipe_id,normalized_pattern_id,recipe_title,scenario,stimulus,question_stem,choice_a,choice_b,choice_c,choice_d,choice_e,correct_answer,prediction_text,correct_answer_job,conclusion,support,gap,inference_or_resolution,recipe_tags,trap_a,trap_b,trap_c,trap_d,trap_e,trap_family_a,trap_family_b,trap_family_c,trap_family_d,trap_family_e,explanation_a,explanation_b,explanation_c,explanation_d,explanation_e,diagnostic_eligible,daily_repair_eligible,targeted_drill_eligible,review_eligible,timed_eligible,near_copy_status,near_copy_note,originality_warning,version,version_state
AR_V1_B1_0001,AR_B1_BP_0001,48,LSAT_201_Source_Compilation_Keyed,0,1,validated_candidate,unpublished,production_factory_pass_not_human_validated,ST,2,STRENGTHEN_CLOSE_SUPPORT_GAP,PAT_ADD_MISSING_LINK,Strengthen by Adding a Missing Link,resealable-pouch-bread,"When prewashed salad greens began appearing in resealable pouches, sales climbed sharply; shoppers prized that, once opened, the greens stayed crisp for days longer than they had in the old tear-open bags. A neighborhood bakery is now weighing whether to sell its sliced sandwich loaves in resealable pouches instead of twist-tied bags. Just as with the salad greens, this is a shrewd commercial move.","Which one of the following, if true, most strengthens the argument?",Resealable pouches occupy less space on the bakery's shelves than twist-tied bags do.,"Before resealable pouches existed, shoppers often complained that opened bags of salad greens wilted by the next day.",Producing loaves in resealable pouches would cost the bakery no more than its current twist-tied bags.,Most bread shoppers say that packaging has little influence on which loaf they choose.,Selling the sliced loaves in resealable pouches would keep the bread noticeably fresher after the package is first opened.,E,Pouches helped the greens by keeping them fresh after opening; the analogy holds only if pouches deliver that same freshness benefit to the bread.,Add a consideration on which the target case gains the same operative advantage that drove the model case.,Selling the sliced loaves in resealable pouches is a shrewd move.,Resealable pouches boosted salad-greens sales by keeping them crisp longer after opening.,Nothing yet says pouches would keep bread fresher; the salad benefit may not transfer.,,strengthen|analogy|missing_link,wrong_benefit_shelf_space,strengthens_model_only,removes_cost_objection_not_support,reversal_weakens,N/A_correct,Scope Failure,Comparison Failure,Scope Failure,Direction Failure,N/A_correct,"Choice A is tempting because it names a real convenience of pouches, but it is a benefit to shelving, not the after-opening freshness that made the model case succeed, so it does not carry the analogy.","Choice B is tempting because it reinforces why pouches helped the greens, but it strengthens only the model side of the analogy and says nothing about whether bread would benefit likewise.","Choice C is tempting because it clears a practical hurdle to switching, but removing a cost objection is not the same as showing the switch would help sales; the freshness link is still missing.","Choice D is tempting as a packaging-related fact, but it cuts the other way: if packaging barely affects choice, the switch is less likely to be shrewd, so it weakens rather than strengthens.","Choice E supplies the missing link: pouches drove the salad's success by preserving freshness after opening, and this gives the bread that same advantage, which is what the analogy needs.",TRUE,TRUE,TRUE,TRUE,TRUE,pass,,,v1,current
AR_V1_B1_0002,AR_B1_BP_0002,57,LSAT_201_Source_Compilation_Keyed,0,1,validated_candidate,unpublished,production_factory_pass_not_human_validated,ST,2,STRENGTHEN_RULE_OUT_RIVAL,PAT_SUPPORT_CAUSAL_BY_RULING_OUT,Strengthen Causal by Reducing Rivals,celebrated-chef-diners,"Restaurant critic: As a rule, the more celebrated a chef is, the more lavishly diners praise the meal they are served. To my mind this is only right, and it gives us no reason to grow cynical about whether ordinary diners can tell genuinely fine cooking from the merely mediocre.","Which one of the following, if true, most strongly supports the critic's view?",A chef's level of celebrity usually reflects the genuine quality of that chef's cooking.,Some of the most skilled chefs working today are unknown to the dining public.,"The more celebrated a chef is, the larger the crowds the restaurant can draw.",Even the most skilled chefs cannot cook equally well on every night.,Celebrated chefs often prepare dishes whose subtleties ordinary diners struggle to appreciate.,A,"The optimism holds only if a chef's celebrity generally tracks genuine skill, so that praising the celebrated is praising the skilled.",Add a consideration on which diners' greater praise for celebrated chefs reflects real cooking quality rather than celebrity alone.,There is no reason for cynicism about diners' ability to distinguish fine cooking from mediocre.,Diners praise the meals of more celebrated chefs more lavishly.,"Unless celebrity tracks skill, the extra praise could reflect reputation rather than diners' discernment.",,strengthen|causal|rule_out_rival,N/A_correct,counterexample_reversal,about_magnitude_not_quality,irrelevant_variability,undercuts_discernment,N/A_correct,Direction Failure,Scope Failure,Scope Failure,Direction Failure,"Choice A supports the view: if celebrity tracks real skill, then praising the more celebrated chef is praising the more skilled one, so the pattern is no evidence that diners are fooled by fame.","Choice B is tempting because it concerns skill and fame, but it points the other way: skilled yet uncelebrated chefs suggest fame and quality can come apart, so it undercuts rather than supports the critic.","Choice C is tempting because it echoes the more-celebrated-more pattern, but it speaks to crowd size, not to whether diners' praise reflects real cooking quality, which is what the view needs.","Choice D is tempting as a caveat about skill, but night-to-night variation says nothing about whether celebrity tracks quality, so it leaves the cynicism worry untouched.","Choice E is tempting because it links celebrity and diners' judgment, but it implies ordinary diners may miss what celebrated chefs do, cutting against their discernment, so it works against the view.",TRUE,TRUE,TRUE,TRUE,TRUE,pass,,,v1,current
AR_V1_B1_0003,AR_B1_BP_0003,39,LSAT_201_Source_Compilation_Keyed,0,1,validated_candidate,unpublished,production_factory_pass_not_human_validated,WK,3,WEAKEN_ATTACK_KEY_LINK,PAT_BREAK_INFERENCE_LINK,Weaken by Breaking the Link,glowing-orchid-technique,"By splicing a gene borrowed from a jellyfish into ornamental orchids, growers have produced orchids that glow softly in the dark. This line of work is pointless, however. However striking the effect, buyers will simply refuse to purchase orchids that carry genes taken from an animal.","Which one of the following, if true, most weakens the argument?",The glowing orchids the growers produced have not yet been tested to see how long the glow lasts.,The same splicing technique can make orchids glow using a gene taken from a naturally luminous fungus rather than from any animal.,"Buyers of ornamental plants have eagerly embraced other novelties, such as orchids dyed in vivid, unnatural colors.",Any orchid grown from animal genetic material must be labeled as such at the point of sale.,Some prized ornamental orchids are cultivated in greenhouses that stay dark for much of the day.,B,The pointless verdict rests on buyers rejecting animal genes; showing the technique yields an acceptable glowing orchid by another route defeats it.,Add a consideration on which the research has value despite buyers' refusal of animal-gene orchids.,The line of work is pointless.,Buyers will refuse orchids carrying genes taken from an animal.,The technique might produce a saleable glowing orchid with no animal gene at all.,,weaken|break_link,irrelevant_untested_detail,N/A_correct,wrong_objection_novelty,reinforces_obstacle,irrelevant_condition,Scope Failure,N/A_correct,Scope Failure,Direction Failure,Scope Failure,"Choice A is tempting because it raises a doubt about the orchids, but how long the glow lasts does not bear on the claim that consumer refusal makes the work pointless.","Choice B weakens the argument: it shows the technique can yield a glowing orchid with no animal gene, so the buyers' objection to animal genes does not render the work pointless.","Choice C is tempting because it suggests buyers welcome novelty, but the stated obstacle is specifically genes taken from an animal, which dyeing does not involve, so it does not meet the argument's reason.","Choice D is tempting because it concerns the animal-gene issue, but mandatory labeling would make the very refusal the argument relies on more likely, so it strengthens the pointless verdict rather than weakening it.","Choice E is tempting because darkness relates to a glow, but where orchids are grown says nothing about whether consumer refusal makes the research pointless.",TRUE,TRUE,TRUE,TRUE,TRUE,pass,,,v1,current
AR_V1_B1_0004,AR_B1_BP_0004,55,LSAT_201_Source_Compilation_Keyed,0,1,validated_candidate,unpublished,production_factory_pass_not_human_validated,WK,3,WEAKEN_ALTERNATIVE_CAUSE,PAT_RIVAL_CAUSE_INTRODUCED,Weaken by Rival Cause,pupil-dilation-deception,"In a laboratory study, forty volunteers were each shown a concealed number and paid to deny, to an interviewer, that they had seen it. Whenever a volunteer lied, an eye-tracking camera recorded a marked dilation of the pupils, a response long known to accompany heightened mental effort. The researchers concluded that pupil-dilation tracking could eventually serve as a reliable detector of deception.","Which one of the following, if true, most weakens the argument?","Existing deception detectors, such as the polygraph, have never been shown to be dependable.",The degree of mental effort that lying requires differs widely from one person to the next.,"When the volunteers answered truthfully about other concealed numbers, their pupils dilated to much the same degree as when they lied.",A lie prepared in advance tends to require less mental effort than one invented on the spot.,Many volunteers reported feeling uneasy about lying even though they had been paid to do so.,C,"If the same dilation appears when volunteers tell the truth, the marker cannot pick out lies and the detector inference collapses.",Add a consideration on which the observed marker fails to distinguish lying from truth-telling.,Pupil-dilation tracking could serve as a reliable detector of deception.,"When volunteers lied, their pupils dilated markedly.","The dilation may accompany truthful answers too, not lying specifically.",,weaken|rival_cause|non_specific_marker,other_methods_irrelevant,cross_subject_variation,N/A_correct,subtype_of_lying_variation,affect_not_specificity,Scope Failure,Comparison Failure,N/A_correct,Comparison Failure,Scope Failure,"Choice A is tempting because it disparages lie detection generally, but the reliability of other devices says nothing about whether this pupil-based marker works, which is the argument's claim.","Choice B is tempting and does raise a reliability worry, but variation in effort across people does not show the dilation fails to mark lying; the decisive problem is that truth-telling produces it too.","Choice C weakens the argument: if truthful answers produce the same dilation as lies, the marker does not distinguish deception from honesty, so it cannot ground a reliable detector.","Choice D is tempting because it suggests some lies may dilate the pupils less, but that at most limits sensitivity to certain lies; it does not undercut the inference the way shared truthful dilation does.","Choice E is tempting because unease relates to arousal, but whether volunteers felt uneasy does not address whether dilation distinguishes lies from truths, so it leaves the inference intact.",TRUE,TRUE,TRUE,TRUE,TRUE,pass,,,v1,current
AR_V1_B1_0005,AR_B1_BP_0005,61,LSAT_201_Source_Compilation_Keyed,0,1,validated_candidate,unpublished,production_factory_pass_not_human_validated,WK,3,WEAKEN_ATTACK_KEY_LINK,PAT_BREAK_INFERENCE_LINK,Weaken by Breaking the Link,city-muralist-employees,"Okoye: Cities have tried to ban provocative street murals, but such bans seldom work, since residents crave public art and muralists always find sly ways to needle officials who treat them harshly. Since muralists will not needle a city that employs them as honored artists, a city can both control its murals and keep residents content by putting muralists on the public payroll as honored employees.","Which one of the following, if true, would most weaken Okoye's argument?",Few cities are willing to bear the ongoing cost of keeping muralists on the payroll.,Even entirely unregulated street murals rarely provoke residents to turn against city officials.,Some muralists needle city officials even when those officials have treated them generously.,Residents generally have little appetite for murals they know were painted by artists on the city's payroll.,Most street murals neither criticize city officials nor praise them.,D,"The plan must both control murals and please residents; if residents shun murals made by city-employed artists, the second aim fails.",Add a consideration on which the plan fails to satisfy residents' craving for public art even if it curbs provocation.,Employing muralists as honored public employees can both control murals and keep residents content.,Muralists will not needle a city that honors and employs them; residents crave public art.,"Residents may not embrace murals produced by city employees, leaving their craving unmet.",,weaken|break_link|two_pronged_goal,feasibility_not_efficacy,irrelevant_overthrow,attacks_other_premise,N/A_correct,irrelevant_neutral_content,Scope Failure,Scope Failure,Direction Failure,N/A_correct,Scope Failure,"Choice A is tempting because it raises a practical obstacle, but whether cities will pay does not show that the plan, if adopted, would fail to control murals and please residents, which is what the argument asserts.","Choice B is tempting because it concerns murals and officials, but whether murals endanger officials is beside the point; the plan's promise is control plus resident contentment, which this does not touch.","Choice C is tempting and does press the claim that honored muralists will not needle the city, but it challenges only the control prong; it is the resident-contentment failure that the plan truly cannot survive.","Choice D weakens the argument: if residents shun city-employee murals, the plan fails to keep residents content even if it curbs provocation, defeating one of the two aims claimed.","Choice E is tempting as a fact about mural content, but murals that are neutral neither help nor hurt the plan's two aims, so this leaves the reasoning untouched.",TRUE,TRUE,TRUE,TRUE,TRUE,pass,,,v1,current
AR_V1_B1_0006,AR_B1_BP_0006,2,LSAT_201_Source_Compilation_Keyed,0,1,validated_candidate,unpublished,production_factory_pass_not_human_validated,NA,4,NECESSARY_ASSUMPTION_BRIDGE,PAT_REQUIRED_CONNECTOR,Necessary Assumption Bridge,withheld-advance-review-copies,"Books columnist: Unlike most eagerly awaited novels, the forthcoming thriller Nightglass has not been sent to critics as an advance copy for early review. Pre-orders are running at record levels, and surveys show that most readers who know of the book intend to buy it. So the publisher must have decided to avoid doing anything that could cool readers' enthusiasm for Nightglass.",The columnist's explanation for why no advance copies were sent to critics relies on assuming that the publisher believes that,the money saved by not printing advance copies is better spent on other forms of promotion,sending advance copies to critics might dampen the enthusiasm of readers who would otherwise be eager to buy Nightglass,the critics who would ordinarily receive advance copies of Nightglass would not enjoy the novel,"because most readers are aware of Nightglass, most readers intend to buy it",roughly the current number of readers will buy Nightglass only if no advance copies are ever sent,B,Withholding copies counts as avoiding a risk to enthusiasm only if the publisher believes sending them could cool that enthusiasm.,State the belief the publisher must hold for avoiding a cooling of enthusiasm to explain withholding the copies.,"The publisher decided to avoid anything that could cool readers' enthusiasm, and so sent no advance copies.",Pre-orders are high and most aware readers intend to buy.,"The explanation works only if the publisher believes advance copies might reduce, not raise, enthusiasm.",,necessary_assumption|explanation|required_belief,alternative_explanation_cost,N/A_correct,too_specific_belief,misreads_survey_link,too_strong_conditional,Causal Failure,N/A_correct,Scope Failure,Direction Failure,Scope Failure,"Choice A is tempting because it offers a reason not to send copies, but it is a different explanation (cost) than the one the columnist gives (protecting enthusiasm), so it is not what that explanation assumes.","Choice B is the required assumption: only if the publisher believes early copies could cool enthusiasm does withholding them count as avoiding a risk to that enthusiasm, which is the columnist's whole explanation.","Choice C is tempting because it concerns the critics, but the explanation turns on protecting readers' enthusiasm, not on critics' tastes, so this belief is not required.","Choice D is tempting because it echoes the survey figures, but the explanation does not depend on equating awareness with intent to buy; it depends on a belief about what advance copies would do.","Choice E is tempting because it links copies and sales, but the explanation needs only the belief that copies risk cooling enthusiasm, not the far stronger claim that sales depend on never sending any.",TRUE,TRUE,TRUE,TRUE,TRUE,pass,,,v1,current
AR_V1_B1_0007,AR_B1_BP_0007,56,LSAT_201_Source_Compilation_Keyed,0,1,validated_candidate,unpublished,production_factory_pass_not_human_validated,NA,3,NECESSARY_ASSUMPTION_BRIDGE,PAT_REQUIRED_CONNECTOR,Necessary Assumption Bridge,permeable-pavement-flooding,"City officials flatly deny that any of their decisions worsened downtown flooding. The record says otherwise. Two years ago, at the urging of several developers, the council relaxed a longstanding requirement that new parking lots be surfaced with water-absorbing pavement. Since the requirement was relaxed, three low-lying blocks that had never before flooded have been swamped after nearly every heavy rain.",The argument relies on which one of the following assumptions?,"Without the developers' urging, the council would not have relaxed the pavement requirement.",The officials who deny worsening the flooding do not actually believe their own denials.,The developers who urged relaxing the requirement built the very lots on the flooded blocks.,The council is generally more responsive to developers than to residents worried about flooding.,"Had the requirement that new lots use water-absorbing pavement not been relaxed, considerably less downtown flooding would have occurred.",E,The argument blames the relaxed rule for the flooding; it must assume that without the relaxation there would have been considerably less flooding.,"State the counterfactual link on which relaxing the requirement, rather than something else, accounts for the new flooding.",The officials' decisions worsened downtown flooding.,"The council relaxed the pavement requirement, and afterward previously dry blocks flooded.",The new flooding must trace to the relaxed rule rather than to some unrelated change.,,necessary_assumption|causal|counterfactual,cause_of_the_decision,sincerity_not_required,specific_actor_overlap,general_disposition_irrelevant,N/A_correct,Scope Failure,Role Failure,Scope Failure,Scope Failure,N/A_correct,"Choice A is tempting because the developers' urging is mentioned, but why the council relaxed the rule is beside the point; the argument needs the rule change to explain the flooding, not an account of what prompted it.","Choice B is tempting because it targets the officials' denial, but the argument's force does not depend on whether they are sincere, only on whether their decision in fact worsened flooding.","Choice C is tempting because it ties the developers to the flooded area, but the argument blames the council's decision generally; it need not assume the same developers built the lots that flooded.","Choice D is tempting because it fits the story's politics, but a general tilt toward developers is not something the causal claim about this rule change requires.","Choice E is required: the argument pins the flooding on the relaxed rule, which holds only if keeping the rule would have meant substantially less flooding; deny this and the timing is mere coincidence.",TRUE,TRUE,TRUE,TRUE,TRUE,pass,,,v1,current
AR_V1_B1_0008,AR_B1_BP_0008,67,LSAT_201_Source_Compilation_Keyed,0,1,validated_candidate,unpublished,production_factory_pass_not_human_validated,NA,3,NECESSARY_ASSUMPTION_BRIDGE,PAT_REQUIRED_CONNECTOR,Necessary Assumption Bridge,paid-sleep-study-consent,"Ethicist: One cannot defend the clinic's paid overnight sleep-deprivation study merely by observing that every participant was told the risks in advance and accepted payment for shouldering them. Although hiring someone to take on a task raises no objection when the person settles on it entirely of their own accord, that justification lapses the moment a decision has been driven by sheer financial desperation.",Which one of the following is an assumption required by the ethicist's argument?,Being told about the possible consequences of a choice does not by itself guarantee that the choice is freely made.,Nothing at all can be rendered acceptable simply by the fact that the parties involved took part willingly.,Anyone whose choice falls even slightly short of being fully free is thereby acting under duress.,There is nothing objectionable about accepting money in exchange for exposing oneself to risk.,A person ought to be allowed to carry out whatever they have settled on of their own free will.,A,The rebuttal works only if being told the risks does not guarantee a free choice; otherwise informed and paid would suffice to defend the study.,State the link on which being informed of the risks fails to establish that the choice was free.,One cannot defend the study merely by noting that participants were informed and paid.,"Paying is acceptable only when the choice is free, not when coerced.","Being informed of risks may leave the choice unfree, as under economic coercion.",,necessary_assumption|free_choice|bridge,N/A_correct,too_strong_general,false_dichotomy_too_strong,concedes_wrong_point,permission_principle_extra,N/A_correct,Scope Failure,Scope Failure,Direction Failure,Scope Failure,"Choice A is required: the ethicist grants that free choice justifies payment, so the rebuttal succeeds only if being informed leaves open that the choice was coerced, exactly what this supplies.","Choice B is tempting because it sounds like the moral of the passage, but the ethicist needs only that informing does not secure freedom, not the sweeping claim that willingness never justifies a transaction.","Choice C is tempting because freedom and coercion are the poles in play, but the argument does not require that every shortfall from complete freedom counts as coercion; that overshoots what is needed.","Choice D is tempting because payment for risk is the topic, but the ethicist's point is about coerced choice, not risk-for-pay as such; assuming this does not move the argument along.","Choice E is tempting because free choice appears in it, but a permission principle about what people may do is not needed to show that informing fails to establish freedom.",TRUE,TRUE,TRUE,TRUE,TRUE,pass,,,v1,current
AR_V1_B1_0009,AR_B1_BP_0009,5,LSAT_201_Source_Compilation_Keyed,0,1,validated_candidate,unpublished,production_factory_pass_not_human_validated,SA,4,SUFFICIENT_ASSUMPTION_CONDITIONAL_BRIDGE,PAT_GAP_CLOSING_CONDITIONAL,Sufficient Assumption Conditional Bridge,earliest-postage-label,"Historian: Many collectors hold that the world's first adhesive postage stamp was Britain's Penny Black, issued in 1840. They are mistaken. Fully two years earlier, a small Caribbean colony, short of coins for its postal fees, engraved little paper labels that senders bought at the post office, affixed to their letters, and used to prepay delivery. The colony's labels therefore came first.",The historian's conclusion is properly drawn if which one of the following is assumed?,Britain did not issue any adhesive postage stamp before the Penny Black of 1840.,The Caribbean colony issued its paper labels because it lacked the coins to collect postal fees.,The engraved paper labels the colony issued in 1838 were themselves adhesive postage stamps.,No government issued an adhesive postage stamp during the 1830s except the Caribbean colony.,Every early postal authority kept detailed records of the fees it charged senders.,C,The conclusion follows only if those 1838 labels count as adhesive postage stamps; otherwise being earlier is beside the point.,"Supply the premise on which the colony's affixed, prepaid paper labels qualify as adhesive postage stamps.","The colony's 1838 labels, not the Penny Black, were the earliest adhesive postage stamps.",In 1838 the colony issued engraved paper labels that senders bought and affixed to prepay delivery.,Nothing yet establishes that those labels were adhesive postage stamps.,,sufficient_assumption|category_bridge,strengthens_other_side_detail,restates_motive,N/A_correct,too_strong_uniqueness,irrelevant_recordkeeping,Scope Failure,Scope Failure,N/A_correct,Scope Failure,Scope Failure,"Choice A is tempting because it concerns the Penny Black's priority, but even granting it, nothing yet makes the 1838 labels count as stamps, so the conclusion still does not follow.","Choice B is tempting because the coin shortage is in the passage, but why the colony issued the labels does not help establish that they were postage stamps, which is the gap the conclusion needs closed.","Choice C makes the conclusion follow: if those affixed, prepaid paper labels were adhesive postage stamps, then an adhesive postage stamp existed in 1838, before the Penny Black.","Choice D is tempting because it sounds supportive, but the conclusion only compares the colony's labels with the Penny Black; a sweeping uniqueness claim is neither needed nor sufficient to make the labels stamps.","Choice E is tempting as historical color, but recordkeeping has no bearing on whether the 1838 labels were adhesive postage stamps, so it cannot complete the argument.",TRUE,TRUE,TRUE,TRUE,TRUE,pass,,,v1,current
AR_V1_B1_0010,AR_B1_BP_0010,44,LSAT_201_Source_Compilation_Keyed,0,1,validated_candidate,unpublished,production_factory_pass_not_human_validated,SA,4,SUFFICIENT_ASSUMPTION_CONDITIONAL_BRIDGE,PAT_GAP_CLOSING_CONDITIONAL,Sufficient Assumption Conditional Bridge,acquisition-culture-fit,"When a startup and the firm acquiring it share a compatible working culture, the buyout negotiations between them proceed smoothly. And wherever such negotiations proceed smoothly, neither side comes away feeling that it has abandoned its core mission. It follows that the acquisitions that turn out best are to be found among those in which the startup and the acquiring firm share a compatible working culture.",The conclusion of the argument follows logically if which one of the following is assumed?,Acquisitions succeed most often when the issues most debated in negotiations are not ones of company culture.,"If a buyout negotiation proceeds smoothly, then the two firms share a compatible working culture.",Only when an acquisition leaves a side feeling it has abandoned its mission does that acquisition turn out poorly.,The acquisitions that turn out best include those in which the buyout negotiations proceed smoothly.,"Whenever two firms lack a compatible working culture, their negotiations leave at least one side feeling it abandoned its mission.",D,"Given culture leads to smooth, the conclusion needs smooth leads to among-the-best, so culture chains through to best.",Supply the link on which smooth negotiations place an acquisition among those that turn out best.,The acquisitions that turn out best include those in which the two firms share a compatible working culture.,"Compatible culture yields smooth negotiations, which leave neither side feeling it abandoned its mission.",Nothing yet says that smoothness makes an acquisition one of the best.,,sufficient_assumption|conditional_chain,off_axis_condition,converse_reversal,contrapositive_gap,N/A_correct,negated_antecedent_extra,Scope Failure,Direction Failure,Direction Failure,N/A_correct,Scope Failure,"Choice A is tempting because it links success and culture, but it concerns which issues are debated, not the smooth-negotiations link the conclusion actually needs, so the chain stays broken.","Choice B is tempting because it joins the same two terms, but it reverses the given conditional; the argument already has culture leads to smooth and gains nothing toward best from its converse.","Choice C is tempting because it ties abandoned mission to poor outcomes, but it does not establish that not feeling so puts an acquisition among the best; the needed bridge to best is still missing.","Choice D completes the chain: compatible culture yields smooth negotiations, and if smooth negotiations are among the best acquisitions, then compatible-culture acquisitions are too, exactly the conclusion.","Choice E is tempting because it mirrors the premises' terms, but reasoning about firms that lack a compatible culture does nothing to link the smooth cases to the best acquisitions, which is what the conclusion requires.",TRUE,TRUE,TRUE,TRUE,TRUE,pass,,,v1,current
AR_V1_B1_0011,AR_B1_BP_0011,13,LSAT_201_Source_Compilation_Keyed,0,1,validated_candidate,unpublished,production_factory_pass_not_human_validated,MC,1,MAIN_CONCLUSION_ID,PAT_LOCATE_MAIN_POINT,Identify the Main Conclusion,subway-map-omits,"Every subway map lays out the network's lines and stations. Yet any such map is bound to leave a great deal out. After all, the city it depicts is far more intricate than a single printed sheet, and there is simply no way a sheet of paper could capture every feature of something so much richer and more complicated than itself.",Which one of the following most accurately expresses the conclusion drawn in the argument?,Any subway map is bound to leave out a great deal of what the city contains.,The city depicted by a subway map is far more intricate than a single printed sheet.,No sheet of paper can capture every feature of something richer and more complicated than itself.,Every subway map lays out the network's lines and stations.,It is impossible for anything to represent completely something more complex than itself.,A,The claim being supported is that the map leaves a great deal out; the rest explains why.,Identify the claim the other statements are offered to support.,Any subway map is bound to leave out a great deal of what the city contains.,"The city is more intricate than a sheet, and no sheet can capture everything richer than itself.",,,main_conclusion|locate_claim,N/A_correct,premise_as_conclusion,general_premise,setup_premise,overbroad_restatement,N/A_correct,Role Failure,Role Failure,Role Failure,Scope Failure,"Choice A is the conclusion: the remaining statements, that the city is more intricate than a sheet and that no sheet can capture everything richer than itself, are given precisely to support it.","Choice B is tempting because it states a central point, but it functions as a premise, a reason the map must omit things, rather than the claim being argued for.","Choice C is tempting because it is the broadest statement, but it is the general principle offered in support; the conclusion applies it to the specific case of the map.","Choice D is tempting because it opens the argument, but it merely sets the scene; it is not what the argument sets out to establish.","Choice E is tempting because it resembles the reasoning's principle, but it overstates it into a universal claim the argument neither makes nor needs, and it is not the specific conclusion drawn about the map.",TRUE,TRUE,TRUE,TRUE,TRUE,pass,,,v1,current
AR_V1_B1_0012,AR_B1_BP_0012,30,LSAT_201_Source_Compilation_Keyed,0,1,validated_candidate,unpublished,production_factory_pass_not_human_validated,MC,2,MAIN_CONCLUSION_ID,PAT_LOCATE_MAIN_POINT,Identify the Main Conclusion,coop-rooftop-solar,"The housing co-op should commit to installing rooftop solar panels across its buildings. Solar has clear advantages over buying power from the grid: once the panels are up, the fuel is free; the panels themselves keep working for decades with little maintenance; and generating its own power would shield the co-op from rising utility rates. At present, though, the upfront cost keeps rooftop solar out of reach for many buildings.",Which one of the following most accurately expresses the main conclusion drawn in the argument?,Rooftop solar offers the co-op several advantages over buying power from the grid.,The housing co-op should install rooftop solar panels across its buildings.,"Once solar panels are installed, the fuel that powers them is free.",Generating its own power would shield the co-op from rising utility rates.,The upfront cost currently keeps rooftop solar out of reach for many buildings.,B,The point being argued is the recommendation to install rooftop solar; the advantages are its support and the cost is a concession.,Identify the recommendation the stated advantages are marshaled to support.,The housing co-op should install rooftop solar panels across its buildings.,"Free fuel after install, decades-long panel life, and protection from rising utility rates.",,,main_conclusion|recommendation,umbrella_premise,N/A_correct,single_premise,single_premise_2,concession_as_conclusion,Role Failure,N/A_correct,Role Failure,Role Failure,Direction Failure,"Choice A is tempting because it summarizes much of the passage, but it is the collected support for the recommendation, not the recommendation itself, which is what the conclusion states.","Choice B is the main conclusion: the advantages listed, free fuel, long panel life, and protection from rate hikes, are all offered as reasons to adopt this recommendation.","Choice C is tempting because it is a striking benefit, but it is one supporting reason among several, not the overall point the argument drives at.","Choice D is tempting as a compelling advantage, but like the other benefits it supports the recommendation rather than being the conclusion drawn.","Choice E is tempting because it is the passage's last sentence, but it is a concession running against the recommendation, so it cannot be the conclusion the argument supports.",TRUE,TRUE,TRUE,TRUE,TRUE,pass,,,v1,current
AR_V1_B1_0013,AR_B1_BP_0013,31,LSAT_201_Source_Compilation_Keyed,0,1,validated_candidate,unpublished,production_factory_pass_not_human_validated,MR,3,METHOD_OF_REASONING,PAT_DESCRIBE_ARG_MOVE,Describe the Argumentative Method,oldest-public-library,"Alvarez: The 1855 Athenaeum Hall is widely described as the town's oldest public library. That description is mistaken, since the Cedar Street reading room first opened its doors back in 1840, a full fifteen years earlier. Booker: But the earliest reading collections were private clubs open only to dues-paying members. The Cedar Street room was precisely one such members-only club, while Athenaeum Hall threw its doors open, free of charge, to the general public.",Which one of the following most accurately expresses the grounds on which Booker criticizes Alvarez's reasoning?,The term library can refer to a collection of books rather than to a building.,Alvarez uses the term public library to mean two different things.,The term public library does not properly apply to the members-only Cedar Street reading room.,There is not enough evidence that the Cedar Street reading room opened in 1840.,Nothing on record establishes that the town's very first reading collections were open to all comers without charge.,C,"Booker denies that the older Cedar Street room qualifies as a public library at all, so it cannot displace Athenaeum Hall as the oldest.",Describe the basis of Booker's objection to Alvarez's claim.,,,,,method|criticism_grounds|category_denial,wrong_ambiguity_axis,equivocation_mischarge,N/A_correct,attacks_date_not_category,overreads_earliest_claim,Role Failure,Role Failure,N/A_correct,Evidence Failure,Scope Failure,"Choice A is tempting because Booker does trade on what counts as the relevant kind of thing, but his objection turns on public versus members-only, not on collection versus building, so this misidentifies the distinction he draws.","Choice B is tempting because a term's meaning is at issue, but Booker does not accuse Alvarez of shifting the term's sense; he denies that one of Alvarez's examples fits the term at all.","Choice C captures Booker's grounds: by casting the Cedar Street room as a dues-only private club rather than a public library, Booker denies it counts as the kind of thing Alvarez's claim is about.","Choice D is tempting because dates are central, but Booker never disputes when the room opened; he disputes whether it was a public library, leaving the date untouched.","Choice E is tempting because Booker discusses the earliest collections, but his criticism is specifically that Cedar Street was members-only, not a general claim that no early collection was ever public.",TRUE,TRUE,TRUE,TRUE,TRUE,pass,,,v1,current
AR_V1_B1_0014,AR_B1_BP_0014,22,LSAT_201_Source_Compilation_Keyed,0,1,validated_candidate,unpublished,production_factory_pass_not_human_validated,MBT,2,MUST_BE_TRUE_CHAIN,PAT_FORCED_BY_FACTS,Must Be True from Combined Facts,acclaimed-bakery-staffing,"For a bakery to draw citywide acclaim, it must be well run. Every large bakery that is well run employs a full-time pastry chef, but many small bakeries that are well run employ only a visiting pastry chef a few days a week. Moreover, many large bakeries draw citywide acclaim and stay open seven days a week, while most small bakeries close on Mondays.","If the statements above are true, then which one of the following must also be true?",Most large bakeries are well run.,No large well-run bakery employs any visiting pastry chef in addition to its full-time one.,Some bakeries that draw citywide acclaim employ only a visiting pastry chef.,Some bakeries that stay open seven days a week employ a full-time pastry chef.,Most small bakeries draw citywide acclaim.,D,"Large acclaimed bakeries are well run and so have full-time chefs; many of them open seven days, so some seven-day bakeries have full-time chefs.",State what the combined facts force to be true.,Some bakeries that stay open seven days a week employ a full-time pastry chef.,,,,must_be_true|combine_facts,unestablished_most,too_strong_exclusion,crosses_unlinked_groups,N/A_correct,unsupported_most_small,Scope Failure,Scope Failure,Scope Failure,N/A_correct,Scope Failure,"Choice A is tempting because large well-run bakeries are discussed, but nothing says most large bakeries are well run; the facts run from acclaim to well-run, not from size to well-run.","Choice B is tempting because large well-run bakeries have a full-time chef, but employing a full-time chef does not rule out also using a visiting one, so this exclusion is not forced.","Choice C is tempting because acclaim and visiting chefs both appear, but the visiting-chef fact is about small well-run bakeries, and nothing says any acclaimed bakery is among those; the link is not made.","Choice D must be true: many large bakeries draw acclaim, so they are well run and employ full-time chefs, and many of these open seven days, so at least some seven-day bakeries have a full-time chef.","Choice E is tempting because small bakeries are discussed, but the passage says nothing about how many small bakeries draw acclaim, so this cannot be inferred.",TRUE,TRUE,TRUE,TRUE,TRUE,pass,,,v1,current
AR_V1_B1_0015,AR_B1_BP_0015,50,LSAT_201_Source_Compilation_Keyed,0,1,validated_candidate,unpublished,production_factory_pass_not_human_validated,MBT,2,MUST_BE_TRUE_CHAIN,PAT_FORCED_BY_FACTS,Must Be True from Combined Facts,greenhouse-controller,"Greenhouse manual: If the status lamp shows amber or green at a moment when all of the roof vents are shut, this indicates both that the irrigation system is working and that the soil moisture is above forty percent. Current reading: the status lamp is now amber, and a freshly calibrated probe shows the soil moisture to be only twenty-five percent.","If the manual is correct and the reading is accurate, which one of the following cannot be true?",At least one roof vent is open.,The irrigation system is working.,The irrigation system is not working.,The soil moisture is continuing to fall.,All of the roof vents are shut.,E,"If all vents were shut, the amber lamp would force moisture above forty percent; but moisture is twenty-five percent, so all vents shut is impossible.",State what the rule and readings jointly forbid.,It cannot be that all of the roof vents are shut.,,,,must_be_true|cannot_be_true|contrapositive,consistent_negation,can_still_hold,can_still_hold_2,unconstrained_dynamic,N/A_correct,Direction Failure,Scope Failure,Scope Failure,Scope Failure,N/A_correct,"Choice A is tempting because it concerns the vents, but this is exactly what must be true given the reading, not what cannot be, so it is the opposite of the answer.","Choice B is tempting because the rule mentions irrigation, but nothing forbids the irrigation from working on its own; the rule's guarantee is triggered only when all vents are shut, which is not the case here.","Choice C is tempting as the flip side, but this too is possible; with the vents not all shut, the rule says nothing either way about the irrigation, so it cannot be ruled out.","Choice D is tempting because moisture is central, but the rule and readings say nothing about whether moisture is changing, so a falling reading is entirely consistent with them.","Choice E cannot be true: with the lamp amber, all vents being shut would force soil moisture above forty percent by the rule, yet the probe reads twenty-five percent, a contradiction.",TRUE,TRUE,TRUE,TRUE,TRUE,pass,,,v1,current
AR_V1_B1_0016,AR_B1_BP_0016,68,LSAT_201_Source_Compilation_Keyed,0,1,validated_candidate,unpublished,production_factory_pass_not_human_validated,MBT,2,MUST_BE_TRUE_CHAIN,PAT_FORCED_BY_FACTS,Must Be True from Combined Facts,hedge-pruning,"Cutting back a hedge that is disease-free and at least three feet tall will not weaken it. Privet, boxwood, and yew hedges can all be shaped by such cutting. The hornbeam hedge, however, holds a crisp trimmed shape the longest of any hedge, because its leaves are unusually stiff.","If the statements above are true, which one of the following must also be true?",A hedge at least three feet tall that is weakened by being cut back is not disease-free.,The healthiest hedges are usually those that have grown the tallest.,A hedge that has been weakened will hold a trimmed shape poorly.,Cutting back a diseased hedge that is under three feet tall will weaken it.,"The hedges most often shaped by cutting are privet, boxwood, and yew.",A,"If cutting weakens a hedge that is at least three feet tall, then it was not both disease-free and tall, so, being tall, it was not disease-free.",State what the facts force to be true via contraposition.,A hedge at least three feet tall that is weakened by being cut back is not disease-free.,,,,must_be_true|contrapositive,N/A_correct,height_health_correlation,imports_shape_link,affirms_from_negation,most_common_unsupported,N/A_correct,Scope Failure,Scope Failure,Direction Failure,Scope Failure,"Choice A must be true: cutting cannot weaken a hedge that is both disease-free and at least three feet tall, so a tall hedge that cutting does weaken must fail the other condition, it is not disease-free.","Choice B is tempting because height and health both appear, but the passage never links being tall to being healthy; it only gives a rule about what cutting does under both conditions.","Choice C is tempting because holding a shape is discussed, but that concerns hornbeam's stiff leaves; nothing ties being weakened to holding a shape, so this is not forced.","Choice D is tempting because it flips the conditions, but the rule only says what happens when both conditions hold; it does not tell us what cutting does when they fail, so this cannot be concluded.","Choice E is tempting because those three are named as shapeable, but can be shaped does not establish that they are the ones most often shaped, so this goes beyond the facts.",TRUE,TRUE,TRUE,TRUE,TRUE,pass,,,v1,current
AR_V1_B1_0017,AR_B1_BP_0017,18,LSAT_201_Source_Compilation_Keyed,0,1,validated_candidate,unpublished,production_factory_pass_not_human_validated,PA,4,PARALLEL_REASONING_FORM,PAT_MATCH_VALID_FORM,Match the Abstract Valid Form,ferry-bell-form,"Every time the harbor ferry departs, the old signal bell rings. Now and then the ferry departs at just the moment when Mara happens to be painting out on the pier. So the signal bell must sometimes ring while Mara is painting on the pier.",The pattern of reasoning in which one of the following arguments is most similar to that in the argument above?,"Any certified diver can read a decompression table. So a handful of certified divers surely dive without a computer, given that some who can read a table dive without a computer.",Most certified divers can read a decompression table. But some certified divers prefer to dive without a computer. So some who prefer no computer can read a table.,Any certified diver can read a decompression table. But a few certified divers prefer to dive without a computer. So some people who can read a decompression table prefer to dive without a computer.,At least some certified divers can read a decompression table. And there are certified divers who prefer no computer. So some who prefer no computer can read a table.,Any certified diver can read a decompression table. But some certified divers occasionally prefer no computer. So anyone who can read a table occasionally prefers no computer.,C,The form is: all A are B; some C coincide with A; therefore some C coincide with B.,Match the abstract logical form of the argument.,The signal bell must sometimes ring while Mara is painting on the pier.,,,,parallel|valid_form|some_all,premise_conclusion_swap,most_for_all,N/A_correct,some_plus_some,some_to_all_overreach,Parallel Failure,Parallel Failure,N/A_correct,Parallel Failure,Parallel Failure,"Choice A is tempting because it uses the same pieces, but it runs the inference backward, deriving the some-divers claim from a some-table-readers claim, so its form does not match the passage's.","Choice B is tempting and nearly parallel, but it opens with most rather than the universal the passage uses, so it does not share the argument's form.","Choice C matches the form exactly: a universal (any certified diver can read a table), a some overlap (a few such divers prefer no computer), yielding a some conclusion joining the two predicates, just as the passage moves from every departure rings the bell and the ferry sometimes departs while Mara paints to the bell sometimes rings while she paints.","Choice D is tempting because the conclusion looks right, but it starts from two some claims rather than a universal, an invalid pattern unlike the passage's valid one.","Choice E is tempting because it begins with the same universal, but it overshoots to an anyone conclusion, whereas the passage draws only a sometimes conclusion.",TRUE,TRUE,TRUE,TRUE,TRUE,pass,,,v1,current
AR_V1_B1_0018,AR_B1_BP_0018,45,LSAT_201_Source_Compilation_Keyed,0,1,validated_candidate,unpublished,production_factory_pass_not_human_validated,PA,5,PARALLEL_REASONING_FORM,PAT_MATCH_VALID_FORM,Match the Abstract Valid Form,shade-tree-poplar,"If you are planting a tree for shade, you need a fast-growing species. And anyone who needs a fast-growing species will want whichever variety reaches its full height the soonest. So if you are planting a tree for shade, you will want to plant a hybrid poplar.",The questionable pattern of reasoning in which one of the following arguments is most similar to that in the argument above?,"Trainer: You should switch routines if your progress has stalled. And anyone whose routine no longer challenges the muscles should switch routines. So if your progress has stalled, you should take up kettlebell training.","Trainer: If you are switching routines, you should look for one that challenges you. Anyone who takes up kettlebell training will be challenged. So if you are switching routines, you should consider kettlebell training.","Trainer: You need not switch routines if you are still making progress. Everyone who switches routines should consider kettlebell training. So if you are still making progress, you should not consider kettlebell training.","Trainer: Everyone who switches routines should seek the one that builds strength fastest. If your progress has stalled, you should switch routines. Thus if you switch routines, you should take up kettlebell training.","Trainer: You should switch routines if your progress has stalled. Everyone who switches routines should choose the one that builds strength fastest. So if your progress has stalled, you should take up kettlebell training.",E,"The form chains a conditional and a want-the-best premise, then leaps to a specific named option as though it were established to be the best.",Match the abstract flawed form of the argument.,"If you are planting a tree for shade, you will want to plant a hybrid poplar.",,,,parallel_flaw|substitution|named_option,mismatched_middle_condition,valid_affirming_form,negation_based_chain,conclusion_antecedent_mismatch,N/A_correct,Parallel Failure,Parallel Failure,Parallel Failure,Parallel Failure,N/A_correct,"Choice A is tempting because it ends the same way, but its second premise gives a different sufficient condition for switching rather than chaining switch to a most-effective choice, so the flawed form differs.","Choice B is tempting because kettlebells reappear, but the conclusion only says to consider an option that meets the aim, a defensible step, rather than leaping to a single named best, so it lacks the passage's questionable move.","Choice C is tempting because the same terms recur, but it reasons from a negated condition to a should-not conclusion, a different structure from the passage's forward chain that smuggles in a specific option.","Choice D is tempting because it uses the same premises, but its conclusion is conditioned on if you switch rather than on the original if stalled, so the form does not line up with the passage's.","Choice E matches the questionable form: a conditional (if stalled, switch), a general aim (switchers should choose the fastest strength-builder), and then a leap to one named option (take up kettlebell training) as though it were established to be that fastest builder, exactly the passage's slide from the fastest-growing variety to a particular product.",TRUE,TRUE,TRUE,TRUE,TRUE,pass,,,v1,current
AR_V1_B1_0019,AR_B1_BP_0019,37,LSAT_201_Source_Compilation_Keyed,0,1,validated_candidate,unpublished,production_factory_pass_not_human_validated,EV,3,EVALUATE_KEY_UNCERTAINTY,PAT_PIVOTAL_QUESTION,Evaluate the Pivotal Uncertainty,brightsleep-arrhythmia,"Brightsleep is a supplement taken almost exclusively by night-shift workers to help them stay alert on the job. Researchers recently found that heart arrhythmias occur noticeably more frequently among people who take Brightsleep than among the general population of the same age group. On this basis, several cardiologists proposed that taking Brightsleep itself raises a person's risk of developing an arrhythmia.",Which one of the following would be most useful to know in order to assess the support for the cardiologists' hypothesis?,whether any other supplement helps night-shift workers stay alert as effectively as Brightsleep does,whether arrhythmias are as frequent among night-shift workers who do not take Brightsleep as among those who do,whether the count of Brightsleep users climbed steeply in the weeks before the arrhythmia finding,whether arrhythmias have become more common in the general population in recent years,whether some people take Brightsleep for reasons unrelated to working night shifts,B,"Because Brightsleep users are almost all night-shift workers, we need to know whether shift work alone, absent the supplement, raises arrhythmia rates.","Identify the pivotal uncertainty, whether the shared condition rather than the supplement explains the higher rate.",Taking Brightsleep raises arrhythmia risk.,Arrhythmias are more common among Brightsleep users than the general population.,"The users nearly all share another factor, night-shift work, that could itself drive arrhythmias.",,evaluate|confound|pivotal_question,irrelevant_alternative_product,N/A_correct,timing_irrelevant,partial_baseline_shift,edge_case_users,Scope Failure,N/A_correct,Scope Failure,Scope Failure,Scope Failure,"Choice A is tempting because it concerns Brightsleep, but whether rival supplements work says nothing about whether Brightsleep itself raises arrhythmia risk, so it does not help test the hypothesis.","Choice B is pivotal: since Brightsleep users are almost all shift workers, comparing them with shift workers who abstain isolates the supplement from the shift-work confound; if the rates match, the supplement is not implicated.","Choice C is tempting because it sounds investigative, but a change in how many people take the supplement does not bear on whether taking it causes arrhythmias in those who do.","Choice D is tempting because it touches arrhythmia rates, but a general trend would not distinguish the supplement's effect from the shift-work factor shared by nearly all its users.","Choice E is tempting because it probes the user population, but a few atypical users do not tell us whether the supplement, rather than shift work, drives the arrhythmias observed.",TRUE,TRUE,TRUE,TRUE,TRUE,pass,,,v1,current
AR_V1_B1_0020,AR_B1_BP_0020,3,LSAT_201_Source_Compilation_Keyed,0,1,validated_candidate,unpublished,production_factory_pass_not_human_validated,PI,2,POINT_AT_ISSUE,PAT_LOCATE_DISPUTED_CLAIM,Point at Issue,museum-exhibit-catalog,"Curator: Our new exhibit of antique maps is filed in the catalog under Cartography, but it belongs instead under Trade History. Every piece in it is indeed a map, yet we present these maps purely as evidence about the trade routes of past centuries, not as examples of the mapmaker's craft. Director: The exhibit is filed exactly as it should be. Every object in it is, after all, a map.",The dialogue provides the most support for the claim that the curator and the director disagree over whether,every object in the new exhibit is a map,an exhibit may be filed under two different catalog headings at once,the director has the authority to decide how the exhibit is cataloged,"the way an exhibit's objects are presented, rather than simply what those objects are, should determine how the exhibit is cataloged",the antique maps in the exhibit have significant historical value,D,"Both accept the items are maps; they split over whether how the items are used should govern the filing, or only what the items are.",Identify the claim the two speakers dispute.,,,,,point_at_issue|disputed_claim,point_of_agreement,unraised_possibility,authority_not_disputed,N/A_correct,irrelevant_agreement,Role Failure,Scope Failure,Role Failure,N/A_correct,Scope Failure,"Choice A is tempting because it is central, but both speakers accept it; the curator grants that every piece is a map, so it is common ground, not a point of disagreement.","Choice B is tempting because two headings are named, but neither speaker takes a stand on dual filing, so the dialogue gives no basis for a disagreement about it.","Choice C is tempting because the director issues a ruling, but who has the power to file the exhibit is never contested; the dispute is about what should govern the filing.","Choice D is the point at issue: the curator says the maps' use as trade-route evidence should govern the filing, while the director rests entirely on what the objects are, so they disagree on exactly this.","Choice E is tempting because history is mentioned, but nothing suggests the speakers differ on the maps' historical value; their split is over the basis for cataloging.",TRUE,TRUE,TRUE,TRUE,TRUE,pass,,,v1,current
AR_V1_B2_0001,AR_B2_BP_0001,90,LSAT_201_Source_Compilation_Keyed,0,1,validated_candidate,unpublished,production_factory_pass_not_human_validated,ST,3,STRENGTHEN_CLOSE_SUPPORT_GAP,PAT_ADD_MISSING_LINK,Strengthen by Adding a Missing Link,mountaineering-club-summit-reports,Chronicler: Anyone writing a history of a mountaineering club's expeditions has to work from the written summit reports the club keeps on file. But climbers tend to file a detailed report far more often after an expedition that reaches the peak than after one that turns back partway. So it is reasonable to conclude that such histories overstate how frequently the club's past expeditions actually got to the top.,"Which one of the following, if true, would most strengthen the chronicler's argument?","The club routinely throws out the brief notes left after expeditions that turn back, while carefully archiving the write-ups of those that summit.",Just why a given expedition chose to turn back is usually impossible to reconstruct from whatever notes about it survive.,"The club keeps a separate one-line outcome log that notes the result of every expedition, whether it reached the peak or not.",Historians of mountaineering often read the older reports through the lens of present-day assumptions about climbing ethics.,The climbers who compose the most vivid summit reports are generally those with the most years of experience.,A,The overstatement follows only if failed attempts really do drop out of the record more than successes; a fact widening that gap strengthens it.,Add a consideration that makes the underrepresentation of failed expeditions translate into an overstated success rate.,Club histories overstate how frequently past expeditions reached the top.,Detailed reports are filed more often after successful climbs than after ones that turn back.,The record could still be balanced if failed-attempt reports were preserved as reliably as successful ones.,,strengthen|missing_link|selection_effect,N/A_correct,poor_case_unreadable,complete_record_reversal,modern_lens_bias,author_experience_irrelevant,N/A_correct,Scope Failure,Direction Failure,Scope Failure,Scope Failure,"Choice A supplies the missing link: if failed-attempt records are discarded while successes are archived, the surviving file is skewed toward summits, so a history drawn from it does overstate the success rate.","Choice B is tempting because it concerns failed expeditions and the record, but not being able to explain why a climb was abandoned does nothing to show the history overstates how often climbs succeeded.","Choice C is tempting because it bears on the record's completeness, but a log capturing every outcome would let a careful historian avoid the overstatement, so it cuts against the conclusion rather than for it.","Choice D is tempting because it names a way histories can go wrong, but a bias about ethics is unrelated to whether the success rate is overstated, which turns on which expeditions get recorded.","Choice E is tempting because it discusses who writes the reports, but the vividness or authorship of summit write-ups has no bearing on whether failures are underrepresented and successes overstated.",TRUE,TRUE,TRUE,TRUE,TRUE,pass,,,v1,current
AR_V1_B2_0002,AR_B2_BP_0002,13,LSAT_201_Source_Compilation_Keyed,0,1,validated_candidate,unpublished,production_factory_pass_not_human_validated,ST,3,STRENGTHEN_CLOSE_SUPPORT_GAP,PAT_ADD_MISSING_LINK,Strengthen by Adding a Missing Link,study-coach-conscious-beliefs,Study coach: A revision method that reshapes the beliefs a student is able to examine deliberately is likely to raise exam scores more than methods aimed at study habits the student cannot consciously inspect. That is because only beliefs a student can hold up for deliberate scrutiny can be corrected by the student on purpose. A belief that stays hidden from view cannot be deliberately revised by the student at all.,"Which one of the following, if true, would most strengthen the study coach's argument?","Many exam mistakes grow out of study habits a student cannot consciously inspect, habits that a well-designed method could still correct.",Scarcely any revision method raises a student's scores unless it engages beliefs the student can bring under deliberate scrutiny.,The deliberate-belief method is the only widely used technique built specifically around beliefs a student can examine.,No method aimed at un-inspectable habits can raise scores unless it also expands the student's factual knowledge.,Students who can put their study beliefs into words tend to enjoy revising more than students who cannot.,B,The comparison holds only if deliberate correctability is what makes a method work; a fact tying effectiveness to that capacity strengthens it.,Add a consideration affirming that being open to deliberate correction is what makes a revision method effective.,Reshaping deliberately examinable beliefs raises scores more than targeting un-inspectable habits.,Only deliberately examinable beliefs can be corrected by the student on purpose.,Nothing yet says that deliberate correctability is what makes a method effective at all.,,strengthen|missing_link|affirm_mechanism,weakens_by_rival,N/A_correct,uniqueness_scope,off_axis_condition,enjoyment_irrelevant,Direction Failure,N/A_correct,Scope Failure,Scope Failure,Scope Failure,"Choice A is tempting because it links un-inspectable habits to results, but it implies methods aimed at those habits could work well too, which undercuts the coach's ranking rather than strengthening it.","Choice B strengthens the argument: it ties effectiveness itself to the capacity for deliberate scrutiny, so a method built on that capacity gains just the advantage the coach claims over methods that lack it.","Choice C is tempting because it concerns the method, but being the only such technique says nothing about whether it works better; it leaves the effectiveness comparison unsupported.","Choice D is tempting because it sets a condition on the rival methods, but it makes their success turn on factual knowledge, an axis irrelevant to the deliberate-correction mechanism the coach relies on.","Choice E is tempting because it mentions examinable beliefs, but enjoyment of revising is not exam effectiveness, so it does nothing to support the coach's claim about which method raises scores.",TRUE,TRUE,TRUE,TRUE,TRUE,pass,,,v1,current
AR_V1_B2_0003,AR_B2_BP_0003,76,LSAT_201_Source_Compilation_Keyed,0,1,validated_candidate,unpublished,production_factory_pass_not_human_validated,WK,3,WEAKEN_ATTACK_KEY_LINK,PAT_BREAK_INFERENCE_LINK,Weaken by Breaking the Link,reusable-mold-vs-cost-objection,"Delgado: Many workshops that cast metal parts in disposable sand molds could switch to reusable ceramic molds instead. Ceramic molds give a cleaner surface and waste far less metal, and some parts come out with fewer flaws. So workshops should adopt ceramic molds for many parts now cast in sand. Ruiz: A ceramic mold costs many times what a sand mold costs, so ceramic molds are simply not practical for a working shop.","Which one of the following, if true, is the strongest counter Delgado could make to Ruiz's objection?",The price of a mold is only one of the many costs a workshop faces in casting a part.,Recently developed finishing steps can remove small casting flaws from parts made in sand molds.,"A single ceramic mold can be used to cast hundreds of parts, whereas each sand mold is destroyed after a single casting.",Workshops have historically been quick to adopt any technique that speeds up casting.,"For the sake of their reputation, some shops will use a cleaner process even when it costs a little more.",C,Ruiz assumes the high price per mold settles practicality; showing a ceramic mold serves many casts spreads that cost and defeats the objection.,Add a consideration on which the per-mold price gap does not make ceramic molds impractical overall.,Workshops should adopt ceramic molds for many parts now cast in sand.,"Ceramic molds give a cleaner surface, waste less metal, and yield fewer flaws.",A high price per mold need not mean high cost per part if one mold is used repeatedly.,,weaken|counter_objection|per_unit_cost,vague_other_costs,concedes_advantage,N/A_correct,disposition_irrelevant,willingness_not_practicality,Scope Failure,Direction Failure,N/A_correct,Scope Failure,Scope Failure,"Choice A is tempting because it minimizes the mold's price, but merely noting that other costs exist does not show the ceramic price gap is affordable; it leaves Ruiz's objection standing.","Choice B is tempting because it concerns flaws, but it erodes one of ceramic's own advantages and says nothing about cost, so it cannot answer the objection that ceramic is too expensive.","Choice C answers the objection: if one ceramic mold replaces hundreds of single-use sand molds, its higher price is spread across many parts, so the cost per part need not be high and the impracticality charge fails.","Choice D is tempting because it suggests workshops would welcome ceramic, but a general eagerness to adopt fast techniques does not address whether the price gap makes ceramic impractical.","Choice E is tempting because it grants ceramic might be chosen despite cost, but willingness to absorb a slightly higher cost does not rebut the claim that the mold is many times as expensive and thus impractical.",TRUE,TRUE,TRUE,TRUE,TRUE,pass,,,v1,current
AR_V1_B2_0004,AR_B2_BP_0004,15,LSAT_201_Source_Compilation_Keyed,0,1,validated_candidate,unpublished,production_factory_pass_not_human_validated,WK,3,WEAKEN_ALTERNATIVE_CAUSE,PAT_RIVAL_CAUSE_INTRODUCED,Weaken by Rival Cause,tutoring-duration-survey,"A parenting magazine polled families who had hired a tutor for a struggling child. Among those whose child was tutored for a single term or less, thirty percent said the tutoring helped a great deal. Among those whose child was tutored for longer than a single term, fifty-five percent said it helped a great deal. The magazine concluded that tutoring that runs beyond one term is more effective than shorter stints.","Which one of the following, if true, most seriously weakens the argument?","Among families whose child was tutored longer than a term, eight percent said the tutoring made things worse.",Families who paid for longer tutoring spent considerably more money on it overall.,Tutors who work with a child for more than a term tend to hold more advanced teaching credentials.,"Families tend to keep paying for tutoring past one term only when they can already see the child improving, and to stop otherwise.",The families who responded to the poll were a small fraction of all those the magazine contacted.,D,"If families keep paying for tutoring mainly when it is already working, the longer group is pre-selected for success, so duration need not be the cause.",Add a consideration on which a factor other than greater effectiveness explains why the long-tutoring group reports more benefit.,Tutoring that runs beyond one term is more effective than shorter tutoring.,A larger share of the long-tutoring group than of the short-tutoring group said it helped a great deal.,The long group may consist largely of families who continued because the tutoring was already helping.,,weaken|rival_cause|self_selection,minor_countertrend,cost_not_cause,wrong_confound_direction,N/A_correct,generic_response_rate,Scope Failure,Scope Failure,Direction Failure,N/A_correct,Scope Failure,"Choice A is tempting because it introduces a negative figure for the long group, but a small share reporting harm does not explain away that group's much higher rate of great benefit, so the inference stands.","Choice B is tempting because it distinguishes the two groups, but how much a family spent does not bear on whether the longer tutoring, rather than some selection effect, produced the reported benefit.","Choice C is tempting because it offers a difference between the groups, but better-credentialed tutors would if anything support the idea that longer tutoring helps more, so it does not weaken the conclusion.","Choice D weakens the argument: if families continue past a term mainly when improvement is already visible, the long-tutoring group is stocked with successes from the start, so its higher benefit rate reflects selection, not the extra duration.","Choice E is tempting because low response can threaten surveys, but a small overall response rate does not explain the gap between the two tutoring groups, so it leaves the comparison intact.",TRUE,TRUE,TRUE,TRUE,TRUE,pass,,,v1,current
AR_V1_B2_0005,AR_B2_BP_0005,21,LSAT_201_Source_Compilation_Keyed,0,1,validated_candidate,unpublished,production_factory_pass_not_human_validated,WK,3,WEAKEN_ALTERNATIVE_CAUSE,PAT_RIVAL_CAUSE_INTRODUCED,Weaken by Rival Cause,farmed-fish-feed-ethics,"Advocate: On average, farmed salmon must be fed about four pounds of smaller wild-caught fish to yield a single pound of salmon. Those four pounds of wild fish could nourish far more people directly than the one pound of salmon they become. With wild fish stocks shrinking and the human population climbing, we must accept that eating farmed salmon will soon be indefensible.","Which one of the following, if true, would most weaken the advocate's argument?","Even though a plant-based diet can be perfectly healthy, many people simply prefer fish and will pay well for it.",A grain-based diet rounded out with certain plant proteins can match the nourishment of a diet that includes salmon.,Wild fish stocks are shrinking faster in some regions than the advocate's figures suggest.,"Prime coastal waters are being lost to development, though communities could slow this by settling farther inland.","The small wild fish used to feed farmed salmon are bony, oily species that people will not eat and that are caught for no other purpose.",E,"The argument assumes the feed fish would otherwise feed people; if the feed comes from fish people will not eat, the diversion premise collapses.",Add a consideration on which salmon farming need not divert food away from people.,Eating farmed salmon will soon be indefensible.,Four pounds of edible wild fish are consumed to yield one pound of salmon while people go hungry.,"The feed fish may be species people will not eat, so raising salmon takes no food from anyone.",,weaken|rival_scenario|premise_undercut,preference_not_defense,strengthens_alternative,strengthens_premise,irrelevant_remedy,N/A_correct,Scope Failure,Direction Failure,Direction Failure,Scope Failure,N/A_correct,"Choice A is tempting because it pushes back on giving up fish, but a preference for eating fish does not address the charge that farming salmon squanders food others could eat, so it does not weaken the reasoning.","Choice B is tempting because it concerns nourishment, but showing that people could do without salmon reinforces the advocate's case, so it works against the aim of weakening the argument.","Choice C is tempting because it engages the stock-decline premise, but faster decline only sharpens the advocate's worry, so it strengthens rather than weakens the conclusion.","Choice D is tempting because it echoes the land-and-population theme, but where people settle has no bearing on whether feeding wild fish to salmon wastes human food, so it leaves the argument untouched.","Choice E weakens the argument: if the feed fish are species no one would eat, then raising salmon diverts no food from people, so the central premise, that the feed could nourish people directly, fails.",TRUE,TRUE,TRUE,TRUE,TRUE,pass,,,v1,current
AR_V1_B2_0006,AR_B2_BP_0006,86,LSAT_201_Source_Compilation_Keyed,0,1,validated_candidate,unpublished,production_factory_pass_not_human_validated,NA,3,NECESSARY_ASSUMPTION_BRIDGE,PAT_REQUIRED_CONNECTOR,Necessary Assumption Bridge,neighborhood-quiet-hours-pact,"A voluntary quiet-hours pact accomplishes nothing unless most of the households it covers keep to it of their own accord. So there can be no effective neighborhood-wide quiet-hours pact for the district around the stadium, because few households near a busy stadium would willingly agree to silence their own game-night gatherings.",Which one of the following is an assumption required by the argument?,Some of the households whose willing cooperation an effective pact would need are among those unwilling to quiet their game-night gatherings.,An effective quiet-hours pact for the district would call for changes to the city's noise ordinances.,"If most stadium-area households were willing to observe quiet hours, an effective pact for the district would be possible.","The disturbance around the stadium affects the whole district, though it is produced by relatively few households.",Most current noise rules near the stadium do not ask households to give up their own gatherings.,A,The conclusion needs the households' unwillingness to bear on the pact; it must assume an effective pact would require those very households to give up their gatherings.,State the link on which willingly silencing game-night gatherings is part of complying with the pact.,No effective neighborhood-wide quiet-hours pact is possible for the stadium district.,Few stadium-area households would willingly quiet their game-night gatherings.,Their reluctance matters only if an effective pact would demand that those households comply.,,necessary_assumption|bridge|required_link,N/A_correct,extra_mechanism,converse_sufficiency,source_of_problem,status_quo_irrelevant,N/A_correct,Scope Failure,Direction Failure,Scope Failure,Scope Failure,"Choice A is required: the argument moves from those households' unwillingness to the pact's failure, which follows only if an effective pact would actually need cooperation from some of the very households that will not comply.","Choice B is tempting because it concerns what a pact would involve, but the argument turns on willing household compliance, not on legal changes, so it is not something the reasoning must assume.","Choice C is tempting because it pairs willingness with an effective pact, but it asserts a sufficient condition the argument never needs; the argument requires only that unwilling households would have to comply.","Choice D is tempting because it fits the setting, but who produces the noise is beside the point; the argument needs a link about whose willing compliance an effective pact would require.","Choice E is tempting because it mentions gatherings and rules, but what existing rules ask has no bearing on whether an effective voluntary pact would require the reluctant households' cooperation.",TRUE,TRUE,TRUE,TRUE,TRUE,pass,,,v1,current
AR_V1_B2_0007,AR_B2_BP_0007,11,LSAT_201_Source_Compilation_Keyed,0,1,validated_candidate,unpublished,production_factory_pass_not_human_validated,NA,3,NECESSARY_ASSUMPTION_BRIDGE,PAT_REQUIRED_CONNECTOR,Necessary Assumption Bridge,archived-cloth-dye-comparison,"Threads recently taken from ceremonial cloths sealed away in a temple vault around 1700 hold only about half as much of a certain plant dye as threads taken from cloths woven by the same community today. Because the dye a thread takes up during weaving comes entirely from the dye-plants grown that year, this shows that those dye-plants yield far more of the pigment now than they did three centuries ago.",The argument depends on assuming that,The community grew the same dye-plant species around 1700 as it grows for its cloths today.,The amount of the dye held in the old threads did not diminish appreciably during their long storage in the vault.,The pigment in the dye-plants is essential to the plants' own healthy growth.,The ceremonial cloths sealed in the vault around 1700 were not yet fully woven when they were stored.,The community today weaves a greater number of ceremonial cloths each year than it did around 1700.,B,The lower reading in old threads is pinned on weaker past plants only if centuries of storage did not themselves drain the dye.,"State the assumption ruling out that storage, rather than lower past yield, explains the old threads' lower dye.",The dye-plants yield far more pigment now than they did three centuries ago.,Threads from around 1700 hold half the dye of threads woven today.,"The old threads' lower dye might come from fading in storage, not from weaker past plants.",,necessary_assumption|causal|rule_out_confound,plausible_but_not_required,N/A_correct,plant_biology_irrelevant,wrong_confound,volume_irrelevant,Scope Failure,N/A_correct,Scope Failure,Scope Failure,Scope Failure,"Choice A is tempting because it concerns the dye-plants across time, but the argument is about how much pigment the plants yield, and it can compare yields even if the species differ somewhat, so this is not required.","Choice B is required: the argument reads the old threads' lower dye as a sign of weaker past plants, which follows only if storage did not itself drain the dye; were fading in the vault possible, the low reading would prove nothing about past yield.","Choice C is tempting because it discusses the pigment, but what role the pigment plays in the plant's growth has nothing to do with comparing how much of it the plants yielded then versus now.","Choice D is tempting because it raises a doubt about the old cloths, but whether they were finished does not bear on the dye comparison the way the storage-fading assumption does, and the argument does not require it.","Choice E is tempting because it contrasts then and now, but how many cloths are woven says nothing about the pigment yield per plant, so it is not an assumption the argument needs.",TRUE,TRUE,TRUE,TRUE,TRUE,pass,,,v1,current
AR_V1_B2_0008,AR_B2_BP_0008,17,LSAT_201_Source_Compilation_Keyed,0,1,validated_candidate,unpublished,production_factory_pass_not_human_validated,NA,3,NECESSARY_ASSUMPTION_BRIDGE,PAT_REQUIRED_CONNECTOR,Necessary Assumption Bridge,freestanding-bookcase-balance,"To keep a tall freestanding bookcase from tipping over, you must shelve roughly the same weight on its left half as on its right. Balanced loading, after all, is what holds such a case upright, since the two halves have to bear equal weight for the case to remain in steady vertical balance. A case carrying far more weight on one side leans steadily toward that side.",Which one of the following is an assumption required by the argument?,Shelving equal weight on the two halves is by itself enough to keep any bookcase from tipping over.,"As long as its two halves carry equal weight, a bookcase will stay upright no matter how tall it is grown.",Shelving noticeably unequal weight on the two halves tends to leave the case's loading unbalanced.,"If the two halves of a bookcase are loaded unequally, the case is certain to topple before long.",Most freestanding bookcases sold today are shipped with their shelves already unevenly loaded.,C,The move from load-equally to balance-is-needed works only if loading the halves unequally would in fact leave the case unbalanced.,State the link on which shelving unequal weight would produce the unbalanced loading the argument warns against.,You must shelve roughly equal weight on the two halves to keep the case from tipping.,Balanced loading keeps the case upright; the halves must bear equal weight for steady balance.,"Unless unequal loading yields unbalanced weight, the demand for equal shelving does not follow.",,necessary_assumption|bridge|balance,sufficiency_overreach,whole_goal_sufficiency,N/A_correct,stronger_consequence,status_quo_irrelevant,Direction Failure,Direction Failure,N/A_correct,Scope Failure,Scope Failure,"Choice A is tempting because it links equal loading to staying upright, but it asserts that equal loading is sufficient, whereas the argument needs only that unequal loading causes imbalance, so this overshoots what is required.","Choice B is tempting because it ties equal weight to staying upright, but like the previous choice it claims sufficiency for the whole goal; the argument requires the opposite direction, that unequal loading unbalances the case.","Choice C is required: the argument concludes you must load equally because balance is needed, which follows only if loading unequally would in fact unbalance the case; deny this and unequal shelving could still leave the case balanced.","Choice D is tempting because it concerns unequal loading, but it asserts a guaranteed collapse the argument never needs; the reasoning requires only that unequal loading unbalances the case, not that it certainly topples it.","Choice E is tempting because it mentions uneven loading, but how bookcases happen to arrive from the store has no bearing on the link the argument needs between unequal loading and imbalance.",TRUE,TRUE,TRUE,TRUE,TRUE,pass,,,v1,current
AR_V1_B2_0009,AR_B2_BP_0009,88,LSAT_201_Source_Compilation_Keyed,0,1,validated_candidate,unpublished,production_factory_pass_not_human_validated,SA,3,SUFFICIENT_ASSUMPTION_CONDITIONAL_BRIDGE,PAT_GAP_CLOSING_CONDITIONAL,Sufficient Assumption Conditional Bridge,garden-coop-water-allotment,"If the community garden keeps within this season's water allotment, it will end up overrunning next season's. Rebuilding the failing main irrigation line next season would push the garden past next season's sharply reduced allotment, and the garden will have to rebuild that line next season unless it rebuilds it this season, because the pipe is deteriorating fast. There is no way to put the repair off past next season once this season has passed.",The conclusion of the argument follows logically if which one of the following is assumed?,The garden will in fact keep within this season's water allotment.,This season's water allotment is smaller than next season's allotment.,The garden will not rebuild the irrigation line next season.,"If the garden rebuilds the irrigation line this season, it will overrun this season's allotment.","If the garden does not rebuild the line this season, it will keep within this season's allotment.",D,"To reach the conclusion, staying within this season must force no-rebuild-this-season, which then forces a rebuild next season and the overrun; that link is that rebuilding this season would itself overrun this season.",Supply the link on which keeping within this season's allotment rules out rebuilding the line this season.,"If the garden keeps within this season's allotment, it will overrun next season's.",Rebuilding next season overruns next season; not rebuilding this season forces a rebuild next season.,Nothing yet rules out the garden's rebuilding this season while still keeping within this season's allotment.,,sufficient_assumption|conditional_chain,asserts_antecedent,irrelevant_comparison,contradicts_chain,N/A_correct,converse_link,Role Failure,Scope Failure,Direction Failure,N/A_correct,Direction Failure,"Choice A is tempting because it echoes the conclusion's condition, but asserting that the garden stays within this season's allotment does not supply the link needed to derive next season's overrun; it merely restates a premise's setting.","Choice B is tempting because it compares the two allotments, but the size relation between them does nothing to connect staying within this season to a rebuild this season, so the chain remains broken.","Choice C is tempting because it mentions rebuilding next season, but denying that rebuild cuts against the very step that produces the overrun, so it cannot be the assumption that makes the conclusion follow.","Choice D makes the conclusion follow: it means keeping within this season's allotment requires not rebuilding this season, which then forces a rebuild next season and thus the overrun of next season's allotment, completing the chain.","Choice E is tempting because it joins not-rebuilding to staying within budget, but it states the converse of the needed link and so does not let the argument move from staying within this season to not rebuilding this season.",TRUE,TRUE,TRUE,TRUE,TRUE,pass,,,v1,current
AR_V1_B2_0010,AR_B2_BP_0010,97,LSAT_201_Source_Compilation_Keyed,0,1,validated_candidate,unpublished,production_factory_pass_not_human_validated,SA,4,SUFFICIENT_ASSUMPTION_CONDITIONAL_BRIDGE,PAT_GAP_CLOSING_CONDITIONAL,Sufficient Assumption Conditional Bridge,documentary-narration-absorption,"A skillful documentary narration never reminds viewers that they are listening to a scripted voice-over. Reminding them of that would make it harder for them to lose themselves in the events unfolding on screen, and a skillful narration never diminishes how fully viewers are absorbed in the film. Any lapse that breaks the spell of the unfolding story counts as just such a reminder, and skillful narrators take care to avoid it.",The conclusion follows logically if which one of the following is assumed?,Viewers will be fully absorbed in a documentary only if every part of its narration is skillful.,"As long as a narration never reminds viewers that it is scripted, it will not diminish their absorption.","If a narration deepens viewers' absorption in the events on screen, the documentary is better as a whole for it.",A skillful narration actively heightens the degree to which viewers are absorbed in the film.,Any narration that makes it harder for viewers to lose themselves in the events on screen thereby diminishes their absorption in the film.,E,"To reach the conclusion, reminding viewers must lead to diminished absorption; the missing link is that anything making it harder to lose themselves diminishes absorption.",Supply the link on which making it harder for viewers to lose themselves diminishes their absorption.,A skillful narration never reminds viewers that they are listening to a scripted voice-over.,Reminding viewers makes it harder to lose themselves; skillful narration never diminishes absorption.,Nothing yet says that making it harder to lose themselves actually diminishes absorption.,,sufficient_assumption|conditional_bridge,overstrong_universal,converse_conditional,enhancement_irrelevant,wrong_strength_direction,N/A_correct,Scope Failure,Direction Failure,Scope Failure,Direction Failure,N/A_correct,"Choice A is tempting because it links skill and absorption, but it makes full absorption depend on uniformly skillful narration, a stronger and differently shaped claim than the link the argument needs.","Choice B is tempting because it joins the two ideas, but it runs from not-reminding to not-diminishing, the reverse of the link needed to move from reminding to diminished absorption.","Choice C is tempting because it concerns absorption, but a claim about deepening absorption making the film better does nothing to establish that making it harder to lose oneself diminishes absorption.","Choice D is tempting because it ties skill to absorption, but the argument needs only that harder-to-lose-oneself diminishes absorption; a claim that skillful narration heightens absorption does not supply that link.","Choice E makes the conclusion follow: with it, reminding viewers of the script would diminish absorption, but skillful narration never diminishes absorption, so skillful narration never reminds them, exactly the conclusion.",TRUE,TRUE,TRUE,TRUE,TRUE,pass,,,v1,current
AR_V1_B2_0011,AR_B2_BP_0011,43,LSAT_201_Source_Compilation_Keyed,0,1,validated_candidate,unpublished,production_factory_pass_not_human_validated,RC,3,ROLE_OF_CITED_CLAIM,PAT_IDENTIFY_STATEMENT_ROLE,Role of a Cited Claim,objective-standards-music,"Can every judgment about a work of art be grounded in objective standards? Many critics expect that in time it can, holding that any verdict on a work could in principle be justified by rules alone. Yet the art form most often held up as the strongest case for such objectivity, music, is also the very one that hands opponents their most stubborn examples of verdicts that no rule seems able to settle.",Which one of the following most accurately characterizes the role played by the reference to music in the argument?,It is used to suggest that the attempt to ground artistic judgment in rules is doubtful even in the case most favorable to that attempt.,"It is meant to show that firm standards for art lie, if anywhere, well off in the future.",It points to an art form in which verdicts settled by rule are supposedly already routine.,"It figures as a case meant to overturn, once and for all, the push for objective standards.","It serves, on this reading, only to note that the arts hold some verdicts no rule has yet settled.",A,"Music is the best case for the objectivists, yet even it resists rules, so the reference is used to cast doubt on the project in its most favorable case.",Describe the function of the music reference within the argument.,,,,,role|cited_claim|best_case_doubt,N/A_correct,timing_misread,reverses_point,overstates_force,understates_role,N/A_correct,Role Failure,Direction Failure,Scope Failure,Role Failure,"Choice A captures the role: music is offered as the strongest case for objective standards, so its supplying the most stubborn counterexamples casts doubt on the whole project precisely where it should look best.","Choice B is tempting because the critics speak of what will be possible in time, but the music reference is not about when objectivity arrives; it is used to question whether the project succeeds even in its best case.","Choice C is tempting because music is named as the strongest case, but the passage stresses that music yields verdicts no rule settles, so it is not presented as a field where rule-based verdicts already prevail.","Choice D is tempting because the reference works against the objectivists, but the passage uses it to raise doubt in the most favorable case, not to claim a decisive refutation of the whole position.","Choice E is tempting because music does furnish unresolved verdicts, but calling the reference a mere illustration misses its point: music is the objectivists' best case, which is why its resistance tells against them.",TRUE,TRUE,TRUE,TRUE,TRUE,pass,,,v1,current
AR_V1_B2_0012,AR_B2_BP_0012,52,LSAT_201_Source_Compilation_Keyed,0,1,validated_candidate,unpublished,production_factory_pass_not_human_validated,MR,3,METHOD_OF_REASONING,PAT_DESCRIBE_ARG_MOVE,Describe the Argumentative Method,ai-first-draft-contracts,"Some object that letting software produce the first draft of a contract is an unprecedented break with how law has always been practiced. Handing off the drafting while a matter is live can look like abandoning the lawyer's craft. But firms already hand the first draft of routine contracts to junior associates and paralegals. So letting software draft is not, in the end, a sharp break with long-standing practice.",The argument proceeds by,arguing that a practice's drawbacks are more than offset by its benefits,countering the claim that a practice is unprecedented by contending that it is analogous to an established one,meeting the objection that a practice brings a harmful result by denying the practice brings it,dismissing the complaint that a practice is wrong by cutting away the moral ground beneath the complaint,supporting an objection to a practice by showing that it differs from practices it superficially resembles,B,It rebuts the unprecedented charge by pointing to an existing practice the new one resembles.,Describe how the argument answers the objection.,Letting software draft contracts is not a sharp break with long-standing practice.,Firms already hand the first draft of routine contracts to associates and paralegals.,,,method|analogy_to_existing|rebut_novelty,cost_benefit_mischar,N/A_correct,denies_consequence,moral_foundation,reversed_move,Role Failure,N/A_correct,Role Failure,Role Failure,Direction Failure,"Choice A is tempting because the passage defends the practice, but it never weighs benefits against drawbacks; it answers a charge of novelty, so this misdescribes the move.","Choice B describes the method: the argument meets the charge that software drafting is an unprecedented break by pointing to firms' established habit of assigning first drafts to associates, an existing practice the new one resembles.","Choice C is tempting because the argument does push back on an objection, but the objection it answers is that the practice is unprecedented, not that it is harmful, so no harmful effect is being denied.","Choice D is tempting because objections and rebuttals are present, but the passage neither treats the practice as a moral wrong nor attacks any moral basis; it addresses novelty through analogy.","Choice E is tempting because it speaks of resemblance, but it has the direction backward: the argument uses a resemblance to defend the practice, not a difference to support an objection.",TRUE,TRUE,TRUE,TRUE,TRUE,pass,,,v1,current
AR_V1_B2_0013,AR_B2_BP_0013,63,LSAT_201_Source_Compilation_Keyed,0,1,validated_candidate,unpublished,production_factory_pass_not_human_validated,MR,3,METHOD_OF_REASONING,PAT_DESCRIBE_ARG_MOVE,Describe the Argumentative Method,courage-definition-hypothetical,A philosopher has proposed that courage is simply acting to pursue a worthy goal in spite of feeling afraid. But suppose we became convinced that a certain rescuer had knowingly walked into grave danger to save a stranger while feeling no fear at all; we would surely still call that person courageous. So the philosopher's proposed definition is inadequate. No acceptable account of courage should hand back that verdict about such a case.,In the passage the author does which one of the following?,faults the definition on the ground that its terms make it impossible to tell which cases the definition covers,objects that the definition does not specify the concept of courage narrowly enough to be applied,uses an imagined case to argue that the proposed definition would classify things in a way that clashes with our considered judgments,"rejects the definition because, if accepted, the term courageous would extend to cases it does not normally cover",faults the definition by charging that its defenders lean on the mere say-so of an authority,C,"The author imagines a case the definition would exclude but we would count as courageous, showing the definition clashes with our judgments.",Describe the argumentative move the author makes against the definition.,The philosopher's proposed definition of courage is inadequate.,,,,method|hypothetical_case|counterintuitive,undecidable_cases,not_narrow_enough,N/A_correct,wrong_direction_extends,appeal_to_authority,Role Failure,Role Failure,N/A_correct,Direction Failure,Role Failure,"Choice A is tempting because the author does test the definition against a case, but the complaint is not that we cannot tell what it covers; the case is perfectly clear, and it is the verdict the definition yields that is the problem.","Choice B is tempting because it concerns a defect in the definition, but the author's worry is not vagueness or breadth; it is that the definition delivers the wrong verdict in a vivid imagined case.","Choice C describes the move: the fearless rescuer is a hypothetical the definition would refuse to count as courageous, yet we plainly would, so the definition conflicts with our judgments about clear cases.","Choice D is tempting because it also cites a mismatch with ordinary usage, but it has the direction reversed: the author's case is one the definition wrongly excludes, not one it wrongly includes.","Choice E is tempting because a proposal is being disputed, but the author never claims the definition rests on anyone's authority; the objection is built entirely from an imagined counterexample.",TRUE,TRUE,TRUE,TRUE,TRUE,pass,,,v1,current
AR_V1_B2_0014,AR_B2_BP_0014,60,LSAT_201_Source_Compilation_Keyed,0,1,validated_candidate,unpublished,production_factory_pass_not_human_validated,MSS,2,MOST_STRONGLY_SUPPORTED,PAT_BEST_COMPLETION,Most Strongly Supported Inference,drivers-fewer-risks-belief,"A recent roadside survey found that, when asked to compare themselves with others, most drivers believe they take fewer risks at the wheel than most other drivers do. But it cannot possibly be the case that most drivers take fewer risks than most other drivers. Therefore, ______.",Which one of the following most logically completes the argument?,"some drivers hold beliefs about their own driving that no set of facts could ever bear out, even in principle",most drivers are unaware of how much risk they actually take at the wheel,most drivers underestimate how cautious other drivers around them are,some drivers are mistaken in believing that they take fewer risks than most other drivers do,most drivers actually take more risks at the wheel than they believe they do,D,"Since most hold a belief that cannot be true of most people, at least some of them believe something false.",Draw the inference forced by pairing the widespread belief with its impossibility.,Some drivers are mistaken in believing they take fewer risks than most other drivers.,,,,most_strongly_supported|completion|false_belief,impossible_in_principle,unsupported_awareness,wrong_target_most,N/A_correct,overreach_most,Scope Failure,Scope Failure,Scope Failure,N/A_correct,Direction Failure,"Choice A is tempting because falsity is in play, but any single driver's belief that they take fewer risks than most others could be true; what cannot hold is that most do, so the beliefs are not impossible in principle.","Choice B is tempting because it concerns drivers' self-knowledge, but the argument supports only that some beliefs are false, not the further claim that most drivers are unaware of their own risk-taking.","Choice C is tempting because it involves comparison with others, but the impossibility shown licenses only that some self-comparisons are mistaken, not a claim about what most drivers think of others.","Choice D is best supported: most drivers hold this belief, yet it cannot be true of most drivers, so at least some who hold it are believing something false, which is exactly what this states.","Choice E is tempting because it draws a conclusion about risk-taking, but the premises support only that some comparative beliefs are false, not a sweeping claim that most drivers underrate their own risk-taking.",TRUE,TRUE,TRUE,TRUE,TRUE,pass,,,v1,current
AR_V1_B2_0015,AR_B2_BP_0015,62,LSAT_201_Source_Compilation_Keyed,0,1,validated_candidate,unpublished,production_factory_pass_not_human_validated,MSS,2,MOST_STRONGLY_SUPPORTED,PAT_BEST_SUPPORTED_CLAIM,Most Strongly Supported Inference,birdwatchers-app-intruders,"Many birdwatchers now carry a phone app that alerts wardens the instant they spot someone disturbing protected nests, letting wardens arrive before the intruder can slip away. The same birdwatchers use the app to log rare sightings as well. Intruders, for their part, steer clear of any spot they know birdwatchers visit regularly. Wardens rely on these alerts to reach a threatened nest before the harm is done.",Which one of the following is most strongly supported by the information above?,Most birdwatchers can afford the alerting app.,Disturbances at protected nests have declined as use of the app has spread.,Wardens themselves rarely carry the alerting app.,The app has become the single most effective tool for protecting nests.,Some birdwatchers visit spots that intruders do not realize birdwatchers regularly frequent.,E,"Since intruders avoid known-birdwatcher spots yet are still caught by birdwatchers, some birdwatchers must be where intruders don't realize birdwatchers go.",Draw the claim best supported by combining the alerting practice with intruders' avoidance.,Some birdwatchers visit spots that intruders do not realize birdwatchers regularly frequent.,,,,most_strongly_supported|combine_facts,affordability_unsupported,unsupported_trend,warden_habits_unsupported,overreach_superlative,N/A_correct,Scope Failure,Scope Failure,Scope Failure,Direction Failure,N/A_correct,"Choice A is tempting because the app is central, but nothing in the passage speaks to what the app costs or who can afford it, so this is not supported.","Choice B is tempting because it draws a hopeful conclusion, but the passage reports no trend in disturbances over time, so a decline cannot be inferred from what is stated.","Choice C is tempting because wardens appear in the passage, but nothing is said about whether wardens carry the app, so this claim goes beyond the information given.","Choice D is tempting because the app clearly helps, but calling it the single most effective tool is a superlative the passage never supports and compares it to nothing else.","Choice E is best supported: intruders avoid spots they know birdwatchers frequent, yet birdwatchers still catch intruders in the act, so some birdwatchers must be at spots the intruders did not know birdwatchers regularly visit.",TRUE,TRUE,TRUE,TRUE,TRUE,pass,,,v1,current
AR_V1_B2_0016,AR_B2_BP_0016,74,LSAT_201_Source_Compilation_Keyed,0,1,validated_candidate,unpublished,production_factory_pass_not_human_validated,MSS,2,MOST_STRONGLY_SUPPORTED,PAT_BEST_COMPLETION,Most Strongly Supported Inference,campaign-consultants-values,"Campaign consultants are often blamed, unfairly, for manufacturing the very values that lead citizens to vote as they do. In truth, citizens back a candidate mainly because they believe the candidate shares their values, a belief that it is admittedly the consultants' job to encourage and to keep vividly in view all through a campaign. So the values that citizens believe their candidate shares ______.",Which one of the following most logically completes the argument?,are drawn upon rather than created by the consultants,are produced by misleading appeals but not by honest ones,are seldom actually reflected in how the candidate later governs,are generally what lead citizens to trust the consultants' messaging,count as genuine convictions only when they actually change how a citizen votes,A,"Consultants cultivate the belief that a candidate shares preexisting values; so the values are drawn on, not created, by consultants.",Complete the argument with what the passage most supports about the citizens' values.,The values citizens believe their candidate shares are drawn upon rather than created by the consultants.,,,,most_strongly_supported|completion|exploited_not_created,N/A_correct,false_true_split,governance_irrelevant,reverses_role,redefines_as_needed,N/A_correct,Scope Failure,Scope Failure,Direction Failure,Scope Failure,"Choice A best completes the argument: the passage says consultants merely encourage the belief that a candidate shares values citizens already hold, so those values are made use of by consultants rather than manufactured by them.","Choice B is tempting because it distinguishes kinds of persuasion, but the passage never divides the citizens' values by whether the appeals were honest, so this split is unsupported.","Choice C is tempting because it sounds worldly, but the passage says nothing about how candidates govern once elected, so it gives no support for a claim about later conduct.","Choice D is tempting because values and messaging both appear, but the passage has consultants encouraging a belief about shared values, not the values causing trust in the messaging, so this reverses the relationship.","Choice E is tempting because it ties values to voting, but the passage does not make a value's genuineness depend on changing a vote, so this reclassification is not something the statements support.",TRUE,TRUE,TRUE,TRUE,TRUE,pass,,,v1,current
AR_V1_B2_0017,AR_B2_BP_0017,73,LSAT_201_Source_Compilation_Keyed,0,1,validated_candidate,unpublished,production_factory_pass_not_human_validated,PA,4,PARALLEL_REASONING_FORM,PAT_MATCH_VALID_FORM,Match the Abstract Valid Form,misting-greenhouse-heatwave,"Throughout last summer's heat wave, no greenhouse fitted with a misting system lost any plants. This summer every greenhouse at the Fairview nursery has been fitted with a misting system. So during this summer's heat wave none of the Fairview greenhouses will lose any plants.",Which one of the following arguments is most similar in its reasoning to the argument above?,"Last year Dana bought a sturdy kayak. Since Dana will surely keep it well maintained this year, the kayak is unlikely to give her any trouble this year.","All last winter, no delivery van equipped with snow tires got stuck. This winter every van in the Harlow fleet has snow tires. So this winter no van in the Harlow fleet will get stuck.","Last term no student with a spotless attendance record failed the seminar, and every student in the honors track had spotless attendance. So last term no honors-track student failed the seminar.",Every crate we loaded this morning was sealed. Every crate we loaded this morning is now in the hold. So every crate in the hold is sealed.,No moth feeds on bitter leaves. Every leaf of this shrub is bitter. So no moth will feed on this shrub's leaves.,B,Form: no X-with-F suffered O last time; all Y have F now; so no Y will suffer O this time.,Match the abstract form: a past clean record among feature-holders plus present universal feature yields a future clean prediction.,None of the Fairview greenhouses will lose plants during this summer's heat wave.,,,,parallel|valid_form|projection,single_case_likelihood,N/A_correct,past_conclusion_no_projection,transitive_overlap,timeless_syllogism,Parallel Failure,N/A_correct,Parallel Failure,Parallel Failure,Parallel Failure,"Choice A is tempting because it projects from last year to this, but it reasons about a single item and concludes only that trouble is unlikely, lacking the universal feature-holder record the original relies on.","Choice B matches the form exactly: last period no feature-holding unit suffered the outcome, this period every member of the group holds the feature, so this period no member will suffer the outcome, just as with the misted greenhouses.","Choice C is tempting because it chains two universals, but its conclusion is about the same past period rather than a future one, so it lacks the projection from past record to future outcome that defines the original.","Choice D is tempting because it strings universals together, but it draws a transitive conclusion about overlapping groups at one time, not a past-to-future projection, so the pattern differs from the original.","Choice E is tempting because it reaches a no-outcome conclusion, but it is a timeless categorical syllogism with no past record projected forward, unlike the original's move from last season to this.",TRUE,TRUE,TRUE,TRUE,TRUE,pass,,,v1,current
AR_V1_B2_0018,AR_B2_BP_0018,92,LSAT_201_Source_Compilation_Keyed,0,1,validated_candidate,unpublished,production_factory_pass_not_human_validated,PA,4,PARALLEL_REASONING_FORM,PAT_MATCH_VALID_FORM,Match the Abstract Valid Form,fermented-tea-longevity,"Independently of one another, scholars in several unconnected traditions have arrived at the view that a small daily portion of fermented tea supports a long life. So, unless strong evidence emerges to the contrary, we ought to take that view to be correct. No one of these traditions, in reaching the view, was leaning on any of the others.",The pattern of reasoning in which one of the following is most similar to that in the argument above?,"Many trials have found that a certain therapy helps most patients. Since no rival therapy has been shown to do better, most patients should be urged to try it.","A panel of independent economists concluded the policy will succeed. So unless the economists began from questionable premises, we should accept their conclusion.","Working separately, three auditors each concluded that the firm's books are accurate. So unless firm evidence of an error turns up, the books should be regarded as accurate.","Four reviewers, none influencing the others, all called the play dull. So unless they happened to attend on the same night, the play will probably fail.","Several specialists examined the bridge, and none could agree on whether it is safe. So unless new evidence shows it unsafe, it should be assumed safe.",C,"Form: independent sources agree on X; so unless strong evidence against X emerges, accept X.","Match the form: several independent parties reached a conclusion, so absent contrary evidence it should be accepted.","Absent strong contrary evidence, the fermented-tea view should be taken as correct.",,,,parallel|independent_agreement|default_accept,comparative_not_independent,conditions_on_assumptions,N/A_correct,odd_side_condition,disagreement_not_agreement,Parallel Failure,Parallel Failure,N/A_correct,Parallel Failure,Parallel Failure,"Choice A is tempting because it cites supporting studies, but it recommends the therapy on the ground that nothing beats it, a comparative move, rather than accepting a conclusion because independent sources agree and no contrary evidence has appeared.","Choice B is tempting because it features independent experts, but it makes acceptance turn on whether their premises were sound, not on the absence of contrary evidence, so its condition differs from the original's.","Choice C matches the form: several parties reached the same conclusion independently, and the argument accepts it unless strong contrary evidence appears, exactly the structure of the fermented-tea argument.","Choice D is tempting because it stresses independence, but it hangs its prediction on an unrelated condition about attendance timing, not on the absence of contrary evidence, so the pattern does not match.","Choice E is tempting because it also defaults to a conclusion absent contrary evidence, but its experts disagreed rather than independently converging, so it lacks the independent-agreement premise the original turns on.",TRUE,TRUE,TRUE,TRUE,TRUE,pass,,,v1,current
AR_V1_B2_0019,AR_B2_BP_0019,1,LSAT_201_Source_Compilation_Keyed,0,1,validated_candidate,unpublished,production_factory_pass_not_human_validated,PR,2,PRINCIPLE_JUSTIFY,PAT_PRINCIPLE_SUPPORTS_REASONING,Principle that Justifies the Reasoning,travel-memoir-digression,"Critic: The long historical digression here is absorbing in its own right, and the author could easily have spun a separate essay out of it. Even so, it should not have been placed in this book. The memoir's central aim is to evoke the atmosphere of a place, and the digression keeps pulling the reader away from that atmosphere. That steady loss of atmosphere is the critic's whole complaint about it.","Which one of the following principles, if valid, most strongly supports the critic's reasoning?",Authors should never include historical digressions in travel memoirs.,Writers should avoid any digression that might bore readers who are uninterested in history.,Historical material generally belongs in scholarly essays rather than in travel memoirs.,Nothing included in a travel memoir should draw the reader away from the book's central aim.,A digression's subject matter has no bearing on a travel memoir's literary value.,D,The critic condemns the digression because it distracts from the memoir's central aim; the justifying principle bans just such distraction.,Supply the principle whose truth would license concluding the digression should be cut.,The historical digression should not have been placed in this memoir.,The digression pulls the reader away from the memoir's central aim of evoking a place.,A principle is needed linking distraction from the central aim to not belonging in the book.,,principle|justify|distraction_from_aim,overbroad_ban,wrong_ground_boredom,wrong_medium,N/A_correct,irrelevant_to_ground,Scope Failure,Scope Failure,Scope Failure,N/A_correct,Scope Failure,"Choice A is tempting because it would rule out the digression, but it bans all such digressions outright, far more than the critic's reasoning needs or claims, which is only that this one distracts from the memoir's aim.","Choice B is tempting because it concerns digressions, but the critic objects that the passage distracts from the book's aim, not that it bores a particular audience, so this principle does not support that reasoning.","Choice C is tempting because the critic mentions a possible essay, but placing history in essays as a rule does not capture the critic's ground, which is that the digression pulls readers from the memoir's central aim.","Choice D supports the reasoning: the critic's sole ground is that the digression pulls readers from the memoir's central aim, and this principle makes exactly that a reason for something not to be included.","Choice E is tempting because it comments on digressions and merit, but it says nothing about distraction from the book's aim, so it does not license the critic's conclusion that the passage should be cut.",TRUE,TRUE,TRUE,TRUE,TRUE,pass,,,v1,current
AR_V1_B2_0020,AR_B2_BP_0020,14,LSAT_201_Source_Compilation_Keyed,0,1,validated_candidate,unpublished,production_factory_pass_not_human_validated,PR,2,PRINCIPLE_ILLUSTRATE,PAT_PRINCIPLE_ILLUSTRATED,Principle Illustrated,rumor-scrutiny-spread,"As a rule, holding a dubious rumor up to open scrutiny saps its power to persuade. Yet even in a well-informed community, certain rumors are so satisfying to believe that they only spread further the more they are talked over and picked apart. With such rumors the usual dampening effect simply never takes hold.",Which one of the following principles is most clearly illustrated by the statements above?,Communities should sometimes be permitted to suppress talk of especially seductive rumors.,It is sometimes wiser to discuss a rumor openly even though doing so will spread it further.,Not every rumor that people find satisfying to believe turns out to be false.,Part of what makes some rumors satisfying is precisely that they are untrue.,Subjecting a claim to open discussion does not always work to reduce its hold on people.,E,"Since scrutiny usually weakens rumors but sometimes spreads them, open discussion does not always reduce a falsehood's hold.",State the general principle the two observations illustrate together.,Subjecting a claim to open discussion does not always reduce its hold on people.,,,,principle|illustrated|not_always,normative_overreach,normative_advice,irrelevant_distinction,wrong_causal_claim,N/A_correct,Scope Failure,Scope Failure,Scope Failure,Direction Failure,N/A_correct,"Choice A is tempting because it responds to the danger described, but the statements make no recommendation about suppressing anything; they describe what discussion does, so this prescriptive claim is not what they illustrate.","Choice B is tempting because it echoes the spreading effect, but the passage weighs no wisdom of discussing versus not; it simply reports an effect, so it does not illustrate advice about when to discuss.","Choice C is tempting because satisfying rumors are mentioned, but whether such rumors are always false is a distinction the passage does not draw, so this is not the principle being illustrated.","Choice D is tempting because it links satisfaction and falsity, but the passage never says untruth is what makes a rumor satisfying, so it does not capture what the statements illustrate.","Choice E is illustrated by the statements: scrutiny usually weakens a rumor, yet for some rumors discussion spreads them further, so open discussion does not invariably loosen a claim's grip, exactly this principle.",TRUE,TRUE,TRUE,TRUE,TRUE,pass,,,v1,current
AR_V1_B3_0001,AR_B3_BP_0001,21,LSAT_201_Source_Compilation_Keyed,0,1,validated_candidate,unpublished,production_factory_pass_not_human_validated,FL,3,FLAW_DESCRIBE,PAT_NAME_THE_FLAW,Describe the Flaw,blue-dye-sports-drink-ban,"Bright blue dye is often added to sports drinks to make them look more refreshing. But the dye does nothing to improve hydration, and using it heavily pushes the drink's additive load well past what flavor requires. Since taking in too many additives can lead to health problems, it is clear that blue dye should never be put in sports drinks at all.",The reasoning in the argument is most vulnerable to criticism on which one of the following grounds?,"It fails to justify choosing an outright ban over gentler measures, such as limiting how much dye may be used.",It bases a sweeping recommendation on evidence drawn from too small a sample of cases.,It ignores possible drawbacks of the very course of action it recommends.,It assumes without support that a regulator may restrict an ingredient without consumers' consent.,It fails to distinguish health-based reasons for the policy from economic ones.,A,"The harms flow from heavy use, which would justify limiting the dye, not banning it; the argument never rules out that middle option.",Name the flaw: the argument jumps to an outright ban without ruling out gentler measures.,Blue dye should never be added to sports drinks.,"Heavy use raises the additive load past flavor needs, and excess additives can harm health.",Nothing rules out simply capping the amount of dye rather than forbidding it entirely.,,flaw|ignores_moderate_alternative,N/A_correct,sample_size,ignores_recommendation_risk,unsupported_authority,conflates_justifications,N/A_correct,Misdescription,Misdescription,Misdescription,Misdescription,"Choice A names the flaw: the stated harms come from heavy use, which a limit would address, yet the argument leaps to a total ban without showing why the more moderate option will not do.","Choice B is tempting because the conclusion is sweeping, but the argument cites no sample of cases at all; its weakness is skipping moderate options, not relying on a small sample.","Choice C is tempting because it faults the recommendation, but the flaw is not overlooking a downside of banning dye; it is failing to consider a less drastic alternative to a ban.","Choice D is tempting because bans raise consent questions, but the argument makes no claim about who may impose the ban; that issue plays no role in its reasoning.","Choice E is tempting because it names a kind of confusion, but the argument rests only on health considerations; it never mixes in economic reasons, so no such conflation occurs.",TRUE,TRUE,TRUE,TRUE,TRUE,pass,,,v1,current
AR_V1_B3_0002,AR_B3_BP_0002,32,LSAT_201_Source_Compilation_Keyed,0,1,validated_candidate,unpublished,production_factory_pass_not_human_validated,FL,2,FLAW_DESCRIBE,PAT_NAME_THE_FLAW,Describe the Flaw,shopping-habits-priorities,"Mara usually shops at the farmers' market, because getting the freshest produce is what matters most to her. So, since Devin usually shops at the corner store, clearly getting things conveniently is what matters most to him. After all, each of them shops where they do week in and week out.",The reasoning in the argument is most vulnerable to criticism on the grounds that the argument,treats what is merely a difference of degree as though it were a difference in kind,treats an explanation that fits one person's habit as automatically explaining another person's quite different habit,"concludes that because a group has a certain property, each of its members has that property",mistakes a lack of evidence telling against a claim for positive support in its favor,reasons from an effect a choice produces to the conclusion that the choice was meant to produce it,B,That freshness explains Mara's habit gives no reason that a parallel explanation fits Devin's very different habit.,Name the flaw: it carries an explanation that fits one person over to another on a single instance.,Convenience is what matters most to Devin.,"Devin usually shops at the corner store, and Mara's market habit is explained by her priority on freshness.",Devin could shop at the corner store for many reasons other than valuing convenience most.,,flaw|overgeneralized_explanation,degree_kind,N/A_correct,composition,absence_of_evidence,effect_intent,Misdescription,N/A_correct,Misdescription,Misdescription,Misdescription,"Choice A is tempting because two shoppers are compared, but the argument never grades anything along a scale; it wrongly transfers an explanation, so no degree-versus-kind confusion is present.","Choice B names the flaw: from freshness explaining Mara's choice, the argument simply assumes a matching motive explains Devin's unrelated choice, generalizing an explanation from a single case.","Choice C is tempting because it names a real error, but the argument reasons from one individual to another, not from a whole group down to its members, so this misdescribes the move.","Choice D is tempting because it sounds like a familiar flaw, but the argument offers a positive (if unsupported) inference about Devin's motive, not an appeal to missing evidence.","Choice E is tempting because motives are discussed, but the argument does not reason from an effect back to an intention; it transfers an explanation between two people, so this does not fit.",TRUE,TRUE,TRUE,TRUE,TRUE,pass,,,v1,current
AR_V1_B3_0003,AR_B3_BP_0003,35,LSAT_201_Source_Compilation_Keyed,0,1,validated_candidate,unpublished,production_factory_pass_not_human_validated,FL,3,FLAW_DESCRIBE,PAT_NAME_THE_FLAW,Describe the Flaw,sensitive-skin-sun-advice,Dr. Reyes: My colleague advises people with easily burned skin to stay out of the midday sun. That advice is plainly mistaken. Far more sensible would be to thin out the ozone-depleting pollutants overhead than to have such people spend their days hiding indoors. Surely that broader remedy is the more sensible course to take.,Dr. Reyes's reasoning is questionable in that it,rejects a claim by going after the person who makes it instead of what the claim actually says,concludes that what is best for each individual must therefore be best for the group as a whole,treats guidance about what individuals should do as though it were a proposal about public policy,assumes without warrant that only those with easily burned skin have reason to limit sun exposure,"takes for granted the very point in dispute, that reducing the pollutants overhead is achievable",C,Advice about what an individual should do is not refuted by noting a society-wide measure would be preferable.,Name the flaw: it answers personal guidance with a large-scale policy proposal.,The colleague's advice is mistaken.,It would be better to reduce ozone-depleting pollutants than to stay indoors.,A better public remedy does not show the personal advice is wrong for the individual now.,,flaw|individual_vs_policy,ad_hominem,individual_to_group,N/A_correct,unsupported_scope,begs_question,Misdescription,Misdescription,N/A_correct,Misdescription,Misdescription,"Choice A is tempting because a colleague is contradicted, but Reyes disputes the advice itself, offering a competing remedy; no attack on the colleague's character or standing is made.","Choice B is tempting because individuals and a wider public both appear, but the argument moves the other way, from a public remedy to individual advice, so this description is backward.","Choice C names the flaw: the colleague gave advice to individuals, and Reyes answers it with a society-wide pollution measure, as if refuting a policy proposal, which the advice never was.","Choice D is tempting because the advice targets a specific group, but Reyes's error is not an assumption about who else should limit sun; it is answering personal advice with a policy fix.","Choice E is tempting because the pollution remedy is asserted, but the flaw does not depend on whether that remedy is feasible; even a feasible public fix would not refute advice to individuals.",TRUE,TRUE,TRUE,TRUE,TRUE,pass,,,v1,current
AR_V1_B3_0004,AR_B3_BP_0004,46,LSAT_201_Source_Compilation_Keyed,0,1,validated_candidate,unpublished,production_factory_pass_not_human_validated,FL,3,FLAW_DESCRIBE,PAT_NAME_THE_FLAW,Describe the Flaw,all-nighter-exam-inference,"Editorial: Students who pull an all-nighter before an exam are very likely to do poorly on it the next morning. Priya did poorly on yesterday morning's exam. So Priya very likely pulled an all-nighter the night before. Plenty of students do exactly that during exam week, trading sleep for a few extra hours of review. Her low score, the editorial insists, points squarely to the same choice.",Which one of the following most accurately describes a flaw in the editorial's reasoning?,It fails to consider that a particular member of a group may be unrepresentative of that group.,It treats a condition that would be enough to secure the conclusion as one the conclusion positively requires.,It confuses a consistent association between two things with one of them always causing the other.,It treats the fact that all-nighters make a poor score likely as showing that a poor score makes an all-nighter likely.,It dismisses a position by going after someone who holds it instead of engaging the position.,D,That all-nighters make poor scores likely does not make an all-nighter likely given a poor score; many other causes produce poor scores.,Name the flaw: it reverses the direction of a likelihood claim.,Priya very likely pulled an all-nighter.,"All-nighters make a poor next-morning score very likely, and Priya scored poorly.","Poor scores can arise from many causes, so a poor score does not make an all-nighter likely.",,flaw|probabilistic_conversion,unrepresentative_member,sufficient_necessary,assoc_causation,N/A_correct,ad_hominem,Misdescription,Misdescription,Misdescription,N/A_correct,Misdescription,"Choice A is tempting because Priya is a single case, but the error is not treating her as typical; it is inferring the cause from the effect against the stated direction of likelihood.","Choice B is tempting because conditions are in play, but the argument confuses the direction of a likelihood claim, not the roles of sufficient and necessary conditions.","Choice C is tempting because causation is discussed, but the premise is already causal and probabilistic; the flaw is running that probability backward, not mistaking association for cause.","Choice D names the flaw: the premise runs from all-nighters to a likely poor score, and the argument reverses it, treating a poor score as making an all-nighter likely, ignoring the many other causes of poor scores.","Choice E is tempting because it names a familiar flaw, but the editorial attacks no one; it draws a faulty inference about Priya, so an ad hominem charge does not fit.",TRUE,TRUE,TRUE,TRUE,TRUE,pass,,,v1,current
AR_V1_B3_0005,AR_B3_BP_0005,49,LSAT_201_Source_Compilation_Keyed,0,1,validated_candidate,unpublished,production_factory_pass_not_human_validated,FL,3,FLAW_DESCRIBE,PAT_NAME_THE_FLAW,Describe the Flaw,orchard-pesticide-pollinators,"When orchards are sprayed with a certain pesticide, the number of pollinator species visiting them drops by an average of twenty percent. So if the Hollowbrook orchard is sprayed with that pesticide, some pollinator species will surely stop visiting it. That result, the argument holds, is all but certain for this one particular orchard.",The argument is most vulnerable to criticism on which one of the following grounds?,It ignores the possibility that other factors might offset the decline at a particular sprayed orchard.,It fails to allow that the total count could stay steady even as particular species stop visiting.,It ignores that some pollinator species might stop visiting Hollowbrook even if it is never sprayed.,It assumes the orchards studied were alike in the pollinator species that visited them.,It overlooks that visiting species could fall an average of twenty percent across sprayed orchards even if some sprayed orchards lose none.,E,"A twenty-percent average can come from big drops at some orchards and none at others, so Hollowbrook could lose none.",Name the flaw: an average decline across many orchards need not occur at any particular orchard.,Some pollinator species will stop visiting Hollowbrook if it is sprayed.,Spraying lowers visiting pollinator species by an average of twenty percent.,An average across orchards does not fix what happens at this single orchard.,,flaw|average_to_instance,offsetting_factors,total_vs_particular,baseline_change,homogeneity,N/A_correct,Misdescription,Misdescription,Misdescription,Misdescription,N/A_correct,"Choice A is tempting because it concerns a single orchard, but the flaw is not about counteracting factors; it is that an average drop need not appear at any one orchard at all.","Choice B is tempting because it separates totals from particulars, but the conclusion is precisely that some species stop, and the flaw is reading a cross-orchard average onto one orchard.","Choice C is tempting because it raises an alternative, but the conclusion is about the effect of spraying; the flaw lies in applying an average to one case, not in ignoring background change.","Choice D is tempting because it questions the study group, but the argument needs no such uniformity; its error is moving from an average to a guaranteed effect at one orchard.","Choice E names the flaw: a twenty-percent average is consistent with some orchards losing no species, so it does not guarantee that Hollowbrook in particular will lose any.",TRUE,TRUE,TRUE,TRUE,TRUE,pass,,,v1,current
AR_V1_B3_0006,AR_B3_BP_0006,65,LSAT_201_Source_Compilation_Keyed,0,1,validated_candidate,unpublished,production_factory_pass_not_human_validated,FL,3,FLAW_DESCRIBE,PAT_NAME_THE_FLAW,Describe the Flaw,athletic-director-drop-sports,"Coach: The new athletic director argues that we should drop any sport that fails to fill its stands, reasoning that a team is a product, fans are its customers, and any business must meet customer demand. But running a team is not like selling a product. So the director is wrong that we should keep only the sports that fill their stands.",The coach's argument is most vulnerable to the criticism that it,concludes that the director's position is mistaken merely because one argument the director gives for it is inadequate,appeals to what is popularly believed in order to support its own conclusion,treats two things that are merely analogous as though they were identical,defends a position without showing that the argument against that position fails,improperly attacks the character of the athletic director rather than the director's reasoning,A,"Even if the director's product analogy fails, that does not establish that the director's conclusion is false.",Name the flaw: it treats a weak argument for a view as showing the view itself is false.,The director is wrong that only stand-filling sports should be kept.,"Running a team is not like selling a product, so the director's analogy fails.",A flawed argument for a claim leaves open whether the claim is nonetheless true.,,flaw|reject_view_because_argument_fails,N/A_correct,popular_opinion,analogy_identity,ignores_counter,ad_hominem,N/A_correct,Misdescription,Misdescription,Misdescription,Misdescription,"Choice A names the flaw: the coach shows only that the product analogy is weak, then treats the director's conclusion as false, when a weak argument for a claim does not show the claim is wrong.","Choice B is tempting because crowds are in view, but the coach cites no popular belief as support; the reasoning turns on rejecting the analogy, so this does not describe it.","Choice C is tempting because an analogy is central, but that is the charge the coach levels at the director; the coach's own error is inferring the view is false from the analogy's weakness.","Choice D is tempting because the coach defends a stance, but the coach does engage the director's argument; the flaw is the leap from that argument's failure to the falsity of its conclusion.","Choice E is tempting because the director is opposed, but the coach addresses the reasoning, not the director's character, so no personal attack occurs.",TRUE,TRUE,TRUE,TRUE,TRUE,pass,,,v1,current
AR_V1_B3_0007,AR_B3_BP_0007,81,LSAT_201_Source_Compilation_Keyed,0,1,validated_candidate,unpublished,production_factory_pass_not_human_validated,RC,3,ROLE_OF_CITED_CLAIM,PAT_IDENTIFY_STATEMENT_ROLE,Role of a Cited Claim,medieval-blacksmiths-output,"Historian: Medieval village blacksmiths are often pictured as devoting themselves chiefly to making swords and armor. In truth, most of what they produced was everyday hardware, such as nails, hinges, and farm tools. Weapon commissions were rare and irregular, and few village smiths could have stayed in business on such work alone. Most of a smith's day, in fact, went to mending and forging the plain fittings a village needed.",The claim that medieval village blacksmiths are often pictured as devoting themselves chiefly to weapons plays which one of the following roles in the argument?,It is a premise offered in support of the historian's overall conclusion.,It states a widely held view that the historian then argues against.,It clarifies the meaning of one of the premises the historian relies on.,It is an objection the historian raises against a competing historical theory.,It is the overall conclusion that the historian's argument is designed to establish.,B,It is the popular view the historian sets out to correct with the everyday-hardware evidence.,Identify the role of the 'often pictured as weapon-makers' claim.,"Most of what village blacksmiths produced was everyday hardware, not weapons.",Weapon commissions were rare and irregular; few smiths could survive on them.,,,role|claim_to_be_refuted,premise_support,N/A_correct,clarifies_premise,objection_to_rival,is_conclusion,Role Failure,N/A_correct,Role Failure,Role Failure,Role Failure,"Choice A is tempting because it opens the passage, but the historian argues against this picture rather than leaning on it, so it does not support the conclusion; it is the target.",Choice B captures the role: the common picture of smiths as weapon-makers is set up precisely so the historian can correct it with evidence that everyday hardware was the bulk of their work.,"Choice C is tempting because it precedes the evidence, but it does not explain a premise; it is the mistaken view the evidence is marshaled to overturn.","Choice D is tempting because opposing views are in play, but the claim is not an objection the historian raises; it is the popular impression the historian himself rejects.","Choice E is tempting because it is a prominent claim, but the historian denies it; the conclusion is that everyday hardware, not weapons, made up most of the smiths' output.",TRUE,TRUE,TRUE,TRUE,TRUE,pass,,,v1,current
AR_V1_B3_0008,AR_B3_BP_0008,84,LSAT_201_Source_Compilation_Keyed,0,1,validated_candidate,unpublished,production_factory_pass_not_human_validated,RC,3,ROLE_OF_CITED_CLAIM,PAT_IDENTIFY_STATEMENT_ROLE,Role of a Cited Claim,public-leaderboard-performance,"Consultants say that ranking employees on a public leaderboard is meant to lift everyone's performance by holding all to the same visible standard. In reality the practice backfires. It pushes staff to chase the posted metric rather than do the work well, and it breeds resentment toward whoever sits at the top. In practice the ranking shapes how people behave far more than it lifts how they perform.",The claim that public leaderboards are meant to lift everyone's performance plays which one of the following roles in the argument?,It is a claim the argument sets out to refute outright as simply false.,It is put forward to back a claim the argument then declares untrue.,It presents a rationale people sometimes give for a practice the argument then goes on to call harmful.,It describes a phenomenon that the argument says is far less damaging than people assume.,It gives an example of something whose effects differ entirely from what everyone assumes.,C,It is the stated rationale for a practice the argument goes on to call harmful.,Identify the role of the 'meant to lift performance' claim.,Public leaderboards backfire and do harm.,They push staff to chase the metric and breed resentment toward top performers.,,,role|justification_for_criticized_practice,refute_outright,evidence_for_false,N/A_correct,less_damaging,unexpected_effects,Role Failure,Role Failure,N/A_correct,Role Failure,Role Failure,"Choice A is tempting because the argument opposes the practice, but it does not deny that lifting performance is the stated aim; it grants that aim and argues the practice fails to serve it.","Choice B is tempting because it names a claim's function, but the rationale is not evidence for anything; it is the justification given for a practice the argument judges harmful.","Choice C captures the role: the stated purpose of lifting performance is the rationale for leaderboards, and the argument concedes it only to conclude that the practice actually does harm.","Choice D is tempting because harm is central, but the claim states a purpose, not a phenomenon the argument downplays; the argument stresses the harm, not its mildness.","Choice E is tempting because outcomes defy the stated aim, but the claim is the aim itself, not an example whose effects the argument contrasts with universal assumption.",TRUE,TRUE,TRUE,TRUE,TRUE,pass,,,v1,current
AR_V1_B3_0009,AR_B3_BP_0009,42,LSAT_201_Source_Compilation_Keyed,0,1,validated_candidate,unpublished,production_factory_pass_not_human_validated,MSS,3,MOST_STRONGLY_SUPPORTED,PAT_BEST_SUPPORTED_CLAIM,Most Strongly Supported Inference,neighborhood-bake-off,"Neighborhood bake-offs can never really achieve their headline goal of crowning the single best baker, since taste is a matter of preference and many superb home bakers never enter. Even so, these contests draw neighbors together and spark fresh interest in baking, and sustaining that interest is something a community needs if the craft is to stay alive. That second benefit is a real and lasting one.",Which one of the following is most strongly supported by the statements above?,Keeping the craft of baking alive in a community requires holding neighborhood bake-offs.,Some matters of personal preference get in the way of keeping a craft alive in a community.,A bake-off limited to the bakers who never enter the usual contests would not help keep the craft alive.,The headline purpose of neighborhood bake-offs is not the strongest reason for holding them.,Neighborhood bake-offs are worth holding only if they succeed in crowning the best baker.,D,"Since the headline goal is unreachable but a different benefit is real and valued, that headline goal is not the best reason to hold bake-offs.",Draw the claim best supported by the contrast between the unreachable headline goal and the real benefit.,The headline purpose of bake-offs is not the strongest reason for holding them.,,,,most_strongly_supported|purpose_vs_value,overstated_requirement,misapplied_preference,invented_case,N/A_correct,reversed_condition,Scope Failure,Scope Failure,Scope Failure,N/A_correct,Direction Failure,"Choice A is tempting because bake-offs are said to help sustain interest, but the passage never says they are required; other things could sustain it, so this overstates the support.","Choice B is tempting because preference and craft survival both appear, but preference is said only to block fair judging, not to hinder keeping the craft alive, so the link is unsupported.","Choice C is tempting because non-entrants are mentioned, but the passage says nothing about a special contest for them, so no conclusion about such a contest is supported.","Choice D is best supported: the headline goal of crowning the best baker cannot be met, yet the contests deliver a real and valued benefit, so that unreachable goal is not the best reason to hold them.","Choice E is tempting because it echoes the headline goal, but the passage points the other way: the contests are valued for a different reason, so their worth does not hinge on crowning the best baker.",TRUE,TRUE,TRUE,TRUE,TRUE,pass,,,v1,current
AR_V1_B3_0010,AR_B3_BP_0010,58,LSAT_201_Source_Compilation_Keyed,0,1,validated_candidate,unpublished,production_factory_pass_not_human_validated,MSS,3,MOST_STRONGLY_SUPPORTED,PAT_BEST_COMPLETION,Most Strongly Supported Inference,bog-pollen-past-climate,"Botanists found pollen from several plant species sealed in a peat layer of a lowland bog, a layer dated to about three thousand years ago. Those species no longer grow anywhere near the bog, but they flourish today a day's walk away in a wetter stretch of highland. So the land around the bog was probably wetter three thousand years ago than it is now, since ______.",The conclusion of the argument is most strongly supported if which one of the following completes the passage?,the wetter highland where the species now grow is also somewhat cooler than the bog,those plant species did not grow near the bog at any time much earlier than three thousand years ago,those plant species grow only in lowland areas and never at higher elevations,fewer plant species grow near the bog today than grew there three thousand years ago,the plant species whose pollen was found can grow only within a narrow band of moisture conditions,E,"If the species grow only where it is wet, their pollen at the bog 3,000 years ago shows the bog was wet then.",Complete the passage so the past presence of the species implies past wetness.,The land around the bog was probably wetter three thousand years ago.,,,,most_strongly_supported|completion|indicator_species,extra_dimension,timing_irrelevant,wrong_dimension,count_irrelevant,N/A_correct,Scope Failure,Scope Failure,Direction Failure,Scope Failure,N/A_correct,"Choice A is tempting because it describes the highland, but a difference in temperature does not connect the species' past presence at the bog to past wetness, which is what the conclusion needs.","Choice B is tempting because it fixes a date, but ruling out earlier growth does nothing to show that their presence three thousand years ago indicates the bog was wet then.","Choice C is tempting because it restricts where the species grow, but it points to elevation rather than moisture and even conflicts with their thriving in the highland, so it cannot support a wetness conclusion.","Choice D is tempting because it compares then and now, but a change in the number of species says nothing about whether the past climate was wetter, so it leaves the conclusion unsupported.","Choice E best completes the argument: if those species can grow only where moisture falls in a narrow band, then their presence at the bog three thousand years ago shows the bog then supplied that moisture, so it was wetter.",TRUE,TRUE,TRUE,TRUE,TRUE,pass,,,v1,current
AR_V1_B3_0011,AR_B3_BP_0011,77,LSAT_201_Source_Compilation_Keyed,0,1,validated_candidate,unpublished,production_factory_pass_not_human_validated,MSS,2,MOST_STRONGLY_SUPPORTED,PAT_BEST_COMPLETION,Most Strongly Supported Inference,password-key-analogy,"The relationship between a password and the online accounts it lets a person reach is much like the relationship between a key and the doors it opens for whoever holds it. A key, however, is worthless in a building that happens to have no locked doors at all. So, reasoning in the very same way, it follows that ______.",Which one of the following most logically completes the argument?,a password is worthless in a system where nothing at all is kept locked,a password is no more useful than the key it is being compared with,any key that succeeds in opening a door has value,a password should be thought of as a kind of key rather than as a secret,a password's value comes entirely from the accounts it lets a person reach,A,"As a key is worthless without locked doors, a password is worthless where nothing is kept locked.",Complete the analogy the way the key case licenses.,A password is worthless in a system where nothing is kept locked.,,,,most_strongly_supported|completion|analogy,N/A_correct,relative_worth,converse_about_key,reclassify,source_of_value,N/A_correct,Scope Failure,Direction Failure,Scope Failure,Scope Failure,"Choice A best completes the argument: the analogy carries the point about keys straight over, so just as a key is worthless without locked doors, a password is worthless where nothing is locked.","Choice B is tempting because it echoes the comparison, but the argument draws a conclusion about when a password is worthless, not a ranking of how useful passwords and keys are.","Choice C is tempting because it concerns keys, but it makes a claim about keys that open doors, the reverse of the worthless-without-doors point the argument extends to passwords.","Choice D is tempting because passwords and keys are likened, but the passage uses the likeness to draw a conclusion about worth, not to reclassify what a password is.","Choice E is tempting because it sounds sensible, but the argument's parallel yields a claim about worthlessness where nothing is locked, not a claim about where a password's value comes from.",TRUE,TRUE,TRUE,TRUE,TRUE,pass,,,v1,current
AR_V1_B3_0012,AR_B3_BP_0012,24,LSAT_201_Source_Compilation_Keyed,0,1,validated_candidate,unpublished,production_factory_pass_not_human_validated,PR,3,PRINCIPLE_APPLY,PAT_PRINCIPLE_APPLIED,Principle Applied to a Case,journal-rebuttal-principle,"Principle: A researcher whose study appeared in a journal may publish a rebuttal in that same journal to a harsh review of the study, provided either that the review appeared in that journal too, or that it appeared in a different journal and misrepresented the study. Application: Okonkwo ought to be permitted to run a rebuttal in Coastal Ecology answering Vance's review, which harshly criticized Okonkwo's study.","Which one of the following, if true, justifies the above application of the principle?",Okonkwo's study appeared in Coastal Ecology as well as in several other journals.,Both Okonkwo's study and Vance's review appeared in Coastal Ecology.,Vance's review appeared in Coastal Ecology as well as in several other journals.,"Okonkwo's study appeared only in Coastal Ecology, while Vance's review ran in many other journals.",Vance's review appeared in Coastal Ecology and was unfair to Okonkwo's study.,B,"If both the study and the review appeared in Coastal Ecology, the first branch is met and the rebuttal there is licensed.",Supply the fact that makes one branch of the principle apply to Okonkwo's case.,Okonkwo should be allowed to rebut Vance's review in Coastal Ecology.,,,,principle|apply|condition_matching,silent_on_review,N/A_correct,silent_on_study,wrong_branch,irrelevant_unfairness,Scope Failure,N/A_correct,Scope Failure,Direction Failure,Scope Failure,"Choice A is tempting because it places the study in Coastal Ecology, but it says nothing about where the review ran, so neither branch of the principle is shown to be satisfied.","Choice B justifies the application: the study ran in Coastal Ecology, so a rebuttal there is the right venue, and the review also ran there, satisfying the first branch of the principle.","Choice C is tempting because it puts the review in Coastal Ecology, but it does not establish that the study appeared there, so it is not shown that Coastal Ecology is the journal in which Okonkwo may rebut.","Choice D is tempting because the study is placed in Coastal Ecology, but with the review only elsewhere the first branch fails, and nothing says the review misrepresented the study, so the second branch is unmet.","Choice E is tempting because it adds unfairness, but misrepresentation matters only for reviews in a different journal, and this choice still does not establish that the study itself appeared in Coastal Ecology.",TRUE,TRUE,TRUE,TRUE,TRUE,pass,,,v1,current
AR_V1_B3_0013,AR_B3_BP_0013,29,LSAT_201_Source_Compilation_Keyed,0,1,validated_candidate,unpublished,production_factory_pass_not_human_validated,PR,3,PRINCIPLE_JUSTIFY,PAT_PRINCIPLE_SUPPORTS_REASONING,Principle that Justifies the Reasoning,idle-data-center-efficiency,"A sprawling new data center was built to meet the strictest energy-efficiency codes any facility has ever satisfied, consuming enormous quantities of steel, concrete, and power in the process. Yet it now sits nearly idle, its servers rarely called upon. So it is, in the end, no real triumph of energy efficiency after all.","Which one of the following principles, if valid, most helps to justify the reasoning in the argument?",Achieving energy efficiency is no harder in a data center than in other kinds of buildings.,A backup facility ought to meet the same efficiency codes as the primary one it supports.,Devoting resources to build capacity that the market leaves unused undercuts a project's claim to energy efficiency.,"To limit financial risk, very large facilities should not be built during economic downturns.",The energy a building uses while operating matters more than the energy used to construct it.,C,"If building capacity the market leaves unused undercuts an efficiency claim, then an idle center is no efficiency triumph.",Supply the principle linking unused capacity to a failed claim of efficiency.,The data center is no real triumph of energy efficiency.,It meets strict codes but sits nearly idle after consuming enormous resources.,"A principle is needed tying wasted, unused capacity to the failure of an efficiency claim.",,principle|justify|wasted_capacity,comparability,standards_parity,N/A_correct,risk_timing,operate_vs_build,Scope Failure,Scope Failure,N/A_correct,Scope Failure,Direction Failure,"Choice A is tempting because it concerns efficiency, but a claim that efficiency is equally hard across buildings gives no reason to deny that this idle center is efficient, so it does not justify the reasoning.","Choice B is tempting because standards are at issue, but a rule about matching codes across facilities does nothing to connect the center's idleness to a failed efficiency claim.","Choice C justifies the reasoning: the argument's sole ground is that the center was built at great cost yet goes unused, and this principle makes exactly that a reason to deny it is a triumph of efficiency.","Choice D is tempting because it counsels caution about big projects, but timing and financial risk are not the argument's ground, which is wasted capacity, so this principle does not support it.","Choice E is tempting because it weighs kinds of energy, but if operating energy mattered most, an idle center would look efficient, which cuts against the conclusion rather than supporting it.",TRUE,TRUE,TRUE,TRUE,TRUE,pass,,,v1,current
AR_V1_B3_0014,AR_B3_BP_0014,33,LSAT_201_Source_Compilation_Keyed,0,1,validated_candidate,unpublished,production_factory_pass_not_human_validated,PR,3,PRINCIPLE_JUSTIFY,PAT_PRINCIPLE_SUPPORTS_REASONING,Principle that Justifies the Reasoning,arbitrator-recusal,"Opposing counsel: The arbitrator recently spent a holiday weekend at a lodge owned by one of the parties, and for years her household has accepted free courtside seats from that party's parent company. Even granting her word that the dispute never came up during the weekend, these ties give real reason to doubt she can rule even-handedly. She ought to do the right thing and withdraw from the case.","Which one of the following principles, if valid, most helps to justify the reasoning in opposing counsel's argument?","An arbitrator, being human, can never be expected to be wholly impartial in deciding a dispute.",An arbitrator's denial that a case was discussed should be doubted if she has accepted something of value from a party.,An arbitrator should never accept anything of value from a party to a dispute over which she presides.,An arbitrator should step aside from any dispute in which a reasonable doubt about her impartiality could be raised.,An arbitrator should withdraw only when it is plainly shown that a party actually swayed her.,D,Counsel infers withdrawal from mere reasonable doubt about impartiality; the principle must make such doubt sufficient grounds to step aside.,Supply the principle whose truth licenses the call for withdrawal.,The arbitrator ought to withdraw from the case.,Her ties to a party give real reason to doubt she can rule even-handedly.,A principle is needed making a reasonable doubt about impartiality enough to require withdrawal.,,principle|justify|recusal,defeats_conclusion,attacks_denial,bans_gifts,N/A_correct,higher_bar,Direction Failure,Scope Failure,Scope Failure,N/A_correct,Direction Failure,"Choice A is tempting because it concerns impartiality, but if perfect impartiality were never expected, that would undercut singling this arbitrator out, so it works against the call to withdraw.","Choice B is tempting because gifts and a denial both appear, but counsel grants the denial and argues from appearances anyway, so a principle for disbelieving the denial is not what the reasoning needs.","Choice C is tempting because it condemns the free seats, but a rule against accepting gifts does not by itself establish that this arbitrator must withdraw from the case, which is the conclusion drawn.","Choice D justifies the reasoning: counsel's ground is that the ties raise a reasonable doubt about even-handedness, and this principle makes exactly such a doubt sufficient reason for the arbitrator to withdraw.","Choice E is tempting because it addresses withdrawal, but it demands proof of actual bias, a higher bar than counsel meets; it would block the conclusion rather than justify it.",TRUE,TRUE,TRUE,TRUE,TRUE,pass,,,v1,current
AR_V1_B3_0015,AR_B3_BP_0015,5,LSAT_201_Source_Compilation_Keyed,0,1,validated_candidate,unpublished,production_factory_pass_not_human_validated,WK,3,WEAKEN_ATTACK_KEY_LINK,PAT_BREAK_INFERENCE_LINK,Weaken by Breaking the Link,asphalt-town-warming,"Analyst: The town's average summer temperature has climbed about two degrees over the past thirty years. This warming is chiefly the result of the spreading expanse of dark asphalt across the town, which soaks up sunlight through the day and releases the stored heat well into the night. Nothing else about the town, the analyst maintains, has changed enough to account for the rise.","Which one of the following, if true, would count as evidence against the analyst's explanation of the town's warming?",Only some of the dark asphalt now in town was laid down by the municipal government.,Over the thirty years the town received slightly more sunshine in some summers than in others.,Pale-colored rooftops across the town reflect a good deal of sunlight before it can warm the ground.,The area covered by dark asphalt has grown more in the past thirty years than in any earlier period.,Most of the two-degree rise had already taken place before most of the town's asphalt was laid down.,E,"If most of the warming happened before most of the asphalt existed, the asphalt cannot be its chief cause.",Add a fact on which the asphalt cannot be the chief cause of the warming.,The town's warming is chiefly caused by the spread of dark asphalt.,"Asphalt absorbs sunlight and releases heat, and its expanse has spread across the town.","If the warming preceded the asphalt, the asphalt cannot explain most of it.",,weaken|timing_mismatch|undercut_cause,partial_source,minor_variation,cooling_factor,strengthens,N/A_correct,Scope Failure,Scope Failure,Scope Failure,Direction Failure,N/A_correct,"Choice A is tempting because it qualifies the asphalt, but who laid it has no bearing on whether the asphalt as a whole is warming the town, so it does not tell against the explanation.","Choice B is tempting because sunlight drives the mechanism, but small year-to-year swings in sunshine do not challenge the claim that the growing asphalt is the chief cause of the overall rise.","Choice C is tempting because it introduces sunlight and heat, but a factor that keeps things cooler does not show the asphalt failed to cause the warming that did occur, so it does not weaken the claim.","Choice D is tempting because it engages the asphalt, but a surge in asphalt matching the warming period would support the explanation, so it strengthens rather than weakens it.","Choice E weakens the argument: if most of the warming came before most of the asphalt existed, the asphalt cannot be the chief cause of that warming, which is exactly what the analyst claims.",TRUE,TRUE,TRUE,TRUE,TRUE,pass,,,v1,current
AR_V1_B3_0016,AR_B3_BP_0016,9,LSAT_201_Source_Compilation_Keyed,0,1,validated_candidate,unpublished,production_factory_pass_not_human_validated,NA,3,NECESSARY_ASSUMPTION_BRIDGE,PAT_REQUIRED_CONNECTOR,Necessary Assumption Bridge,marsh-warbler-valley,"Naturalist: The claim that the marsh warbler still nests in this valley is mistaken. The wetland it depended on was drained for farmland years ago, and ever since, surveyors combing the valley have turned up no nests, no eggs, and no feathers. Whatever people believe they have glimpsed, the marsh warbler no longer lives here. The evidence, in the naturalist's view, all points in one direction.",Which one of the following is an assumption on which the naturalist's argument depends?,The marsh warbler did not simply move to a different area and go on nesting there after its wetland was drained.,Draining the wetland killed off the last marsh warblers by starving them where they were.,Some animals in the valley can destroy a warbler's nest and eggs without leaving a trace.,Every surveyor who has worked in the valley searched systematically for signs of the warbler.,The people who report glimpsing the warbler are not experienced birdwatchers.,A,"From lost habitat plus no physical evidence, the naturalist concludes absence, which needs that the bird did not just move elsewhere and persist.",State the assumption ruling out that the warbler simply relocated within reach and still nests nearby.,The marsh warbler no longer lives in the valley.,"Its wetland was drained and no nests, eggs, or feathers have been found since.","The bird might have shifted to another spot and gone on nesting, leaving the old area empty.",,necessary_assumption|rule_out_relocation,N/A_correct,specific_mechanism,undercuts_evidence,too_strong_universal,dismiss_by_expertise,N/A_correct,Scope Failure,Direction Failure,Scope Failure,Scope Failure,"Choice A is required: the naturalist reads lost habitat and missing evidence as extinction from the valley, which holds only if the bird did not relocate and persist elsewhere; if it had, the empty old site would prove nothing.","Choice B is tempting because it ties draining to the birds' fate, but the argument needs only that the bird is gone, not a particular mechanism of death, so this stronger claim is not required.","Choice C is tempting because it concerns the missing evidence, but it would explain away the absence of traces, weakening the argument rather than being something it must assume.","Choice D is tempting because thorough searching supports the conclusion, but the argument does not require that every single surveyor searched systematically, only that the bird is in fact gone.","Choice E is tempting because it would discount the sightings, but the argument can set the glimpses aside without assuming the observers are inexpert, so this is not a required assumption.",TRUE,TRUE,TRUE,TRUE,TRUE,pass,,,v1,current
AR_V1_B3_0017,AR_B3_BP_0017,6,LSAT_201_Source_Compilation_Keyed,0,1,validated_candidate,unpublished,production_factory_pass_not_human_validated,SA,3,SUFFICIENT_ASSUMPTION_CONDITIONAL_BRIDGE,PAT_GAP_CLOSING_CONDITIONAL,Sufficient Assumption Conditional Bridge,pilots-guild-relief-captain,"Admission to the Pilots' Guild requires a current medical certificate, and no one who has failed the annual vision exam may be admitted to the Guild. So Reyes, a decorated navigator who failed last month's vision exam, cannot be hired as the ferry's relief captain, the officer who takes the helm whenever the regular captain is away. That post is a demanding one, not a mere formality.",The argument's conclusion follows logically if which one of the following is assumed?,Anyone who holds a current medical certificate and has not failed the vision exam is eligible for Guild admission.,Only those eligible for admission to the Pilots' Guild can be hired as the ferry's relief captain.,A current medical certificate is not required in order to be hired as the ferry's relief captain.,"If Reyes had not failed the vision exam, he would be hired as the ferry's relief captain.",Reyes's trouble with the vision exam bears on what a ferry's relief captain must actually do.,B,"Reyes is barred from the Guild, so to conclude he cannot be relief captain the argument needs that only Guild-eligible people can hold that post.",Supply the link tying Guild eligibility to being hired as relief captain.,Reyes cannot be hired as the ferry's relief captain.,"Reyes failed the vision exam, and no one who failed it may be admitted to the Guild.",Nothing yet says the relief-captain post requires Guild eligibility at all.,,sufficient_assumption|bridge_role_to_eligibility,plays_on_necessary,N/A_correct,irrelevant_requirement,converse_sufficiency,relevance_not_validity,Scope Failure,N/A_correct,Scope Failure,Direction Failure,Scope Failure,"Choice A is tempting because it recites the Guild's requirements, but it tells us who is eligible for the Guild, not that the relief-captain post requires Guild eligibility, so it does not close the gap.","Choice B makes the conclusion follow: Reyes is barred from the Guild by his failed vision exam, and if only Guild-eligible people can be relief captain, then Reyes cannot hold that post.","Choice C is tempting because it mentions the certificate, but what the relief-captain post does or does not require of certificates does not connect Reyes's Guild ineligibility to the post.","Choice D is tempting because it links the exam to the post, but it supplies a sufficient condition for being hired, not the bridge from Guild ineligibility to being barred, which the conclusion needs.","Choice E is tempting because it connects vision to the job, but mere relevance does not make the conclusion follow; the argument needs that the post itself requires Guild eligibility.",TRUE,TRUE,TRUE,TRUE,TRUE,pass,,,v1,current
AR_V1_B3_0018,AR_B3_BP_0018,13,LSAT_201_Source_Compilation_Keyed,0,1,validated_candidate,unpublished,production_factory_pass_not_human_validated,SA,3,SUFFICIENT_ASSUMPTION_CONDITIONAL_BRIDGE,PAT_GAP_CLOSING_CONDITIONAL,Sufficient Assumption Conditional Bridge,reclaimed-clay-bricks,"Standard clay bricks are identical in the amount of clay each contains. Forty percent of the clay in a certain batch (P) of standard bricks was reclaimed from an older batch (Q) of standard bricks that had been ground up. Since all of Q's bricks were reclaimed into bricks in P, and since the non-clay material in a brick is negligible, it follows that P contains two and a half times as many bricks as Q.",The conclusion of the argument follows logically if which one of the following is assumed?,The clay in the bricks of batch P cannot be reclaimed yet again into future bricks.,Reclaimed clay is of poorer quality than clay that has never been reclaimed.,All of the clay in a brick is recovered when that brick is ground up and reclaimed.,None of the bricks in batch Q had themselves been made from previously reclaimed clay.,Clay bricks are easier to reclaim than bricks made from other materials.,C,"The count follows only if all of Q's clay ends up in P, so nothing is lost when the bricks are ground up and reclaimed.",Supply the assumption that lets Q's clay equal exactly forty percent of P's.,P contains two and a half times as many bricks as Q.,"Forty percent of P's clay came from Q, whose bricks were all reclaimed into P.","If some clay were lost in reclaiming, Q's clay would exceed forty percent of P's and the ratio would fail.",,sufficient_assumption|quantitative|no_loss,future_recycling,quality_irrelevant,N/A_correct,origin_of_Q,cross_material,Scope Failure,Scope Failure,N/A_correct,Scope Failure,Scope Failure,"Choice A is tempting because it concerns reclaiming, but whether P's clay can be reused later has no bearing on how much of Q's clay ended up in P, so it does not secure the ratio.","Choice B is tempting because it distinguishes the clay, but quality does not affect the amount of clay carried over, and the conclusion turns entirely on amounts, so this is beside the point.","Choice C makes the conclusion follow: if no clay is lost in reclaiming, then Q's clay is exactly the forty percent of P's clay that came from it, so P has two and a half times Q's clay and thus two and a half times as many bricks.","Choice D is tempting because it concerns Q's history, but where Q's clay originally came from does not affect how much of it transfers into P, so it does not close the quantitative gap.","Choice E is tempting because it praises clay's recyclability, but a comparison with other materials says nothing about whether all of Q's clay ended up in P, which is what the count requires.",TRUE,TRUE,TRUE,TRUE,TRUE,pass,,,v1,current
AR_V1_B3_0019,AR_B3_BP_0019,12,LSAT_201_Source_Compilation_Keyed,0,1,validated_candidate,unpublished,production_factory_pass_not_human_validated,PA,4,PARALLEL_REASONING_FORM,PAT_MATCH_VALID_FORM,Match the Abstract Valid Form,truth-and-secrets-obligations,"Suppose I have vowed always to tell my mentor the whole truth, and one day she asks me something I cannot answer fully without revealing a friend's secret I swore to guard. Plainly I cannot both reveal and conceal the very same secret. So no one can be bound both to tell a mentor the whole truth on every occasion and to guard every secret entrusted to them.",Which one of the following arguments is most similar in its reasoning to the argument above?,Some shops can draw enough customers only by advertising falsely; and every shop needs customers; so some shops must advertise falsely.,"If we price the tickets high, patrons will call us greedy; if we price them low, they will think the show second-rate; so however we price them, we invite complaint.","If tenants have a valid grievance and the landlord can fix it, the landlord must act; and if a landlord must act, the board will compel it. The board did not compel this landlord, so either the grievance was invalid or the landlord could not fix it.","We are told we have a free hand to spend our earnings however we like, and also a duty to support our aging parents. But supporting them means not spending entirely as we like. So we cannot both have a free hand to spend as we like and a duty to support our parents.","To open a second location we would have to borrow heavily or sell equity; both would strain our finances, which we cannot allow; so we will keep to a single location.",D,Form: duty-to-always-X and duty-to-always-Y conflict in a case; can't do both there; so one cannot be bound to both universally.,"Match the form: two universal duties that collide in a case, so both cannot hold without exception.",One cannot be bound both to tell the whole truth always and to guard every secret.,,,,parallel|conflicting_obligations,chain_not_conflict,dilemma_not_conflict,deny_consequent,N/A_correct,disjunction_elimination,Parallel Failure,Parallel Failure,Parallel Failure,N/A_correct,Parallel Failure,"Choice A is tempting because it reaches a must-conclusion, but it chains a need to a single means, rather than showing two universal duties that collide, so its form differs from the original.","Choice B is tempting because two options both go badly, but it is a dilemma about outcomes of a choice, not a demonstration that two standing obligations cannot both hold, so it does not match.","Choice C is tempting because it involves obligations, but it runs a conditional chain backward from a denied consequent, a different structure from showing two universal duties in conflict.","Choice D matches the form exactly: two universal entitlements or duties are posited, a case shows they cannot both be honored, and the argument concludes one cannot be bound to both without exception, just as with truth and secrets.","Choice E is tempting because options are ruled out, but it eliminates both branches of a disjunction to reach a practical decision, not a conflict between two universal obligations, so the pattern is different.",TRUE,TRUE,TRUE,TRUE,TRUE,pass,,,v1,current
AR_V1_B3_0020,AR_B3_BP_0020,1,LSAT_201_Source_Compilation_Keyed,0,1,validated_candidate,unpublished,production_factory_pass_not_human_validated,MC,2,MAIN_CONCLUSION,PAT_IDENTIFY_MAIN_POINT,Identify the Main Conclusion,newspaper-clicks,"Editor: Every newspaper chases online clicks, since clicks bring in advertising revenue and help keep the paper afloat. But not every tactic that wins clicks serves the paper's deeper interests. Chasing clicks often means running shallow, sensational stories, which erodes readers' trust and demoralizes the reporters who want to do serious work. The pull of the click count, in short, does not always run with the paper's real good.",Which one of the following most accurately expresses the main conclusion of the editor's argument?,"If a tactic that keeps a paper afloat fails to help its reporters, then it cannot be good for the paper.",Only when reporters also own the paper will their interests and the paper's fully coincide.,There is no newspaper that does not chase online clicks.,"Running shallow, sensational stories demoralizes the reporters who want to do serious work.",Not every tactic a newspaper uses to win online clicks serves the paper's deeper interests.,E,The main point is that not every click-winning tactic serves the paper's deeper interests; the rest supports it.,"Identify the editor's main point, as opposed to the supporting premises.",Not every tactic a newspaper uses to win clicks serves the paper's deeper interests.,Chasing clicks often means shallow stories that erode trust and demoralize reporters.,,,main_conclusion|distinguish_from_premises,unstated_conditional,unsupported_onlyif,premise_not_conclusion,support_not_conclusion,N/A_correct,Role Failure,Role Failure,Role Failure,Role Failure,N/A_correct,"Choice A is tempting because it echoes the theme, but the editor never asserts this general conditional; it goes beyond the argument, so it is not the conclusion actually drawn.","Choice B is tempting because interests are discussed, but the editor says nothing about ownership, so this claim is neither stated nor the point the argument builds toward.","Choice C is tempting because the editor does say every paper chases clicks, but that is a premise setting up the argument, not the main point it is offered to establish.","Choice D is tempting because it is stated in the passage, but it is offered as support for the main point, explaining why click-chasing can fail the paper, rather than being that point itself.","Choice E is the main conclusion: the surrounding claims about shallow stories, lost trust, and demoralized reporters are all offered to support precisely this point, which is what the editor is arguing for.",TRUE,TRUE,TRUE,TRUE,TRUE,pass,,,v1,current
AR_V1_B4_0001,AR_B4_BP_0001,4,LSAT_201_Source_Compilation_Keyed,0,1,validated_candidate,unpublished,production_factory_pass_not_human_validated,FL,3,FLAW_DESCRIBE,PAT_NAME_THE_ERROR,Describe the Flaw,cafe-single-use-cups,"Cafe owner: Our competitors say we should stop handing out single-use cups, on the principle that any business whose cups end up as litter ought to phase them out on its own. Their claim that our cups become litter has never actually been established. And even if it were, their argument would deserve no attention at all, because their own shops hand out single-use cups too, and they have not phased theirs out either.",The cafe owner's argument is most vulnerable to the criticism that it,rejects an argument on the ground that those who advance it have not themselves done what the argument says ought to be done,rejects an argument on the ground that those who advance it stand to gain if others accept its conclusion,"concludes that because a claim has not been proved true, that claim must be false",tries to support its conclusion with two reasons that cannot both be true at the same time,treats a condition under which cups would be objectionable as though it were enough by itself to make them objectionable,A,"The owner brushes the argument aside because the competitors don't practice what they preach, which is no reason the argument is wrong.",Name the reasoning error: dismissing an argument because its proponents do not themselves follow its recommendation.,The competitors' argument deserves no serious attention.,The competitors also hand out single-use cups and have not phased them out.,Whether the proponents follow their own advice is irrelevant to whether the advice is correct.,,flaw|tu_quoque|ad_hominem_circumstantial,N/A_correct,vested_interest,absence_of_proof,incompatible_reasons,necessary_as_sufficient,N/A_correct,Relevance Failure,Relevance Failure,Structure Failure,Conditional Failure,"Choice A correctly names the error: the owner sets the competitors' argument aside merely because they do not follow its recommendation, which has no bearing on whether the recommendation is sound.","Choice B is tempting because the competitors are rivals, but the owner's stated reason is that they fail to follow their own advice, not that they would profit if the advice were accepted.","Choice C is tempting because the owner does note the littering claim is unproven, but the argument does not treat it as thereby false; it goes on to attack the competitors for not following their own rule.","Choice D is tempting because the owner gives more than one reason, but the two reasons are not in conflict with each other, so the flaw is not an incompatibility between them.","Choice E is tempting because conditions for objectionable cups are in play, but the owner never confuses a necessary condition with a sufficient one; the real error concerns dismissing the rivals' argument.",TRUE,TRUE,TRUE,TRUE,TRUE,pass,,,v1,current
AR_V1_B4_0002,AR_B4_BP_0002,23,LSAT_201_Source_Compilation_Keyed,0,1,validated_candidate,unpublished,production_factory_pass_not_human_validated,FL,3,FLAW_DESCRIBE,PAT_NAME_THE_ERROR,Describe the Flaw,library-training-committee,"Head librarian: Here at the central branch, every one of our full-time clerks attends the weekly shelving workshop, because their contracts require it, while only about half of our part-time clerks attend it. Some workshop attendees, including several of our most accurate shelvers, also serve on the events committee. Therefore we can conclude that some events-committee members are full-time clerks and some are part-time clerks.",The reasoning in the head librarian's argument is flawed because this argument,takes for granted that more of the strong shelvers than of the other clerks serve on the events committee,overlooks the possibility that those who both attend the workshop and serve on the events committee do not include both full-time and part-time clerks,takes for granted that more full-time clerks than part-time clerks serve on the events committee,overlooks the possibility that clerks have many ways of spending their time besides the events committee,"uses the word ""attend"" in one sense at first and then shifts it to a different sense",B,"The attendees who also sit on the committee could be entirely full-time, or entirely part-time; nothing guarantees both are represented.",Name the error: assuming the overlap group must include members of both subgroups.,Some events-committee members are full-time clerks and some are part-time clerks.,"All full-timers and half the part-timers attend the workshop, and some attendees serve on the committee.",The workshop-and-committee overlap need not contain both full-time and part-time clerks.,,flaw|overlap_composition|both_subgroups,unwarranted_ranking_skill,N/A_correct,unwarranted_ranking_group,irrelevant_alternatives,equivocation,Scope Failure,N/A_correct,Scope Failure,Scope Failure,Language Failure,"Choice A is tempting because the strong shelvers are mentioned, but the argument makes no comparison of how many strong versus other shelvers join the committee, so this is not its error.","Choice B correctly names the error: the people in that overlap could all be full-time, or all part-time, so the conclusion that both groups are represented on the committee does not follow.","Choice C is tempting because full- and part-time clerks are compared elsewhere, but the argument never assumes one group outnumbers the other on the committee; that is not the flaw.","Choice D is tempting because it raises other activities, but what else clerks might do is beside the point; the gap is about who is in the workshop-and-committee overlap.","Choice E is tempting because a describe-the-flaw answer often points to a shifted term, but ""attend"" keeps a single meaning throughout, so no equivocation occurs.",TRUE,TRUE,TRUE,TRUE,TRUE,pass,,,v1,current
AR_V1_B4_0003,AR_B4_BP_0003,25,LSAT_201_Source_Compilation_Keyed,0,1,validated_candidate,unpublished,production_factory_pass_not_human_validated,FL,3,FLAW_DESCRIBE,PAT_NAME_THE_ERROR,Describe the Flaw,linguist-language-descent,"Linguist: Most scholars accept that the Talvic language descended from Old Rhenish. A few have resisted this view, because the earliest known Talvic inscriptions are older than the earliest known Old Rhenish inscriptions by several generations. That reasoning goes wrong, though: the absence so far of any Old Rhenish inscription from the relevant era does nothing to show that none such ever existed.",The linguist's argument is most vulnerable to criticism on which one of the following grounds?,"It overlooks that even if one particular objection to a theory is misguided, the theory itself may still be false.","It takes for granted that if any Old Rhenish inscriptions older than the known Talvic ones exist, that alone would prove the descent.",It fails to address the possibility that it can be reasonable to withhold acceptance of a theory solely because the evidence gathered so far is insufficient.,It overlooks that there may be strong evidence against the descent that has nothing to do with the ages of any inscriptions.,"It presumes, without warrant, that the earliest inscriptions of a language are a reliable guide to that language's true age.",C,"Even if the dissenters' particular objection fails, it can still be reasonable to withhold acceptance while the evidence remains insufficient.","Name the error: rebutting one objection does not establish the theory, since withholding acceptance on thin evidence can itself be reasonable.",The dissenters' reasoning against the descent theory is misguided.,Missing old Old Rhenish inscriptions might nonetheless exist.,Defeating one objection leaves open that scant evidence can justify withholding belief.,,flaw|rebut_objection_not_theory|burden_of_proof,objection_vs_theory,sufficiency_overclaim,N/A_correct,other_evidence,unstated_premise_attack,Scope Failure,Conditional Failure,N/A_correct,Scope Failure,Scope Failure,"Choice A is tempting and close, but the linguist attacks the dissenters' reasoning, not the theory's truth directly; the sharper flaw is ignoring that scant evidence can justify withholding acceptance.","Choice B is tempting because it concerns the missing inscriptions, but the linguist never claims such a find would prove descent; only that its possibility undercuts the objection.","Choice C correctly names the error: the dissenters may be reasonably withholding belief given thin evidence, and showing their specific point about inscriptions is answerable does not touch that stance.","Choice D is tempting because unspecified counter-evidence sounds relevant, but the argument concerns the inscription-age objection specifically; positing unrelated evidence is not the flaw committed.","Choice E is tempting because inscription ages are central, but the linguist does not rely on that presumption; the reasoning fault lies in dismissing reasonable doubt based on insufficient evidence.",TRUE,TRUE,TRUE,TRUE,TRUE,pass,,,v1,current
AR_V1_B4_0004,AR_B4_BP_0004,51,LSAT_201_Source_Compilation_Keyed,0,1,validated_candidate,unpublished,production_factory_pass_not_human_validated,FL,2,FLAW_DESCRIBE,PAT_NAME_THE_ERROR,Describe the Flaw,blogger-standing-desk,"Blogger: The health press wildly overstates the harm of sitting at a desk all day. We are constantly warned about how a sedentary workday supposedly shortens people's lives, yet my aunt sat behind a desk for forty years and is now a sharp, healthy eighty-eight. Clearly there is far less to these warnings than the experts would have us believe about the risks of a desk job.",The reasoning in the blogger's argument is most vulnerable to criticism on the grounds that the argument,fails to consider factors other than a desk job that can lengthen or shorten a person's life,addresses only how long a person lives and not the quality of the life that is lived,does not address possible moral objections to spending one's days at a desk,relies on a single anecdote to challenge a general claim,mistakes the cause of a phenomenon for one of that phenomenon's effects,D,One long-lived aunt cannot refute a claim about what tends to happen across many people.,Name the error: using a single anecdote to rebut a general statistical claim.,The warnings about sedentary work are greatly overstated.,One aunt sat at a desk for forty years and is healthy at 88.,A general claim about a population is not overturned by a single favorable case.,,flaw|anecdote_vs_general_claim,other_factors,quality_vs_length,moral_irrelevance,N/A_correct,cause_effect_confusion,Scope Failure,Scope Failure,Scope Failure,N/A_correct,Causal Failure,"Choice A is tempting because other health factors clearly matter, but the argument's central mistake is using one case against a general claim, not neglecting confounding factors.","Choice B is tempting because it distinguishes length from quality of life, but the warnings and the blogger both speak to lifespan, so this shift is not the flaw.","Choice C is tempting as an overlooked angle, but moral objections have nothing to do with the health claim at issue, so ignoring them is not the reasoning error.","Choice D correctly names the error: one healthy aunt is a lone example, which cannot by itself overturn a general claim about how sedentary work tends to affect lifespan across people.","Choice E is tempting because it names a familiar reasoning error, but the blogger never swaps a cause for an effect; the mistake is generalizing from one favorable case.",TRUE,TRUE,TRUE,TRUE,TRUE,pass,,,v1,current
AR_V1_B4_0005,AR_B4_BP_0005,12,LSAT_201_Source_Compilation_Keyed,0,1,validated_candidate,unpublished,production_factory_pass_not_human_validated,ST,3,STRENGTHEN_SUPPORT_CAUSE,PAT_RULE_IN_MECHANISM,Strengthen a Causal Claim,plant-shift-start-injuries,"Last quarter the plant moved every shift's start one hour earlier, and as a result many workers lost an hour of sleep. Over the following week, according to the safety office, on-the-job injuries ran about eight percent above what the plant normally sees in that season. The most plausible explanation is that grogginess brought on by the lost sleep drove this jump in injuries.","Which one of the following, if true, most strengthens the argument?","Some workers, forgetting the new schedule, arrived an hour late and had to rush through their opening tasks.",On-the-job injuries are generally less frequent in that season than during the winter months.,The injuries that occurred in the week after the change were no more serious than injuries normally are.,The effects of losing a single hour of sleep can persist for several days.,"The rise in injuries was most pronounced during the first hours of each shift, when workers short on sleep tend to be groggiest.",E,"If the extra injuries cluster exactly when groggy workers would be worst off, the sleep explanation is reinforced.",Add a fact that ties the injury spike specifically to sleep-driven grogginess.,Grogginess from lost sleep caused the jump in injuries.,Injuries rose eight percent the week after workers lost an hour of sleep.,Something must link the timing or pattern of injuries to sleep deprivation specifically.,,strengthen|causal|timing_pattern,alternative_cause,irrelevant_comparison,severity_irrelevant,duration_generic,N/A_correct,Scope Failure,Scope Failure,Scope Failure,Scope Failure,N/A_correct,"Choice A is tempting because it could explain some injuries, but rushing due to lateness is a different cause, which if anything competes with the sleep explanation rather than supporting it.","Choice B is tempting because it cites injury rates, but a season-to-season comparison says nothing about whether lost sleep caused the eight-percent rise within that week.","Choice C is tempting because it concerns the injuries, but their severity is beside the point; the argument is about what caused the rise in their number, not how bad they were.","Choice D is tempting because it concerns lost sleep, but a general claim about lingering effects does not tie this particular injury spike to grogginess the way a specific pattern would.","Choice E most strengthens the argument: if the extra injuries cluster precisely when sleep-deprived workers would be groggiest, that pattern is just what the sleep-deprivation explanation predicts.",TRUE,TRUE,TRUE,TRUE,TRUE,pass,,,v1,current
AR_V1_B4_0006,AR_B4_BP_0006,27,LSAT_201_Source_Compilation_Keyed,0,1,validated_candidate,unpublished,production_factory_pass_not_human_validated,ST,2,STRENGTHEN_SUPPORT_CAUSE,PAT_RULE_IN_MECHANISM,Strengthen by Confirming the Contrast,marsh-wren-wormwood-mites,"The nests of the marsh wren often hold shredded reed, which the birds eat, together with shredded wormwood, which is not a food source. Since the wormwood is not eaten, it is probably tucked into the nest to drive off mites. This view is backed by a test in which mite eggs incubated among shredded reed almost all hatched, whereas among shredded wormwood only about one in five did.","Which one of the following, if true, most strengthens the argument?","Marsh-wren nests that contain no shredded wormwood are, in most cases, infested with mites.",Marsh wrens that nest near stands of reed almost always include shredded reed in their nests.,The marsh wren is the only bird known to keep shredded wormwood in its nest.,Mites are found more often on the bodies of marsh wrens than in their nests.,Shredded wormwood is generally harder for marsh wrens to gather than shredded reed is.,A,"If nests lacking wormwood tend to be mite-ridden, that confirms the wormwood keeps mites down.",Add a fact confirming that the wormwood is doing the mite-suppressing work in real nests.,The wormwood is placed in nests to drive off mites.,Far fewer mite eggs hatch among wormwood than among reed.,The lab result should be shown to hold for actual nests.,,strengthen|causal|field_confirmation,N/A_correct,trivial_availability,uniqueness_irrelevant,location_shift,effort_irrelevant,N/A_correct,Scope Failure,Scope Failure,Scope Failure,Scope Failure,"Choice A most strengthens the argument: if nests lacking wormwood tend to be mite-infested, that is just what we would expect if the wormwood is what keeps mites down.","Choice B is tempting because it concerns nest contents, but that wrens use nearby reed says nothing about whether the wormwood repels mites.","Choice C is tempting because it singles out the wormwood behavior, but whether other birds do it has no bearing on whether it drives mites from the wren's nest.","Choice D is tempting because it mentions mites, but where mites live does not speak to whether the wormwood in the nest is what keeps their numbers down.","Choice E is tempting because it concerns the wormwood, but the difficulty of gathering it does not support the claim that its purpose in the nest is to repel mites.",TRUE,TRUE,TRUE,TRUE,TRUE,pass,,,v1,current
AR_V1_B4_0007,AR_B4_BP_0007,66,LSAT_201_Source_Compilation_Keyed,0,1,validated_candidate,unpublished,production_factory_pass_not_human_validated,ST,3,STRENGTHEN_SUPPORT_CAUSE,PAT_RULE_IN_MECHANISM,Strengthen the Preferred Explanation,finch-song-dialects,"A study compared the songs of five inland populations of a finch, all of one subspecies, with those of two coastal populations of a different subspecies, tracking phrasing and rhythm. It found that one inland population's song resembled the coastal populations' songs more closely than it resembled the songs of the other inland populations. The researchers concluded that these song patterns are set mainly by learning rather than by inherited differences.","Which one of the following, if true, provides the most support for the argument?",Finches new to a population sometimes bring with them both unfamiliar songs and unfamiliar inherited traits.,Finches sometimes imitate the songs of other finches whether or not they are closely related genetically.,The finch populations studied face markedly different environmental challenges in their various locations.,The song differences among the populations are pronounced enough to tell each population apart.,The five inland populations live closer to one another than the two coastal populations do.,B,"If finches learn songs from others regardless of kinship, the cross-subspecies resemblance fits learning.","Add a fact making learning, not genetics, the better explanation of the odd resemblance.",The finches' song patterns are set mainly by learning.,One inland population's song matched the distant coastal populations more than its genetic neighbors.,Something must make learning a more plausible source of the resemblance than shared ancestry.,,strengthen|culture_vs_genetics|imitation,confounds_learning_genes,N/A_correct,alternative_cause,distinctness_irrelevant,proximity_irrelevant,Scope Failure,N/A_correct,Scope Failure,Scope Failure,Scope Failure,"Choice A is tempting because it involves new songs, but by bundling songs with inherited traits it leaves open a genetic explanation, so it does not favor learning over inheritance.","Choice B provides the most support: if finches copy songs regardless of kinship, then an inland population sounding like distant coastal ones is readily explained by learning rather than by genetics.","Choice C is tempting because environment can shape behavior, but differing environments would if anything predict differing songs, which does not explain the cross-subspecies resemblance by learning.","Choice D is tempting because it concerns song differences, but that the populations are distinguishable says nothing about whether learning or genetics sets their songs.","Choice E is tempting because it concerns location, but relative proximity does not explain why one inland population sings like the distant coastal ones, nor does it favor learning.",TRUE,TRUE,TRUE,TRUE,TRUE,pass,,,v1,current
AR_V1_B4_0008,AR_B4_BP_0008,9,LSAT_201_Source_Compilation_Keyed,0,1,validated_candidate,unpublished,production_factory_pass_not_human_validated,WK,2,WEAKEN_ATTACK_KEY_LINK,PAT_BREAK_INFERENCE_LINK,Weaken by Undercutting the Safety Claim,rumble-strips-intersections,"Installing rumble strips on the approaches to rural intersections is supposed to make those intersections safer, but it does not. Crashes actually rise at intersections that have the strips: there are fewer high-speed cross-traffic crashes, but considerably more low-speed rear-end taps as cars brake suddenly. So the strips do nothing for safety.","Which one of the following, if true, most weakens the argument?",The rumble strips cost far less to install than most other intersection safety measures do.,The strips are sometimes set off by large animals crossing the road rather than by cars.,High-speed cross-traffic crashes are a far graver threat to life than low-speed rear-end taps are.,The high-speed cross-traffic crashes are usually the fault of drivers who were speeding.,Many of the low-speed rear-end taps at these intersections are never reported to the authorities.,C,"If the crashes that dropped are far deadlier than the ones that rose, safety improved.",Show that the change in crash mix is a net safety gain despite more total crashes.,The rumble strips do nothing for safety.,"Total crashes rise, with fewer cross-traffic crashes but more rear-end taps.",A rise in minor crashes may be outweighed by a fall in severe ones.,,weaken|severity_tradeoff,cost_irrelevant,irrelevant_trigger,N/A_correct,fault_irrelevant,reporting_irrelevant,Scope Failure,Scope Failure,N/A_correct,Scope Failure,Scope Failure,"Choice A is tempting because it favors the strips, but their low cost has nothing to do with whether they make the intersection safer, which is the claim at issue.","Choice B is tempting because it concerns the strips, but what triggers them does not bear on whether they reduce the overall harm from crashes.","Choice C most weakens the argument: if the crashes that fell are far deadlier than the ones that rose, the strips improve safety on balance even though total crashes go up.","Choice D is tempting because it discusses the cross-traffic crashes, but who is at fault does not affect whether reducing those crashes makes the intersection safer overall.","Choice E is tempting because it concerns the rear-end taps, but whether they are reported does not speak to the net safety effect of the strips.",TRUE,TRUE,TRUE,TRUE,TRUE,pass,,,v1,current
AR_V1_B4_0009,AR_B4_BP_0009,6,LSAT_201_Source_Compilation_Keyed,0,1,validated_candidate,unpublished,production_factory_pass_not_human_validated,WK,3,WEAKEN_ATTACK_KEY_LINK,PAT_BREAK_INFERENCE_LINK,Weaken by Offering a Rival Function,cave-fish-heat-sense,"A blind cave fish that lives far from any light has been found to possess organs sensitive to faint infrared warmth. Ordinary sunlight cannot reach its cavern. If these heat receptors arose as an adaptation to cave life, they are probably for sensing the warmth given off by other living things. In that case, since the fish itself is cold-bodied, it probably uses the receptors to hunt warm-bodied prey.","Which one of the following, if true, would most weaken the argument?",A trait that serves no function at all tends to be lost over many generations.,Warm-bodied creatures are scarce in the part of the cave where the fish is found.,The cave fish can locate others of its own kind by smell rather than by warmth.,The cave fish's most dangerous predators are warm-bodied.,Heat-sensing organs of this kind take many generations to evolve.,D,"If the fish's predators are warm-bodied, the receptors more likely serve to avoid them, not to hunt.",Offer a rival purpose for the heat sense that fits the facts better than hunting.,The fish uses its heat receptors to hunt warm-bodied prey.,"The receptors likely sense living things' warmth, and the fish is cold-bodied.",The warmth being sensed could belong to predators rather than prey.,,weaken|rival_function|predator_vs_prey,generic_principle,prey_scarcity,other_sense,N/A_correct,timescale_irrelevant,Scope Failure,Scope Failure,Scope Failure,N/A_correct,Scope Failure,"Choice A is tempting because it concerns adaptation, but it does not challenge the leap from sensing warmth to hunting prey; it is a general remark that leaves that inference untouched.","Choice B is tempting because scarce prey seems to undercut hunting, but the argument is about what the receptors are for, and scarce prey does not show they serve some other purpose.","Choice C is tempting because it concerns how the fish senses things, but that it finds its own kind by smell says nothing about what the heat receptors are used for.","Choice D most weakens the argument: if the fish's predators are warm-bodied, the heat receptors are at least as plausibly used to detect and avoid those predators as to hunt prey, breaking the inference.","Choice E is tempting because it concerns the receptors' origin, but how long they took to evolve does not bear on whether their function is hunting rather than something else.",TRUE,TRUE,TRUE,TRUE,TRUE,pass,,,v1,current
AR_V1_B4_0010,AR_B4_BP_0010,34,LSAT_201_Source_Compilation_Keyed,0,1,validated_candidate,unpublished,production_factory_pass_not_human_validated,NA,3,NA_REQUIRED,PAT_NEGATION_BREAKS,Necessary Assumption,crows-altruism,"A recent experiment suggests that crows sometimes act altruistically rather than out of self-interest. Researchers let an unfamiliar crow struggle to reach a scrap of food lodged behind a barrier; most of the crows that were watching then nudged a stick within its reach, even though doing so took effort and brought them nothing. Since the crows were given no reward for helping, the experiment plainly revealed altruism.",Which one of the following is an assumption required by the argument?,"Had a reward been offered, the crows would have helped in exactly the same way.",Crows are the only birds that have been shown to behave altruistically.,The crows treated nudging the stick as a form of play.,The crows would have behaved differently toward a crow they already knew.,The crows did not act in the expectation that they would receive a reward.,E,"If the crows expected a reward, the act would not be altruistic; so they must not have expected one.",Identify what must hold for 'no reward given' to establish altruism.,The experiment revealed altruism.,No reward was given for the helping behavior.,No reward offered does not rule out the crows' expecting one.,,necessary_assumption|no_reward_expectation,counterfactual_reward,uniqueness,alternative_motive,familiarity,N/A_correct,Scope Failure,Scope Failure,Scope Failure,Scope Failure,N/A_correct,"Choice A is tempting because it concerns rewards, but the argument does not need this; it needs only that the crows did not expect a reward in the situation as it was.","Choice B is tempting because it praises crows' altruism, but whether other birds are altruistic is irrelevant to whether this experiment shows these crows acted altruistically.","Choice C is tempting as an alternative motive, but the argument does not require it; in fact, if the crows were merely playing, that would undercut, not support, the altruism claim.","Choice D is tempting because the helped crow was unfamiliar, but the argument does not depend on how the crows would treat a familiar crow.","Choice E is the required assumption: the conclusion rests on the helping being unrewarded, so if the crows had expected a reward the behavior would not count as altruism, and the argument would collapse.",TRUE,TRUE,TRUE,TRUE,TRUE,pass,,,v1,current
AR_V1_B4_0011,AR_B4_BP_0011,47,LSAT_201_Source_Compilation_Keyed,0,1,validated_candidate,unpublished,production_factory_pass_not_human_validated,NA,3,NA_REQUIRED,PAT_NEGATION_BREAKS,Necessary Assumption,automation-retraining,"Economist: In many industries, resentment of automation and calls to slow it down are on the rise, chiefly because automation has sharply widened the gap between high and low earners within those industries. Since automation delivers large gains in output to an industry as a whole, firms should adopt measures such as funding worker retraining in order to spread those gains more evenly.",Which one of the following is an assumption required by the economist's argument?,Funding worker retraining will not significantly undercut the output gains that automation delivers to the industry.,The widening income gaps within these industries are not themselves a direct result of automation.,"In industries with sharply unequal incomes, lower-paid workers gain little or nothing from automation.",Slowing automation is one effective way to spread an industry's gains more evenly.,Spreading the gains more evenly will increase the total output gains automation brings the industry.,A,"If retraining wiped out the output gains, recommending it while praising automation would be self-defeating; so it must not.",Identify what must hold for retraining to be the recommended response given automation's benefits.,Firms should fund worker retraining to spread automation's gains more evenly.,"Automation delivers large output gains, and inequality drives resentment.",The recommended measure must not cancel the very gains it is meant to distribute.,,necessary_assumption|policy_preserves_benefit,N/A_correct,cause_of_inequality,who_benefits,restriction_effective,redistribution_boosts,N/A_correct,Scope Failure,Scope Failure,Scope Failure,Scope Failure,"Choice A is the required assumption: the economist urges retraining precisely to distribute automation's gains, so if retraining wiped those gains out, the recommendation would defeat its own purpose.","Choice B is tempting because inequality is central, but the argument grants that automation widened the gaps; it does not need to deny automation as their cause.","Choice C is tempting because it concerns who benefits, but the argument does not require this; its recommendation stands whether or not low earners currently share in the gains.","Choice D is tempting because slowing automation is what critics want, but the economist recommends retraining instead, so the argument need not assume slowing automation would work.","Choice E is tempting because it links distribution to gains, but the argument needs only that retraining not destroy the gains, not that distributing them makes the gains larger.",TRUE,TRUE,TRUE,TRUE,TRUE,pass,,,v1,current
AR_V1_B4_0012,AR_B4_BP_0012,17,LSAT_201_Source_Compilation_Keyed,0,1,validated_candidate,unpublished,production_factory_pass_not_human_validated,SA,3,SA_BRIDGE,PAT_CONDITIONAL_BRIDGE,Sufficient Assumption,ferries-dry-dock,"Ferry operator: Our two companies are the only customers of the regional dry dock, and there is no other dry dock within reach of our route. If our main rival's line were to fold, that dry dock, which both of our companies rely on for every major repair, would close for lack of enough business to sustain it. So, for our own line to keep running, our main rival's line must keep running.",The conclusion drawn above follows logically if which one of the following is assumed?,The dry dock will not close.,Our line will keep running only if the dry dock stays open.,Our line will keep running if our main rival's line keeps running.,"If our line folds, our main rival's line will fold too.",Our line will keep running if the dry dock stays open.,B,"If our line runs only when the dry dock is open, then the dock's closing (from the rival folding) would stop us.",Supply the conditional that makes the rival's survival necessary for the operator's survival.,"For our line to keep running, our rival's line must keep running.",The rival folding would close the shared dry dock.,A link is needed from 'dry dock open' to 'our line runs.',,sufficient_assumption|only_if_conditional,asserts_fact_not_link,N/A_correct,sufficient_for_necessary,wrong_direction,affirms_sufficient,Conditional Failure,N/A_correct,Conditional Failure,Conditional Failure,Conditional Failure,"Choice A is tempting because it concerns the dock, but flatly asserting the dock stays open does not supply the link needed to make the rival's survival necessary for ours.","Choice B lets the conclusion follow: if we run only when the dock is open, and the rival's folding would close the dock, then the rival's folding would stop us, so the rival must survive for us to survive.","Choice C is tempting because it links the two lines, but it makes the rival's survival sufficient, not necessary, for ours, which does not yield the stated conclusion.","Choice D is tempting because it connects the lines, but it runs in the wrong direction and does not make the rival's survival a condition of ours.","Choice E is tempting and nearly right, but it makes an open dock sufficient for us to run, whereas the conclusion needs an open dock to be necessary for us to run.",TRUE,TRUE,TRUE,TRUE,TRUE,pass,,,v1,current
AR_V1_B4_0013,AR_B4_BP_0013,94,LSAT_201_Source_Compilation_Keyed,0,1,validated_candidate,unpublished,production_factory_pass_not_human_validated,SA,3,SA_BRIDGE,PAT_DEFINITION_BRIDGE,Sufficient Assumption,promise-recital-time,"Earlier this week, I promised to answer Mara's question about when the recital begins. As it happened, I misheard her and thought she had asked who among the staff gets to decide when it begins. I told her, quite truthfully, that the director makes that decision and has not yet fixed a time. Thus I kept my promise to answer her question.","Which one of the following, if assumed, enables the conclusion above to be properly drawn?",No one can be held responsible for a decision that is another person's to make.,The person who decides when an event begins is the one who ought to announce it.,All that answering a person's question requires is giving that person some true information in response to it.,One need not actually answer a question in order to have made one's best effort to answer it.,Making a promise always obliges the person who makes it to keep it.,C,"If answering a question is just giving some true information in response, then my truthful reply counts as answering.",Supply the principle equating 'said something true in response' with 'answered the question.',I kept my promise to answer Mara's question.,I told her something truthful in response to her.,A link is needed from 'said something true' to 'answered the question I promised to answer.',,sufficient_assumption|definition_bridge,accountability,responsibility_announce,N/A_correct,best_effort,promise_obliges,Scope Failure,Scope Failure,N/A_correct,Scope Failure,Scope Failure,"Choice A is tempting because the reply mentions the director's authority, but responsibility for the decision has nothing to do with whether I answered Mara's question.","Choice B is tempting because it concerns the director, but who ought to announce the time does not bridge my truthful reply to the claim that I answered the question.","Choice C enables the conclusion: if answering just means giving some true information in reply, then since I told Mara something true in response, I answered her question and so kept my promise.","Choice D is tempting because it concerns answering, but the conclusion claims I did answer, not that I merely tried; this principle would not license that stronger claim.","Choice E is tempting because a promise is involved, but that promises must be kept does not show that what I did amounted to answering the question I promised to answer.",TRUE,TRUE,TRUE,TRUE,TRUE,pass,,,v1,current
AR_V1_B4_0014,AR_B4_BP_0014,8,LSAT_201_Source_Compilation_Keyed,0,1,validated_candidate,unpublished,production_factory_pass_not_human_validated,RC,2,ROLE_IN_ARGUMENT,PAT_IDENTIFY_ROLE,Role of a Claim,hatchery-fish-release,"Releasing hatchery-raised fish into a river at the start of each fishing season is said to boost anglers' catches noticeably, and supporters treat this apparent benefit as proof that the release does the river's ecology real good. Yet it may do ecological harm even if catches do climb, because it could disturb the wild population's genetics in ways that no one can yet reliably foresee.",Which one of the following most accurately describes the role played in the argument by the claim that releasing hatchery-raised fish could disrupt the wild population's genetics in ways no one can foresee?,It is a summary of the argument's overall position.,It is a claim that the argument sets out to refute.,It is a claim the argument says is not enough to establish what supporters take it to establish.,It is a premise offered in support of the argument's conclusion.,It is the main conclusion of the argument.,D,The genetics claim is the support the argument gives for its conclusion that the practice may be harmful.,Locate the claim's function: it is a stated reason for the argument's own conclusion.,The practice may be ecologically harmful even if it raises catches.,It could disrupt wild genetics in unforeseeable ways.,Distinguish a supporting premise from the conclusion it supports.,,role|premise,summary,refuted_claim,insufficient_claim,N/A_correct,main_conclusion,Role Failure,Role Failure,Role Failure,N/A_correct,Role Failure,"Choice A is tempting because it is a prominent claim, but it is not a restatement of the whole argument; it is one reason offered within it.","Choice B is tempting because the argument does refute the supporters' view, but this particular claim is the argument's own, not the position it opposes.","Choice C is tempting, but this describes how the argument treats the catch-boosting claim, not the genetics claim, which the argument itself endorses.",Choice D correctly describes the role: the possibility of unforeseeable genetic disruption is the reason the argument gives for concluding that the practice may be harmful even if catches rise.,"Choice E is tempting because it is a strong claim, but the main conclusion is that the practice may be harmful even if catches rise; the genetics claim is the support for that.",TRUE,TRUE,TRUE,TRUE,TRUE,pass,,,v1,current
AR_V1_B4_0015,AR_B4_BP_0015,20,LSAT_201_Source_Compilation_Keyed,0,1,validated_candidate,unpublished,production_factory_pass_not_human_validated,MC,3,MAIN_CONCLUSION,PAT_FIND_CONCLUSION,Main Conclusion,forecasting-almanacs,"Essayist: Since ancient times people have told stories to predict what the future holds. In this respect the pronouncements of modern economic forecasting are no different from an old farmers' almanac. The question of a forecast's truth, as with an almanac's, is simply the question of how useful it is in coping with uncertainty. So although forecasting has a handful of genuine hits to its name, its failure to reach the whole truth is plain from how frequently it has steered public policy astray.",Which one of the following most accurately states the main conclusion of the essayist's argument?,Economic forecasting is at least partly responsible for misguided public policy.,Economic forecasting is no more true than an old farmers' almanac.,Economic forecasting is merely a collection of stories about the future.,"Economic forecasting, like an old almanac, attempts to predict what is to come.",Economic forecasting falls short of being completely true.,E,The point everything else supports is that forecasting is only partly true.,Separate the single main claim from the premises that lead to it.,Economic forecasting falls short of being completely true.,"It is like an almanac, its truth is mere usefulness, and it has misguided policy.",Distinguish the conclusion from the supporting comparisons and observations.,,main_conclusion|partial_truth,subsidiary_premise,comparison_premise,overstated,background_premise,N/A_correct,Conclusion Failure,Conclusion Failure,Conclusion Failure,Conclusion Failure,N/A_correct,"Choice A is tempting because it appears near the end, but this is the evidence the essayist offers, not the conclusion it is offered to support.","Choice B is tempting because the comparison is prominent, but it is a premise used to set up the main point, not the point itself.","Choice C is tempting but overshoots: the essayist claims forecasting falls short of complete truth, not that it is nothing but storytelling.","Choice D is tempting because it is stated early, but it is background setting up the argument, not the conclusion the argument reaches.","Choice E is the main conclusion: the comparison to an almanac, the account of truth as usefulness, and the record of misguided policy are all offered to support this single claim.",TRUE,TRUE,TRUE,TRUE,TRUE,pass,,,v1,current
AR_V1_B4_0016,AR_B4_BP_0016,19,LSAT_201_Source_Compilation_Keyed,0,1,validated_candidate,unpublished,production_factory_pass_not_human_validated,MSS,3,MSS_SUPPORTED,PAT_CHAIN_INFERENCE,Most Strongly Supported,plankton-carbon-warming,"When phytoplankton in the Coral Sea multiply rapidly, they draw down more of the water's carbon dioxide than they give back to it; when they multiply slowly, the reverse holds. Any substantial rise in the carbon dioxide entering the sea warms its surface waters, where the bulk of the plankton live. And the warmer those surface waters get, the more sluggish, on average, is the multiplication of the plankton living there.",Which one of the following is most strongly supported by the information above?,"The plankton in the surface waters will multiply more slowly, on average, if they give off enough carbon dioxide to raise the sea's total intake substantially.",The amount of carbon dioxide entering the sea is bound to climb at a steadily accelerating pace.,"If the carbon dioxide entering the sea rises substantially, most of the plankton will give off more of it than they take in.","If the plankton begin to multiply more slowly, the surface waters will as a result grow substantially warmer.",Any warming of the surface waters will be accompanied by a substantial rise in the carbon dioxide entering the sea.,A,"If the plankton release enough carbon dioxide to raise the total substantially, the warming that follows will slow their multiplication.",Follow the stated chain to the conditional it best supports.,(inference target),Slow growth releases carbon dioxide; a substantial release warms the surface; warming slows growth.,Link the plankton's own release to their slowed multiplication via the warming step.,The chain connects a substantial release by the plankton to their own slower multiplication.,most_strongly_supported|conditional_chain,N/A_correct,unsupported_trend,overreach,reversed_causation,converse,N/A_correct,Inference Failure,Inference Failure,Inference Failure,Inference Failure,"Choice A is most strongly supported: a substantial rise in the sea's carbon dioxide warms the surface waters, and warmer surface waters slow the plankton's multiplication, so their own heavy output would slow them.","Choice B is tempting because it concerns released carbon dioxide, but nothing in the passage supports a claim about an ever-accelerating rate of release.","Choice C is tempting because it uses the passage's terms, but the passage does not support concluding that a substantial rise makes most plankton net releasers.","Choice D is tempting but reverses the chain: warming slows multiplication, not the other way around, so slower multiplication does not by itself warm the waters.","Choice E is tempting but states the converse: a substantial release causes warming, which does not license the claim that every warming is accompanied by such a release.",TRUE,TRUE,TRUE,TRUE,TRUE,pass,,,v1,current
AR_V1_B4_0017,AR_B4_BP_0017,72,LSAT_201_Source_Compilation_Keyed,0,1,validated_candidate,unpublished,production_factory_pass_not_human_validated,MBT,3,MBT_DEDUCE,PAT_DEDUCTION,Must Be True,study-practices,"Some good study practices, such as reviewing one's notes each night, tend to raise the grades of the student who follows them; others, such as tutoring classmates, do not. Moreover, no practice counts as a good study practice if it tends to lower other students' grades.","If the statements above are true, which one of the following must also be true?",A student who follows no good study practices tends not to have any habits that help other students.,Reviewing one's notes each night tends not to lower other students' grades.,A student who follows good study practices tends to help other students more than a student who follows none.,Tutoring classmates tends to be to one's own disadvantage but not to other students' disadvantage.,"If a study habit tends to help other students' grades, then it is a good study practice.",B,"Reviewing notes nightly is a good study practice, so it cannot tend to lower others' grades.",Combine the definition with the given example to deduce a guaranteed claim.,(inference target),Reviewing notes nightly is a good study practice; good practices don't tend to lower others' grades.,Apply the disqualifying rule to the stated example.,A good study practice cannot tend to lower other students grades.,must_be_true|definition_application,contrapositive_overreach,N/A_correct,comparative_overreach,unsupported_detail,converse_error,Inference Failure,N/A_correct,Inference Failure,Inference Failure,Inference Failure,"Choice A is tempting because it echoes the terms, but nothing links lacking good study practices to lacking habits that help others; this does not follow.","Choice B must be true: reviewing notes nightly is stated to be a good study practice, and no good study practice tends to lower other students' grades, so this practice cannot.",Choice C is tempting but goes beyond the premises: the rule forbids lowering others' grades but says nothing about which students help others more.,"Choice D is tempting because tutoring is mentioned, but the passage does not say tutoring disadvantages the tutor, only that it need not raise the tutor's own grades.","Choice E is tempting but reverses the rule: not lowering others' grades is required of a good practice, which does not make helping others' grades sufficient to be one.",TRUE,TRUE,TRUE,TRUE,TRUE,pass,,,v1,current
AR_V1_B4_0018,AR_B4_BP_0018,23,LSAT_201_Source_Compilation_Keyed,0,1,validated_candidate,unpublished,production_factory_pass_not_human_validated,PA,3,PARALLEL_REASONING,PAT_MATCH_FORM,Parallel Reasoning,espresso-machine-rattle,"The cafe's new espresso machine has started to rattle loudly in the middle of service. The owner first suspected a loose panel somewhere in the casing, but a failing pump is the likelier cause. If a loose panel were to blame, we would expect the machine to rattle at every pressure setting; but in fact it rattles only at the highest pressure.",The pattern of reasoning in the argument above is most similar to that in which one of the following arguments?,"If the shipment had been held up at customs, it would arrive after Friday; but it was not held up at customs, so it will probably arrive by Friday.","If the thermostat were broken, the office would be cold; the office is cold, so the thermostat is probably broken.","If the new server were configured correctly, the site would load quickly; but the site loads slowly, so the server is probably not configured correctly.","I expect the auditor to flag the missing receipt; if she flags it, the report will be sent back; so the report will probably be sent back.","If the cafe runs a promotion, its sales rise; the cafe will probably run a promotion this week, so its sales will probably rise.",C,The parallel rejects a hypothesis because an expected consequence fails to appear.,Match the form: if P then Q; not Q; therefore not P (favoring the alternative).,A loose panel is probably not to blame (a failing pump is likelier).,"A loose panel would cause rattling at every setting, but it rattles only at the highest.",Find the choice with the same deny-the-consequent structure.,,parallel|modus_tollens,deny_antecedent,affirm_consequent,N/A_correct,chain_forward,affirm_antecedent,Form Failure,Form Failure,N/A_correct,Form Failure,Form Failure,"Choice A is tempting because it uses an if-then, but it denies the antecedent (not P, so not Q), which is a different and invalid pattern from the stimulus.","Choice B is tempting because it involves an expected consequence, but it affirms the consequent (Q, so P) rather than denying it, so its form does not match.","Choice C matches the stimulus: a hypothesis predicts a consequence, the consequence fails to appear, and the hypothesis is therefore rejected (if P then Q; not Q; so not P).","Choice D is tempting because it reasons about consequences, but it chains forward from an expected cause to its effect, not backward by denying a consequence.","Choice E is tempting because of the shared setting, but it affirms the antecedent (P, so Q), the opposite of the stimulus's deny-the-consequent form.",TRUE,TRUE,TRUE,TRUE,TRUE,pass,,,v1,current
AR_V1_B4_0019,AR_B4_BP_0019,7,LSAT_201_Source_Compilation_Keyed,0,1,validated_candidate,unpublished,production_factory_pass_not_human_validated,RP,2,RESOLVE_EXPLAIN,PAT_RECONCILE,Resolve the Discrepancy,misaligned-flyers,"Last spring a print shop produced many of its promotional flyers on a press with a misregistered color plate, so the colors in those flyers came out slightly out of alignment; this was especially noticeable on photographs and even drew a few complaints. Even so, the local shops that used flyers from this printer tended to see larger increases in foot traffic during that period than shops that used flyers from other printers.","Which one of the following, if true, most helps to explain the discrepancy described above?",Most people who received the misaligned flyers set them aside without reading them.,Most of the shops that used this printer's flyers were restaurants.,Not all of the misaligned flyers included photographs.,People are more likely to remember a flyer they have seen if its colors were slightly out of alignment.,Most local shops during that period did not rely heavily on printed flyers.,D,"If the odd look made the flyers more memorable, the flaw could actually help draw customers.",Find the fact that makes a visible flaw consistent with better results.,(discrepancy to explain),Flawed flyers coincided with larger foot-traffic gains.,Something must connect the misalignment to a marketing advantage.,,resolve|memorability,deepens_puzzle,composition,partial_scope,N/A_correct,reliance,Resolve Failure,Resolve Failure,Resolve Failure,N/A_correct,Resolve Failure,"Choice A is tempting because it concerns the flyers, but if recipients ignored them it would make the larger foot-traffic gains harder, not easier, to explain.","Choice B is tempting because it describes the shops, but what kind of business they were does not explain why the flawed flyers coincided with bigger gains.","Choice C is tempting because photographs are mentioned, but that some flyers lacked them does nothing to explain why the flawed flyers outperformed the others.","Choice D most helps explain the discrepancy: if the odd misalignment made the flyers more memorable, then the very flaw that drew complaints could have drawn more customers to the shops that used them.","Choice E is tempting because it concerns flyer use, but a general lack of reliance on flyers does not explain why these particular flawed flyers coincided with larger gains.",TRUE,TRUE,TRUE,TRUE,TRUE,pass,,,v1,current
AR_V1_B4_0020,AR_B4_BP_0020,11,LSAT_201_Source_Compilation_Keyed,0,1,validated_candidate,unpublished,production_factory_pass_not_human_validated,RP,2,RESOLVE_EXPLAIN,PAT_RECONCILE,Resolve the Discrepancy,bear-encounters,"Reports of black-bear encounters along the trails of Cedar Range have risen sharply over the past fifteen years, according to the park service's own annual incident logs. Yet the number of bears now living in the range has not grown at all during that time, and the bears have no less food available to them within the range than they did before.","Which one of the following, if true, most helps to explain the increase in the incidence of bear encounters?",Rangers in Cedar Range sometimes relocate bears they believe to be responsible for encounters.,About forty bears live in the section of Cedar Range where most encounters occur.,More bear encounters occur in Cedar Range than in any other range in the region.,The adult bears of Cedar Range are generally unafraid of hikers.,Hikers now travel through far more of Cedar Range's backcountry than they did fifteen years ago.,E,"If people now use much more of the range, encounters would rise even with a stable, well-fed bear population.",Find the fact that raises human-bear contact without more or hungrier bears.,(discrepancy to explain),Encounters rose while bear numbers and food held steady.,Something must increase human exposure to the bears.,,resolve|human_exposure,countervailing_action,bare_number,comparison,trait_static,N/A_correct,Resolve Failure,Resolve Failure,Resolve Failure,Resolve Failure,N/A_correct,"Choice A is tempting because it concerns encounters, but relocating problem bears would tend to reduce encounters, so it does not explain their rise.","Choice B is tempting because it gives a figure, but a static count of bears in one area does not explain why encounters have increased over time.","Choice C is tempting because it concerns encounter numbers, but comparing Cedar Range to other ranges does not explain the rise within Cedar Range itself.","Choice D is tempting because it involves bears and hikers, but a longstanding trait of the bears does not explain why encounters have changed over the past fifteen years.","Choice E most helps explain the increase: if people now range across much more of the bears' territory, encounters would rise even though the bear population and their food supply have stayed the same.",TRUE,TRUE,TRUE,TRUE,TRUE,pass,,,v1,current
AR_V1_B5_0001,AR_B5_BP_0001,15,LSAT_201_Source_Compilation_Keyed,0,1,validated_candidate,unpublished,production_factory_pass_not_human_validated,FL,3,FLAW_DESCRIBE,PAT_NAME_THE_ERROR,Describe the Flaw,community-garden-reporting,"Ito: When we enforce the community garden's rules about how members keep up their plots, we go wrong by urging gardeners to report violations committed by the people beside them. Doing so breeds resentment among neighbors and produces tips prompted by spite. Vasquez: It is not a mistake. Without rules about how members keep up their plots, one neglected plot could spoil the look of the whole garden.",Vasquez's response is most vulnerable to criticism on the grounds that it,treats a criticism of the way in which certain rules are enforced as though it were a criticism of the rules themselves,attacks the motives behind Ito's objection rather than the reasoning Ito offers,confuses a criticism of the consequences of having a set of rules with a criticism of the particular provisions of those rules,"takes for granted that because something is likely to happen on some occasions, it will happen on every occasion",confuses a cause of resentment among neighbors with a consequence of resentment among neighbors,A,"Ito attacked the reporting method, not the rules; Vasquez defends the rules, missing the point.",Name the error: answering an objection to how rules are enforced as though it were an objection to the rules.,Encouraging gardeners to report neighbors is not a mistake.,"Without upkeep rules, one neglected plot could spoil the garden's appearance.",A defense of having rules does not answer a criticism of how those rules are enforced.,,flaw|misses_the_point|enforcement_vs_rules,N/A_correct,motive_not_reasoning,consequences_vs_provisions,likely_to_always,cause_effect_confusion,N/A_correct,Relevance Failure,Structure Failure,Scope Failure,Causal Failure,"Choice A correctly names the error: Ito objected only to the practice of encouraging gardeners to report one another, yet Vasquez defends having upkeep rules at all, which Ito never questioned.","Choice B is tempting because responses often go after motives, but Vasquez says nothing about why Ito raises the objection; the error lies in what Vasquez defends.","Choice C is tempting because it also describes a mismatch, but the mismatch here is between enforcement and the rules themselves, not between the rules' consequences and their provisions.","Choice D is tempting because Vasquez does speak of what one gardener could do, but the argument does not slide from sometimes to always; that is not the flaw.","Choice E is tempting because resentment is mentioned, but Vasquez never reverses its cause and effect; the reply simply answers a criticism that was not made.",TRUE,TRUE,TRUE,TRUE,TRUE,pass,,,v1,current
AR_V1_B5_0002,AR_B5_BP_0002,69,LSAT_201_Source_Compilation_Keyed,0,1,validated_candidate,unpublished,production_factory_pass_not_human_validated,FL,3,FLAW_DESCRIBE,PAT_NAME_THE_ERROR,Describe the Flaw,academy-tuition-circular,"Academy director: Although our tuition is the highest of any school in the district, our program is also the finest available anywhere in the district. After all, consider any less costly program offered by one of the schools that competes with us. If that program were as good as ours, or better than ours, then it would cost as much as ours does, or more.",The reasoning in the academy director's argument is flawed in that the argument,fails to draw a needed distinction between the finest program currently offered and the finest program that could be offered,relies on a premise that presupposes the truth of the conclusion it is meant to support,treats a cause of a program's being the most costly as though it were an effect of the program's being the most costly,"presumes that because something is true of each program a school offers, it is also true of the school as a whole",rests its conclusion on claims that cannot all be true at the same time,B,The premise that a program as good as theirs would cost as much simply assumes the conclusion that the priciest program is the best.,"Name the error: the supporting premise already assumes that price tracks quality, which is what is to be shown.",The academy's program is the finest in the district.,"Any cheaper competing program, were it as good, would cost as much or more.",The premise presupposes the very link between price and quality the argument is meant to establish.,,flaw|circular_reasoning|begs_the_question,actual_vs_possible,N/A_correct,cause_effect_confusion,composition,inconsistent_premises,Scope Failure,N/A_correct,Causal Failure,Structure Failure,Structure Failure,"Choice A is tempting because a distinction does lurk nearby, but the argument's fault is that its premise already assumes what it sets out to prove, not that it conflates actual with possible programs.","Choice B correctly names the error: saying that an equally good program would cost at least as much already takes for granted that the costliest program is the best, which is exactly the conclusion.","Choice C is tempting because price and quality are causally entangled here, but the argument never inverts cause and effect; it assumes its conclusion in a premise.","Choice D is tempting as a familiar error, but no inference runs from individual programs to a school as a whole, so composition is not the flaw.","Choice E is tempting because the reasoning feels defective, but the director's claims are consistent with one another; the trouble is that one of them assumes the conclusion.",TRUE,TRUE,TRUE,TRUE,TRUE,pass,,,v1,current
AR_V1_B5_0003,AR_B5_BP_0003,71,LSAT_201_Source_Compilation_Keyed,0,1,validated_candidate,unpublished,production_factory_pass_not_human_validated,FL,4,FLAW_DESCRIBE,PAT_NAME_THE_ERROR,Describe the Flaw (Overlooked Possibility),coach-match-footage,"Coach Ramirez: The team reviewed the match footage together on Tuesday afternoon. Any of my players who watched that footage from the opening whistle would have found it instructive, and I happen to know for a fact that at least some of my players did find the footage instructive. So some of my players must have watched the footage from the opening whistle.",Coach Ramirez's argument does not follow logically from its premises because of the possibility that,some of Coach Ramirez's players are keenly interested in match analysis but were unable to view the footage at all,many people who are not Coach Ramirez's players did not find the footage instructive even though they watched it from the opening whistle,no one who watched the footage from the opening whistle and found it instructive was one of Coach Ramirez's players,some of Coach Ramirez's players arrived a few minutes late to the footage and did not find it instructive,"not everyone who arrived on time was able to see the whole footage, because of interruptions caused by those arriving late",C,Players could have found it instructive without watching from the start; the ones who watched from the start and found it instructive might not be his players at all.,Name the overlooked possibility that severs the inference from 'found it instructive' back to 'watched from the start.',Some of Ramirez's players watched the footage from the opening whistle.,Some of his players found the footage instructive.,Finding the footage instructive does not require having watched from the opening whistle.,,flaw|affirming_the_consequent|overlooked_possibility,irrelevant_subgroup,outside_group,N/A_correct,consistent_case,irrelevant_disruption,Scope Failure,Scope Failure,N/A_correct,Scope Failure,Scope Failure,"Choice A is tempting because it concerns his players, but players who never saw the footage are outside the argument, which is about those who did find it instructive.","Choice B is tempting because it addresses watching from the start, but the premise concerns only Ramirez's players, so what non-players experienced cannot expose the gap.","Choice C names the overlooked possibility: if the people who both watched from the start and found it instructive were not his players, then his players who found it instructive must have joined late, and the conclusion fails.","Choice D is tempting because it introduces late arrivals, but this possibility is perfectly consistent with the conclusion and so does nothing to undermine the inference.","Choice E is tempting because it complicates who saw what, but it does not address how players who found the footage instructive might have missed the opening.",TRUE,TRUE,TRUE,TRUE,TRUE,pass,,,v1,current
AR_V1_B5_0004,AR_B5_BP_0004,89,LSAT_201_Source_Compilation_Keyed,0,1,validated_candidate,unpublished,production_factory_pass_not_human_validated,FL,4,FLAW_DESCRIBE,PAT_NAME_THE_ERROR,Describe the Flaw,journalism-social-pressure,"Media commentator: Reporters frequently settle on a story's framing chiefly on social grounds: because colleagues at other outlets have already embraced that framing, or because of the professional standing of whoever first advanced it in print. But this practice does journalism no harm whatever, since comparable social pressures shape the work that is done in every single occupation that people anywhere practice.",The media commentator's argument is most vulnerable to criticism on the grounds that it,takes for granted that the only legitimate reasons for adopting a story's framing are social ones,fails to consider that reporters who adopt a framing for social reasons generally also weigh the available evidence before adopting it,fails to consider that many reporters are unaware that they adopt story framings largely for social reasons,takes for granted that whether a practice obstructs the goals of a particular occupation depends on how common comparable practices are in other occupations,takes for granted that a practice that does not harm journalism will not harm any other occupation,D,That other fields have the same pressures says nothing about whether the practice frustrates journalism's own goals.,Name the error: assuming a practice's harmfulness to one field depends on how common the practice is elsewhere.,Adopting story framings for social reasons does journalism no harm.,Comparable social pressures shape work in every occupation.,Prevalence elsewhere does not determine whether a practice obstructs this field's goals.,,flaw|prevalence_vs_harm,only_social_reasons,also_weighs_evidence,unawareness,N/A_correct,reverse_direction,Scope Failure,Scope Failure,Scope Failure,N/A_correct,Structure Failure,"Choice A is tempting because social reasons dominate the passage, but the commentator never claims they are the only legitimate reasons; that is not what the argument assumes.","Choice B is tempting because it would soften the worry, but the argument's defect is its appeal to other occupations, not its silence about how reporters weigh evidence.","Choice C is tempting because awareness seems relevant to blame, but whether reporters notice the influence has no bearing on whether the practice harms journalism.","Choice D correctly names the error: the commentator infers harmlessness to journalism from the mere prevalence of similar pressures elsewhere, which leaves untouched whether the practice defeats journalism's own aims.","Choice E is tempting because it also links journalism to other fields, but it reverses the argument's direction, which reasons from other occupations to journalism, not the other way around.",TRUE,TRUE,TRUE,TRUE,TRUE,pass,,,v1,current
AR_V1_B5_0005,AR_B5_BP_0005,19,LSAT_201_Source_Compilation_Keyed,0,1,validated_candidate,unpublished,production_factory_pass_not_human_validated,ST,3,STRENGTHEN_SUPPORT_CAUSE,PAT_RULE_IN_MECHANISM,Strengthen by Securing a Premise,association-dues,"Newsletter editor: Many candidates for our residents' association board campaign on a pledge to cut the dues that members pay. But residents in fact elect candidates who promise instead that the association will fund solutions to the problems residents complain about most. Funding solutions costs money, however, and the association's money can come only from dues. So the dues our members pay will seldom be substantially cut.","Which one of the following, if true, would most strengthen the newsletter editor's argument?",Candidates never promise to do what they actually intend to do once they join the board.,The problems that residents complain about most are problems about money.,Dues in communities whose boards are appointed rather than elected are no more burdensome than dues in communities like this one.,Candidates who promise to do what they sincerely believe ought to be done are seldom elected.,Candidates who win seats on the board usually carry out the promises they made while campaigning.,E,The argument needs the elected candidates to actually do what they promised; otherwise dues might be cut anyway.,Add the fact that makes the winners' promises actually determine what happens to dues.,Members' dues will seldom be substantially cut.,"Residents elect candidates who promise funded solutions, and funding comes only from dues.",Winners must actually carry out the promises on which they were elected.,,strengthen|promise_kept|secures_premise,undercuts_argument,irrelevant_content,irrelevant_comparison,sincerity,N/A_correct,Direction Failure,Scope Failure,Scope Failure,Scope Failure,N/A_correct,"Choice A is tempting because it concerns promises, but if winners ignore their promises entirely, the funded solutions might never be paid for, which weakens rather than strengthens the case.","Choice B is tempting because it concerns residents' complaints, but what the complaints are about does not affect whether funding them keeps dues high.","Choice C is tempting because it compares dues across communities, but the argument concerns why dues stay high where boards are elected, not how they compare elsewhere.","Choice D is tempting because it concerns candidates and elections, but sincerity has no bearing on whether elected candidates' funded solutions keep dues from being cut.","Choice E most strengthens the argument: it secures the step the argument needs, since only if winners actually fund the solutions they promised will the association keep needing the dues that pay for them.",TRUE,TRUE,TRUE,TRUE,TRUE,pass,,,v1,current
AR_V1_B5_0006,AR_B5_BP_0006,48,LSAT_201_Source_Compilation_Keyed,1,2,validated_candidate,unpublished,production_factory_pass_not_human_validated,ST,2,STRENGTHEN_SUPPORT_CAUSE,PAT_RULE_IN_MECHANISM,Strengthen an Analogy,detergent-pods-plant-food,"Sales of powdered laundry detergent climbed sharply once the powder began to be sold in pre-measured pods, which spared customers the bother of scooping out each dose. Executives at a fertilizer company have begun to consider offering their plant food in pre-measured pods too. Just as it was with detergent in pods, this counts as a shrewd marketing decision on their part.","Which one of the following, if true, most strengthens the argument?",Selling plant food in pre-measured pods will spare gardeners the bother of measuring out each dose.,"Before pods were introduced, surveys showed that customers were dissatisfied with how hard it was to scoop detergent out of the box.",Many gardeners find that boxes of plant food are awkward to store on a shelf.,Earlier changes to the packaging of plant food have often been well received by gardeners.,Putting plant food into pods will create no greater manufacturing difficulty than putting detergent into pods created.,A,Detergent sold because pods made dosing easy; the analogy holds only if pods make plant food easy to dose too.,Confirm the analogy by showing the new packaging brings the same benefit that drove the original gain.,Selling plant food in pre-measured pods is a shrewd marketing decision.,"Pods made detergent easier to dose, and detergent sales rose.",Pods must deliver the same ease-of-use gain for plant food that they delivered for detergent.,,strengthen|analogy|shared_mechanism,N/A_correct,explains_original_only,different_benefit,generic_receptivity,cost_side,N/A_correct,Scope Failure,Scope Failure,Scope Failure,Scope Failure,"Choice A most strengthens the argument: the detergent's success came from the ease of dosing that pods provided, so establishing that pods bring gardeners that same ease makes the analogy hold.","Choice B is tempting because it explains why detergent pods succeeded, but it says nothing about whether pods will do anything for plant food, which is what the conclusion is about.","Choice C is tempting because it names a drawback of the current packaging, but easier storage is a different benefit from the ease of dosing that drove the detergent's sales.","Choice D is tempting because it suggests gardeners accept change, but a general willingness to accept new packaging does not show that pods will repeat the detergent's particular success.","Choice E is tempting because it removes an objection about production, but ease of manufacture does not show that customers will buy more plant food.",TRUE,TRUE,TRUE,TRUE,TRUE,pass,,,v1,current
AR_V1_B5_0007,AR_B5_BP_0007,90,LSAT_201_Source_Compilation_Keyed,1,2,validated_candidate,unpublished,production_factory_pass_not_human_validated,ST,3,STRENGTHEN_SUPPORT_CAUSE,PAT_RULE_IN_MECHANISM,Strengthen a Selection-Bias Claim,record-label-histories,"Music historian: Scholars who write the history of a decade's recording industry must, naturally, examine the rosters and business strategies of that decade's labels. But scholars almost certainly examine labels that produced hit records more often than they examine labels that quietly folded. It is therefore reasonable to think that histories of the recording industry overstate how successful the labels of the past really were.","Which one of the following would, if true, most support the music historian's argument?",The particular missteps that cause a label to fail often cannot be inferred from surviving records of its activity.,The contracts and session tapes of labels that folded are thrown out far more often than those of labels that endured.,Scholars who read the first-person recollections of past executives inevitably bring present-day assumptions to them.,The licensing filings that labels were required to submit provide a record more objective than the labels' own internal memos.,Scholars who study the labels of the past are usually trained in effective music-business management.,B,"If the paper trail of failed labels vanishes, scholars cannot study them, and histories skew toward successes.",Supply a fact explaining why unsuccessful labels are systematically underrepresented in the record.,Histories of the recording industry overstate how successful past labels were.,Scholars study hit-making labels more often than labels that folded.,Something must explain the systematic gap in what survives to be studied.,,strengthen|selection_bias|survivorship,inference_limit,N/A_correct,interpretive_bias,source_quality,scholar_training,Scope Failure,N/A_correct,Scope Failure,Scope Failure,Scope Failure,"Choice A is tempting because it concerns failed labels, but the difficulty of diagnosing failure from records does not explain why scholars study failures less, nor why histories skew toward success.","Choice B most supports the argument: if the materials left by failed labels are routinely destroyed, then scholars are pushed toward studying successes, which is exactly why histories would overstate past success.","Choice C is tempting because it names a bias, but a bias in interpreting recollections is not the selection effect the argument needs, which concerns which labels get studied at all.","Choice D is tempting because it compares sources, but the relative objectivity of filings says nothing about whether failed labels are underrepresented among the labels scholars examine.","Choice E is tempting because it describes the scholars, but their training does not explain a systematic tilt toward successful labels in the histories they write.",TRUE,TRUE,TRUE,TRUE,TRUE,pass,,,v1,current
AR_V1_B5_0008,AR_B5_BP_0008,87,LSAT_201_Source_Compilation_Keyed,0,1,validated_candidate,unpublished,production_factory_pass_not_human_validated,WK,4,WEAKEN_ATTACK_KEY_LINK,PAT_BREAK_INFERENCE_LINK,Weaken by Severing a Chain Link,monsoon-frogs,"Hydrologist: Warming ocean temperatures are expected to make monsoon surges over valley V more frequent in the decades ahead, and such surges bring unusually heavy summer rainfall to the valley. Since frog populations in the valley typically climb during long stretches of continuous rain, we should expect average frog numbers in valley V to climb as well over the decades that lie ahead.","Which one of the following, if true, would most weaken the hydrologist's argument?",In valley V there is typically far less rainfall in winter than there is in summer.,Frog populations in valley V often fall during long stretches in which there is no rain at all.,"In valley V, summers marked by unusually heavy rainfall have usually not included long stretches of continuous rain.","In many valleys that get substantially more summer rain than valley V does, average frog populations are considerably lower than in valley V.",Warmer ocean temperatures produce a number of effects besides making monsoon surges more frequent.,C,"Heavy rain is not the same as sustained rain; if the heavy summers are not the long-continuous-rain kind, the frogs get no benefit.",Break the link between 'unusually heavy rainfall' and 'long stretches of continuous rain.',Average frog populations in valley V will climb.,"More surges bring heavier summer rain, and frogs climb during long stretches of continuous rain.",Heavy rainfall need not take the form of long continuous stretches.,,weaken|chain_link|heavy_vs_sustained,irrelevant_season,confirms_premise,N/A_correct,cross_region,other_effects,Scope Failure,Direction Failure,N/A_correct,Scope Failure,Scope Failure,"Choice A is tempting because it concerns rainfall in the valley, but a contrast between the seasons leaves untouched whether heavier summer rain will come in continuous stretches.","Choice B is tempting because it links frogs to rain, but it reinforces the idea that rain drives frog numbers and so supports the argument rather than weakening it.","Choice C most weakens the argument: it severs the crucial link, since the wetter summers the hydrologist predicts would not be the continuous-rain kind that frog populations depend on.","Choice D is tempting because it seems to detach rain from frogs, but conditions in other valleys may differ in many ways, so this does not undermine the reasoning about valley V.","Choice E is tempting because it hints at complications, but unspecified additional effects do not challenge the step from heavier rainfall to more frogs.",TRUE,TRUE,TRUE,TRUE,TRUE,pass,,,v1,current
AR_V1_B5_0009,AR_B5_BP_0009,9,LSAT_201_Source_Compilation_Keyed,0,1,validated_candidate,unpublished,production_factory_pass_not_human_validated,WK,3,WEAKEN_ATTACK_KEY_LINK,PAT_BREAK_INFERENCE_LINK,Weaken by Attacking the Buyer Profile,graphic-novel-sales,"Although sales of graphic novels have climbed steadily over the past three years, we can confidently expect that trend to reverse itself before very long. Historically, more than three quarters of all the graphic novels sold in this country have gone to readers aged twelve through fifteen, a group whose total population is projected to shrink steadily over the coming decade.","Which one of the following, if true, would most seriously weaken the argument?",Most people sixteen years of age or older have never bought a graphic novel.,Library borrowing of graphic novels has fallen over the past three years.,New technology will surely make entirely new entertainment options available over the coming decade.,Most of the people who have bought graphic novels during the past three years are older than fifteen.,The number of distinct graphic-novel genres available is unlikely to shrink in the near future.,D,"If recent buyers are mostly older readers, a shrinking pool of young readers won't reverse the trend.",Show that the historical buyer profile no longer describes who is actually buying.,The rise in graphic novel sales will reverse before long.,"Most buyers historically were twelve to fifteen, and that group will shrink.",The historical profile may no longer hold for current buyers.,,weaken|stale_demographic,supports_argument,different_activity,competition,N/A_correct,supply_variety,Direction Failure,Scope Failure,Scope Failure,N/A_correct,Scope Failure,"Choice A is tempting because it concerns older readers, but it reinforces the idea that the young are the market, which strengthens rather than weakens the prediction.","Choice B is tempting because it concerns graphic novels, but borrowing is not buying, so a decline in borrowing does not bear on future sales.","Choice C is tempting because new competition sounds threatening, but if anything it supports a coming decline in sales rather than undermining it.","Choice D most weakens the argument: if recent buyers are mostly older than fifteen, then a shrinking population of twelve-to-fifteen-year-olds gives little reason to expect sales to fall.","Choice E is tempting because variety can affect sales, but a stable range of genres says nothing about whether the shrinking young readership will drag sales down.",TRUE,TRUE,TRUE,TRUE,TRUE,pass,,,v1,current
AR_V1_B5_0010,AR_B5_BP_0010,39,LSAT_201_Source_Compilation_Keyed,1,2,validated_candidate,unpublished,production_factory_pass_not_human_validated,WK,3,WEAKEN_ATTACK_KEY_LINK,PAT_BREAK_INFERENCE_LINK,Weaken by Showing the Research Has Another Use,frost-hardy-strawberries,"By transferring a gene taken from a hardy arctic moss into the cells of strawberry plants, researchers at an agricultural station have produced strawberries that survive hard frosts without damage. This whole line of research is worthless, however. Even if the berries themselves prove perfectly flavorful, shoppers will simply refuse to buy strawberries that carry the genes of a moss.","Which one of the following, if true, most weakens the argument?",The berries from the new plants have not been tested to determine whether they are suitable for making preserves.,"Every year, strawberry fields in many growing districts are ruined by hard frosts.","If growers ever sell fruit containing genetic material from another kind of plant, they will be required to disclose that fact.",Some excellent strawberries are grown in districts whose springs are quite cool.,The techniques developed in the course of this research could also be used to make strawberries frost-hardy by transferring genes from frost-hardy wild strawberry species.,E,"If the same techniques can confer frost-hardiness using only strawberry genes, the work is valuable even if moss-gene berries never sell.",Show the research has value along a path the shoppers' objection does not touch.,This line of research is worthless.,Shoppers will refuse to buy strawberries carrying moss genes.,The research might yield frost-hardy berries without the objectionable foreign genes.,,weaken|alternative_application,untested,problem_severity,disclosure,existing_alternative,N/A_correct,Scope Failure,Scope Failure,Direction Failure,Scope Failure,N/A_correct,"Choice A is tempting because it raises a doubt about the berries, but an untested use does not show that the research has value despite shoppers' refusal.","Choice B is tempting because it shows frost damage matters, but the argument grants that frost hardiness is desirable; the claim is that shoppers will not buy the resulting berries.","Choice C is tempting because it concerns the foreign genes, but mandatory disclosure would make shoppers' refusal more effective, which supports the argument rather than weakening it.","Choice D is tempting because it concerns cool-weather strawberries, but that good berries already grow in cool districts does not show this research has value.","Choice E most weakens the argument: if the same techniques can yield frost-hardy berries carrying only strawberry genes, the research is valuable even if shoppers reject berries with moss genes.",TRUE,TRUE,TRUE,TRUE,TRUE,pass,,,v1,current
AR_V1_B5_0011,AR_B5_BP_0011,95,LSAT_201_Source_Compilation_Keyed,0,1,validated_candidate,unpublished,production_factory_pass_not_human_validated,NA,3,NA_REQUIRED,PAT_NEGATION_BREAKS,Necessary Assumption,truffle-chalky-ground,"Truffle orchards thrive only in chalky ground, and in very little else besides. Sandy ground, though seldom chalky on its own, can readily be blended with other materials to yield ground that is chalky throughout. Hence truffle orchards can be made to thrive in sandy ground.",Which one of the following is an assumption on which the argument depends?,Sandy ground that has been blended with certain other materials is still sandy ground.,Blending a chalky material with another type of material always yields chalky ground.,"Whenever sandy ground is blended with other materials, chalky ground results.",Some crops do not thrive in chalky ground.,Truffle orchards do as well in treated sandy ground as they do in naturally chalky ground.,A,"If blending makes it stop being sandy ground, the conclusion about sandy ground would not follow.",Identify what must hold for the blended ground still to count as sandy ground.,Truffle orchards can be made to thrive in sandy ground.,Sandy ground can be blended with other materials to yield chalky ground.,"The blended, chalky ground must still be sandy ground.",,necessary_assumption|identity_preserved,N/A_correct,always_chalky,universal_result,other_crops,equal_performance,N/A_correct,Scope Failure,Scope Failure,Scope Failure,Scope Failure,"Choice A is the required assumption: the conclusion is about sandy ground, so if blending turned the sandy ground into something no longer sandy, nothing would have been shown about sandy ground at all.","Choice B is tempting because blending and chalkiness are central, but the argument needs only that some blend of sandy ground is chalky, not that every such blend is.","Choice C is tempting but far too strong: the argument requires only that sandy ground can be made chalky, not that blending always makes it so.","Choice D is tempting because it concerns chalky ground, but what other crops do is irrelevant to whether truffle orchards can be made to thrive in sandy ground.","Choice E is tempting because it compares the two grounds, but the conclusion claims only that the orchards can be made to thrive, not that they do equally well.",TRUE,TRUE,TRUE,TRUE,TRUE,pass,,,v1,current
AR_V1_B5_0012,AR_B5_BP_0012,56,LSAT_201_Source_Compilation_Keyed,1,2,validated_candidate,unpublished,production_factory_pass_not_human_validated,NA,3,NA_REQUIRED,PAT_NEGATION_BREAKS,Necessary Assumption,harbor-silt-oyster-beds,"Harbor commissioners have denied that any of their decisions harmed the bay's oyster beds. The evidence points the other way. Three summers back, after heavy lobbying by a group of shipping firms, the commission struck down a longstanding rule that had barred the dumping of dredged silt in the bay's shallows. In the time since, dozens of the bay's oyster beds have been smothered under a thick blanket of silt, and beds that once yielded steadily now yield almost nothing.",The argument relies on which one of the following assumptions?,"Had the shipping firms not urged the change, the commission would not have lifted the rule barring silt dumping.","If the rule barring the dumping of dredged silt had not been lifted, considerably less silt would have settled over the oyster beds.",The shipping firms that urged the change were among those whose dumping smothered the oyster beds.,The commission is generally more responsive to pressure from shipping firms than to pressure from conservationists.,The commissioners who deny that their decisions harmed the oyster beds do not really believe what they say.,B,"The harm must be attributable to the repeal; if the silt would have arrived anyway, the decision harmed nothing.",Identify the causal link the argument needs between lifting the rule and the smothering.,The commissioners' decisions harmed the bay's oyster beds.,"After the rule was lifted, dozens of oyster beds were smothered under silt.",Sequence alone does not establish that lifting the rule made the difference.,,necessary_assumption|causal_link|counterfactual,cause_of_decision,N/A_correct,same_actors,general_bias,sincerity,Scope Failure,N/A_correct,Scope Failure,Scope Failure,Scope Failure,"Choice A is tempting because it explains why the rule was lifted, but the argument needs the repeal to have caused the harm, not an account of what caused the repeal.","Choice B is the required assumption: unless the repeal made a difference to how much silt reached the beds, the smothering cannot be laid at the commissioners' door and the argument collapses.","Choice C is tempting because it ties the firms to the harm, but the argument blames the commission's decision, and it does not matter which particular firms did the dumping.","Choice D is tempting because it fits the story, but a general tendency in the commission's responsiveness is not needed for this particular decision to have caused this harm.","Choice E is tempting because it concerns the denials, but the argument shows the decisions did harm, and it needs nothing about whether the commissioners are being sincere.",TRUE,TRUE,TRUE,TRUE,TRUE,pass,,,v1,current
AR_V1_B5_0013,AR_B5_BP_0013,23,LSAT_201_Source_Compilation_Keyed,0,1,validated_candidate,unpublished,production_factory_pass_not_human_validated,SA,4,SA_BRIDGE,PAT_CONDITIONAL_BRIDGE,Sufficient Assumption,ethics-board-studies,"Ethics board member: A study is permissible if it would reasonably be expected to increase the total welfare of the people taking part in it. A study counts as impermissible exactly when, and only when, it would reasonably be expected to reduce the total welfare of the people taking part in it. Thus, studies that would reasonably be expected to leave the total welfare of their participants unchanged are permissible as well.",The ethics board member's conclusion follows logically if which one of the following is assumed?,Only impermissible studies would reasonably be expected to reduce the total welfare of their participants.,No study is both permissible and impermissible.,Any study that is not impermissible is permissible.,There are studies that would reasonably be expected to leave the total welfare of their participants unchanged.,Only permissible studies have good outcomes.,C,A welfare-neutral study is not impermissible; to call it permissible we need everything not impermissible to be permissible.,Supply the principle that closes the gap between 'not impermissible' and 'permissible.',Studies expected to leave participants' total welfare unchanged are permissible.,"Such studies would not reduce welfare, so by the biconditional they are not impermissible.",Being not impermissible must guarantee being permissible.,,sufficient_assumption|exhaustive_categories,restates_biconditional,no_overlap,N/A_correct,existence_claim,outcome_link,Conditional Failure,Conditional Failure,N/A_correct,Conditional Failure,Scope Failure,"Choice A is tempting because it echoes the second rule, but it merely restates half of what is already given and does nothing to make a welfare-neutral study permissible.","Choice B is tempting because it sounds like the needed tidy-up, but ruling out overlap still leaves room for a study that is neither permissible nor impermissible.","Choice C lets the conclusion follow: a welfare-neutral study would not reduce welfare, so it is not impermissible, and this principle then makes it permissible.","Choice D is tempting because it concerns the very studies at issue, but asserting that such studies exist does not show that they are permissible.","Choice E is tempting because it links permissibility to results, but good outcomes play no part in the argument, so this cannot bridge the gap.",TRUE,TRUE,TRUE,TRUE,TRUE,pass,,,v1,current
AR_V1_B5_0014,AR_B5_BP_0014,5,LSAT_201_Source_Compilation_Keyed,1,2,validated_candidate,unpublished,production_factory_pass_not_human_validated,SA,3,SA_BRIDGE,PAT_DEFINITION_BRIDGE,Sufficient Assumption,earliest-free-lending-library,"Curator: Some historians hold that the first institution other than a monastery to lend books without charge to any resident was the Boston Public Library, founded in 1854. These historians are mistaken. During a shortage of schoolbooks in the mill town of Ashfield in 1791, the town could not afford to put up a library building. Instead a communal collection of books was housed in the town hall and lent, free of charge, to any resident who asked for one.",The curator's conclusion is properly drawn if which one of the following is assumed?,Monasteries did not lend books without charge to residents at any time during the 1700s.,Communal collections of books were not available to residents of Boston before 1854.,The founding of the Boston Public Library was not prompted by a shortage of schoolbooks.,The communal collection of books housed in Ashfield's town hall was an institution.,Every town that lent books without charge during the 1700s left records showing that it did so.,D,The historians' claim is about institutions; the argument needs Ashfield's collection to have been one.,Supply the premise making the Ashfield collection count as the kind of thing the historians' claim is about.,The historians are mistaken that Boston's 1854 library was the first such institution.,Ashfield's town-hall collection lent books free to any resident in 1791.,The town-hall collection must qualify as an institution.,,sufficient_assumption|definition_bridge,excluded_category,other_town,different_cause,N/A_correct,record_keeping,Scope Failure,Scope Failure,Scope Failure,N/A_correct,Scope Failure,"Choice A is tempting because monasteries are named, but the historians' claim already sets monasteries aside, so ruling out monastic lending does nothing for the curator's counterexample.","Choice B is tempting because it concerns Boston, but what Boston lacked before 1854 does not establish that Ashfield's collection was the sort of institution at issue.","Choice C is tempting because a shortage figures in the Ashfield story, but why Boston's library was founded has no bearing on whether Ashfield's collection came first.","Choice D enables the conclusion: the historians' claim concerns institutions, so only if Ashfield's town-hall collection was an institution does its free lending in 1791 show them mistaken.","Choice E is tempting because records make the case knowable, but the curator needs Ashfield's collection to qualify as an institution, not a guarantee that all such lending was recorded.",TRUE,TRUE,TRUE,TRUE,TRUE,pass,,,v1,current
AR_V1_B5_0015,AR_B5_BP_0015,10,LSAT_201_Source_Compilation_Keyed,0,1,validated_candidate,unpublished,production_factory_pass_not_human_validated,MC,2,MAIN_CONCLUSION,PAT_FIND_CONCLUSION,Main Conclusion,blind-code-review,"Blind code review should be used whenever it is practical to do so on software teams. It helps head off the skewed judgments that so often arise from the opinions reviewers already hold about their colleagues, and reviewers plainly ought to be scrupulous about avoiding such skewed judgments.",Which one of the following most accurately expresses the main conclusion of the argument?,Reviewers' objectivity may be impeded when they judge code on the basis of opinions they already hold about their colleagues.,Reviewers sometimes neglect to give adequate weight to the risk of judging code on the basis of prior opinions.,"Whenever it is practical, reviewers should refrain from judging code on the basis of previously formed opinions.",Blind code review is often an effective way of securing objectivity in a software team.,It is advisable for software teams to use blind code review in as high a proportion of their reviews as they can.,E,The recommendation to use blind review as widely as practical is the point; the rest explains why.,Identify the claim the rest of the passage is offered to support.,Software teams should use blind code review whenever practical.,"It prevents skewed judgments, which reviewers ought to avoid.",Distinguish the recommendation from the reasons offered for it.,,main_conclusion|recommendation,premise_restated,unstated_claim,adjacent_recommendation,supporting_claim,N/A_correct,Conclusion Failure,Conclusion Failure,Conclusion Failure,Conclusion Failure,N/A_correct,"Choice A is tempting because it captures the passage's worry, but this is the reason offered in support, not the recommendation the passage is advancing.","Choice B is tempting because it sounds like a criticism the passage might endorse, but the passage never says reviewers neglect this risk, so it cannot be the conclusion.","Choice C is tempting because it is a recommendation, but the passage recommends a specific practice, blind review, rather than urging reviewers to set their opinions aside by an effort of will.","Choice D is tempting because it praises blind review, but this states why blind review works, which the passage offers in support of its actual recommendation.",Choice E is the main conclusion: the claims about skewed judgments and reviewers' obligations are offered precisely to support this recommendation to use blind review wherever practical.,TRUE,TRUE,TRUE,TRUE,TRUE,pass,,,v1,current
AR_V1_B5_0016,AR_B5_BP_0016,11,LSAT_201_Source_Compilation_Keyed,0,1,validated_candidate,unpublished,production_factory_pass_not_human_validated,RC,4,ROLE_IN_ARGUMENT,PAT_IDENTIFY_ROLE,Role of a Claim,calculators-and-mental-reckoning,"One hears constantly nowadays that pocket calculators have eaten away the arithmetic skills that mental computation once demanded and sharpened. But two centuries ago the grievance was that certain skills, such as the prodigious mental reckoning that was intrinsic to a merchant's training, were being wiped out by the spread of printed multiplication tables. So what lies ahead of us is probably a mere shift in the habits of the mind rather than their decay.",The reference to the grievance of two centuries ago that prodigious mental reckoning was being wiped out plays which one of the following roles in the argument?,an example of a change in culture that did not necessarily have a damaging effect on the mind overall,evidence supporting the claim that the arithmetic skills sharpened by mental computation are being eaten away by calculators,"an illustration of the general hypothesis, advanced here, that mental abilities cannot be separated from the tools with which people compute",evidence that the claim that arithmetic skills are being lost is entirely unwarranted,"possible evidence, raised and then set aside, that supporters of the criticized view might have cited",A,The old complaint is offered as a past case where a similar change altered rather than ruined the mind.,Identify what work the historical grievance does: it is a precedent for harmless change.,What lies ahead is a shift in mental habits rather than their decay.,"An earlier, parallel complaint accompanied a change that did not ruin the mind.",Distinguish a cited precedent from the hypothesis it is used against.,,role|precedent|analogy,N/A_correct,supports_target,wrong_hypothesis,overstates,raised_dismissed,N/A_correct,Role Failure,Role Failure,Role Failure,Role Failure,"Choice A correctly describes the role: the old grievance is cited as a precedent in which a comparable change altered how people think without ruining their minds, which is what supports the conclusion.","Choice B is tempting because the two complaints are parallel, but the old grievance is used against the modern worry, not as evidence for it.","Choice C is tempting because tools and abilities are linked in the passage, but no such general hypothesis is advanced; the old grievance serves as a reassuring precedent.","Choice D is tempting but too strong: the passage allows that skills change, concluding only that the mind is altered rather than degraded, not that the worry is baseless.","Choice E is tempting because the grievance is introduced with 'but,' yet the passage embraces it as a precedent rather than raising and dismissing it.",TRUE,TRUE,TRUE,TRUE,TRUE,pass,,,v1,current
AR_V1_B5_0017,AR_B5_BP_0017,80,LSAT_201_Source_Compilation_Keyed,0,1,validated_candidate,unpublished,production_factory_pass_not_human_validated,MSS,3,MSS_SUPPORTED,PAT_CHAIN_INFERENCE,Most Strongly Supported,feed-barn-hay,"Rivera's Feed Barn sells a very large volume of hay each season. The vast bulk of it is sold in bales to commercial buyers, and most of those bales go to horse stables. Rivera's also sells grooming tools, most of which are bought at retail by hobby riders.",Which one of the following is most strongly supported by the information above?,Rivera's earns a larger profit from selling hay than from selling all of its other products combined.,A bale of hay bought from Rivera's is more likely to have been bought by a horse stable than by a hobby rider.,Among Rivera's regular customers there are more commercial buyers than hobby riders.,Rivera's sells a few grooming tools in bulk to horse stables.,Most of those who make regular bulk purchases from Rivera's have never bought a grooming tool there.,B,"Most hay goes to commercial buyers, and most of those are stables, so a bale most likely went to a stable.",Draw the supported claim about which buyer a given bale most likely went to.,(inference target),"Most hay is sold to commercial buyers, most of whom are stables.","Keep the inference to hay, and to comparative likelihood.",A given bale of hay more likely went to a horse stable than to a hobby rider.,most_strongly_supported|proportional_inference,profit_unsupported,N/A_correct,customer_count,unsupported_detail,no_overlap,Inference Failure,N/A_correct,Inference Failure,Inference Failure,Inference Failure,"Choice A is tempting because hay dominates by volume, but nothing is said about profit, which can differ sharply from volume.","Choice B is most strongly supported: the vast bulk of hay goes to commercial buyers, and most of those are horse stables, so any given bale most likely went to a stable.","Choice C is tempting because commercial buyers take most of the hay, but a few large buyers can account for a large volume, so their number cannot be inferred.","Choice D is tempting because both products and both buyer types appear, but the passage says most tools are bought at retail and never says any are sold in bulk.","Choice E is tempting because the two products have different buyer profiles, but nothing rules out bulk hay buyers also purchasing grooming tools.",TRUE,TRUE,TRUE,TRUE,TRUE,pass,,,v1,current
AR_V1_B5_0018,AR_B5_BP_0018,82,LSAT_201_Source_Compilation_Keyed,0,1,validated_candidate,unpublished,production_factory_pass_not_human_validated,MBT,4,MBT_DEDUCE,PAT_DEDUCTION,Must Be True,static-display-forms,"A truly static display form, a mosaic for example, is one whose appreciation makes no essential demand on time. Viewing a mosaic does take time, of course, yet its portions may be taken in in any order whatever, and no particular span must be spent before it. By contrast, most display forms, such as film and dance, have time built into them at the root: they call for enactment, and so must be taken in through a fixed order and across a roughly fixed span. A comic strip, though printed and so seemingly static, must in fact be enacted, even when the enactment is only a silent reading panel by panel.","If the statements above are true, then on the basis of them which one of the following must be true?",A comic strip is less like film than it is like a mosaic.,Spatiality and temporality are mutually exclusive components of display forms.,Truly static display forms do not essentially involve enactment.,Display forms that must be examined for a long period in order to be understood are essentially temporal.,"Anything capable of being enacted is either cinematic or choreographic, or both.",C,"Enactment brings a fixed order and span, which time-independent forms lack; so truly static forms do not require enactment.",Deduce the guaranteed claim linking static forms and enactment.,(inference target),Enactment implies fixed order and span; static forms have neither.,Chain the definition of static with what enactment requires.,Truly static display forms do not essentially involve enactment.,must_be_true|definition_chain,similarity_judgment,exclusivity,N/A_correct,duration_confusion,false_exhaustive,Inference Failure,Inference Failure,N/A_correct,Inference Failure,Inference Failure,"Choice A is tempting because comic strips are printed like mosaics, but the passage groups the comic strip with forms that must be enacted, and it makes no overall similarity ranking.","Choice B is tempting because the passage contrasts two kinds of forms, but it never says a form cannot have both spatial and temporal aspects.","Choice C must be true: enactment imposes a fixed order and a roughly fixed span, and in a truly static form time plays no essential part, so such a form cannot essentially require enactment.","Choice D is tempting because it invokes time, but taking a long time to grasp a work differs from requiring a fixed span, so this does not follow.","Choice E is tempting because film and dance are the examples given, but the comic strip is enacted too, so enactable things are not confined to those two kinds.",TRUE,TRUE,TRUE,TRUE,TRUE,pass,,,v1,current
AR_V1_B5_0019,AR_B5_BP_0019,10,LSAT_201_Source_Compilation_Keyed,0,1,validated_candidate,unpublished,production_factory_pass_not_human_validated,PF,3,PARALLEL_FLAW,PAT_MATCH_FLAWED_FORM,Parallel Flaw,school-average-score-rank,"For years, Larkspur High had the highest average entrance-exam score of any school in its district. This year Larkspur has only the third highest average score in the district. Therefore students at Larkspur must be scoring lower on the exam now than Larkspur students used to score.",Which one of the following arguments demonstrates most effectively by parallel reasoning that the argument above is flawed?,"Because Omar's sapling needs less water than his shrub does, the sapling must be hardier than the shrub.","Because Omar's sapling was planted a week before his shrub, Omar must have acquired the sapling first.","Because Omar's sapling drops fewer leaves than his shrub does, the sapling is unlikely to become bare.","Because Omar's sapling was taller than his shrub a while ago but is now shorter than the shrub, the sapling must have shrunk.","Because Omar's sapling has grown closer to his shrub recently, the shrub must have grown closer to the sapling.",D,"A parallel case where something falls in rank only because the others rose, so no decline occurred.",Match the error: treating a drop in relative rank as proof of a drop in absolute value.,Larkspur students are scoring lower than they used to.,Larkspur fell from first to third in the district.,Rank can fall while the underlying value holds steady or rises.,,parallel_flaw|relative_vs_absolute,different_error,sequence_error,prediction_error,N/A_correct,symmetry_error,Form Failure,Form Failure,Form Failure,N/A_correct,Form Failure,"Choice A is tempting because it compares two plants, but it infers hardiness from water needs, which is not the rank-versus-value error committed above.","Choice B is tempting because it reasons from timing, but it involves no change in rank over time and so does not expose the flaw in question.","Choice C is tempting because it draws a conclusion from a comparison, but it is a single-time comparison with no shift in ranking, so the parallel fails.","Choice D parallels the flaw exactly: the sapling's fall in relative height is treated as proof that it lost height, when the shrub may simply have grown faster, just as rival schools may simply have improved.","Choice E is tempting because it involves a changing relation, but it turns on the symmetry of 'closer to,' not on mistaking a fall in rank for a fall in value.",TRUE,TRUE,TRUE,TRUE,TRUE,pass,,,v1,current
AR_V1_B5_0020,AR_B5_BP_0020,28,LSAT_201_Source_Compilation_Keyed,0,1,validated_candidate,unpublished,production_factory_pass_not_human_validated,RP,3,RESOLVE_EXPLAIN,PAT_RECONCILE,Resolve the Discrepancy,coal-soot-indoor-air,"Of all the fuels households commonly burn for heat, coal gives off the most soot per unit of heat produced, and soot adds to the pollution of the air indoors. Yet when households that give up burning coal are tracked carefully for a full year afterward, the pollution of the air inside their homes is often found to rise rather than fall.","Which one of the following, if true, most helps to resolve the apparent discrepancy in the information above?","Although coal gives off a great deal of soot, it also burns steadily and cheaply, which benefits households overall.","Among households with poor ventilation, coal burning and high indoor pollution are strongly correlated.",Households that give up burning coal generally do so out of concern about the quality of the air they breathe.,Many households that burn coal regularly have about the same level of indoor pollution as households that have never burned coal.,"Many households that give up burning coal take up burning unseasoned wood, which is heavy in fine particulates, and fine particulates worsen indoor air more than soot does.",E,They switch to a fuel that produces something worse for indoor air than soot.,Find the fact that lets giving up the sootiest fuel still worsen the air.,(discrepancy to explain),"Coal is sootiest, yet quitting coal often raises indoor pollution.","Another pollutant, from the replacement fuel, must matter more than soot.",,resolve|substitution_effect,other_virtues,correlation_subgroup,motive,no_difference,N/A_correct,Resolve Failure,Resolve Failure,Resolve Failure,Resolve Failure,N/A_correct,"Choice A is tempting because it defends coal, but other virtues of coal do not explain why indoor air gets worse once households stop burning it.","Choice B is tempting because it links coal to pollution, but it deepens the puzzle rather than resolving it, since it makes quitting coal look even more helpful.","Choice C is tempting because it explains why households quit, but their motive does not explain why the air actually worsens afterward.","Choice D is tempting because it compares pollution levels, but it does not explain a rise in pollution following the switch away from coal.","Choice E most helps resolve the discrepancy: households replace the sootiest fuel with one that emits a pollutant that harms indoor air even more, so quitting coal can leave the air dirtier.",TRUE,TRUE,TRUE,TRUE,TRUE,pass,,,v1,current
AR_V1_B6_0001,AR_B6_BP_0001,91,LSAT_201_Source_Compilation_Keyed,0,1,validated_candidate,unpublished,production_factory_pass_not_human_validated,FL,3,FLAW_DESCRIBE,PAT_NAME_THE_ERROR,Describe the Flaw,relay-squad-loose-group,"Athletic director: I intend to assemble a winning relay squad for this season by picking out gifted, self-reliant runners who would rather not train as part of a close-knit group. This approach simply cannot fail, because a recent study shows that where a shared goal is present, the adaptability of loosely bound squads lets them perform better than close-knit squads do.",The reasoning in the athletic director's argument is most vulnerable to criticism on the grounds that the argument,overlooks the possibility that runners who would rather not train in close-knit squads may have trouble committing to a shared goal,presumes that factors which are together sufficient for success are also each necessary for success,relies on a study that bears no apparent relevance to the plan the director proposes,takes for granted that adaptable squads always perform significantly better than rigid ones,confuses the goals the director is trying to achieve with the goals that the squad's members must hold in common,A,"Runners who avoid close-knit training may be just the ones who will not commit to a shared goal, so the study's finding may not apply.","Name the error: the study's benefit requires a shared goal, which the chosen runners may not supply.",The director's approach to assembling the squad cannot fail.,Loosely bound squads with a shared goal outperform close-knit squads.,The runners chosen may never form the shared goal the study's finding depends on.,,flaw|overlooked_possibility|condition_unmet,N/A_correct,sufficient_as_necessary,irrelevant_study,always_better,goal_confusion,N/A_correct,Conditional Failure,Relevance Failure,Scope Failure,Structure Failure,"Choice A correctly names the error: the study's advantage holds only where a shared goal is present, and the very trait the director selects for may prevent that condition from being met.","Choice B is tempting because conditions for success are in play, but the director never treats jointly sufficient factors as individually necessary; the flaw lies elsewhere.","Choice C is tempting because the study is doing heavy lifting, but the study is plainly relevant to loosely bound squads; the trouble is whether its condition will hold here.","Choice D is tempting because it overstates the study, but the argument does not need adaptability to win always; its defect concerns the shared goal the study presupposes.","Choice E is tempting because two sorts of goals appear, but the director does not run them together; the error is ignoring that the chosen runners may not share any goal.",TRUE,TRUE,TRUE,TRUE,TRUE,pass,,,v1,current
AR_V1_B6_0002,AR_B6_BP_0002,93,LSAT_201_Source_Compilation_Keyed,0,1,validated_candidate,unpublished,production_factory_pass_not_human_validated,FL,4,FLAW_DESCRIBE,PAT_NAME_THE_ERROR,Describe the Flaw,seal-cove-regulations,"Fleet owner: In this province, strict rules forbid a boat captain from working any cove in which a rare harbor seal has been sighted. These rules turn the presence of a seal into a costly burden for many captains, and so give captains reason not to look after the seals in the waters they fish. It follows that the seals would very likely suffer no harm if the rules on cove fishing were lifted.",The reasoning in the fleet owner's argument is most vulnerable to criticism on which one of the following grounds?,It confuses a condition whose presence would be needed to bring about a certain result with a condition whose presence would be needed to prevent that result.,"It unjustifiably overlooks the possibility that even if certain factors tend to produce a given effect, those same factors may produce stronger countervailing effects as well.",It supports a claim containing a value judgment solely by appeal to factual claims that do not by themselves entail that judgment.,It fails to take into account that policies not in the interest of boat captains may well be in the interest of fleet owners.,It fails to account for how captains who have no seals in the waters they fish would react to the change.,B,"Even if the rules discourage stewardship, they may prevent far more harm than that discouragement causes.",Name the error: the rules may also protect the seals in ways that outweigh the discouragement they cause.,Lifting the rules would very likely not harm the seals.,The rules discourage captains from looking after the seals.,A factor that produces one bad effect may also produce a larger protective effect.,,flaw|countervailing_effects,condition_confusion,N/A_correct,is_ought,interest_split,other_captains,Conditional Failure,N/A_correct,Structure Failure,Scope Failure,Scope Failure,"Choice A is tempting because conditions and results abound, but the owner never swaps a condition for producing a result with one for preventing it.","Choice B correctly names the error: the rules may discourage stewardship yet still shield the seals far more effectively than voluntary care ever would, so removing them could do great harm.","Choice C is tempting because policy is at issue, but the conclusion is a prediction about harm to seals, not a value judgment resting on bare facts.","Choice D is tempting because it divides the parties, but whose interests the rules serve is beside the point; what matters is their net effect on the seals.","Choice E is tempting because it names an unconsidered group, but captains without seals in their waters have no bearing on whether lifting the rules would harm seals.",TRUE,TRUE,TRUE,TRUE,TRUE,pass,,,v1,current
AR_V1_B6_0003,AR_B6_BP_0003,98,LSAT_201_Source_Compilation_Keyed,0,1,validated_candidate,unpublished,production_factory_pass_not_human_validated,FL,4,FLAW_DESCRIBE,PAT_NAME_THE_ERROR,Describe the Flaw,craft-brewing-division,"The craft-brewing industry is expanding quickly and has been doing so for some years. For a brewery to expand quickly, it must experiment, which means that it must have either adventurous brewers or owners who welcome unfamiliar recipes. Hopfield is a craft brewery reputed to employ not a single adventurous brewer. If that report is accurate, its owners evidently welcome unfamiliar recipes.",The reasoning in the argument is flawed in that it,confuses a condition necessary for a brewery's experimenting with a condition sufficient for its experimenting,"illicitly concludes that because a great many people believe something, it must be true","illicitly presumes that because a set of things has a certain property, each member of that set has that property",confuses a condition necessary for a brewery to expand quickly with a condition sufficient for it to expand quickly,overlooks the possibility that a brewery could have both adventurous brewers and owners who welcome unfamiliar recipes,C,"The industry expands quickly; that does not mean Hopfield does, so nothing follows about Hopfield's owners.",Name the error: a property of the industry is transferred to each brewery in it.,Hopfield's owners welcome unfamiliar recipes.,"Hopfield has no adventurous brewers, and quick expansion requires one or the other.",Hopfield need not share the industry's rapid expansion.,,flaw|division,necessary_sufficient_experiment,popularity,N/A_correct,necessary_sufficient_expand,inclusive_or,Conditional Failure,Relevance Failure,N/A_correct,Conditional Failure,Structure Failure,"Choice A is tempting because conditionals are stacked here, but the argument handles the requirement for experimenting correctly; its slip comes earlier.","Choice B is tempting because the passage says Hopfield 'is said' to lack adventurous brewers, but the argument does not rest that report on popular belief.","Choice C correctly names the error: rapid expansion is attributed to the industry as a whole, and the argument silently transfers it to Hopfield, on which its whole chain depends.","Choice D is tempting and very close, but the argument never treats experimenting as enough for quick expansion; it wrongly assumes Hopfield expands quickly at all.","Choice E is tempting because the disjunction could be inclusive, but the argument only needs one disjunct to fail, so this possibility does not damage it.",TRUE,TRUE,TRUE,TRUE,TRUE,pass,,,v1,current
AR_V1_B6_0004,AR_B6_BP_0004,100,LSAT_201_Source_Compilation_Keyed,0,1,validated_candidate,unpublished,production_factory_pass_not_human_validated,FL,4,FLAW_DESCRIBE,PAT_NAME_THE_ERROR,Describe the Flaw,fresco-restoration,"Restorer: Dr. Vance, plainly scornful of my restoration of the chapel fresco on the ground that it is unfaithful, says that my restoration stirs in most viewers impressions other than those the original painting was meant to stir. Yet, as Dr. Vance ought to recognize, we know neither how the earliest viewers actually responded to that painting nor what response its painter hoped to elicit. Dr. Vance's criticism is therefore unwarranted.",The restorer's argument is flawed in that it,fails to address adequately the possibility that the original painting had more than one painter,draws its conclusion purely on the basis of an appeal to what most viewers feel,rejects a criticism merely on account of the circumstances of the person who offered it,fails to address adequately the possibility that the original painting was not intended to stir any particular impression in viewers,concludes that we cannot know that certain impressions were not intended merely because we do not know which impressions were intended,D,"If the painting was never meant to stir any particular impression, Vance's criticism could still be right for other reasons, and the restorer's reply misfires.",Name the overlooked possibility about the original's intended effect.,Dr. Vance's criticism is unwarranted.,We do not know how viewers first responded or what the painter intended.,The original may have been intended to stir no particular impression at all.,,flaw|overlooked_possibility|intent,multiple_authors,popular_opinion,ad_hominem,N/A_correct,knowledge_slide,Scope Failure,Relevance Failure,Relevance Failure,N/A_correct,Structure Failure,"Choice A is tempting because authorship is uncertain, but how many painters worked on the fresco does not bear on whether the restorer has answered the criticism.","Choice B is tempting because most viewers are mentioned, but that appears in Vance's charge, not in the restorer's own reasoning toward the conclusion.","Choice C is tempting because the restorer clearly resents Vance, but the reply turns on what we can know about the painting, not on Vance's circumstances.","Choice D correctly names the flaw: if the painting was meant to stir no particular impression, then our ignorance of the painter's intention does not rescue the restoration from the charge of unfaithfulness.","Choice E is tempting and subtle, but the restorer does not draw that conclusion; the gap is the unconsidered case in which no particular impression was intended.",TRUE,TRUE,TRUE,TRUE,TRUE,pass,,,v1,current
AR_V1_B6_0005,AR_B6_BP_0005,1,LSAT_201_Source_Compilation_Keyed,0,1,validated_candidate,unpublished,production_factory_pass_not_human_validated,ST,3,STRENGTHEN_SUPPORT_CAUSE,PAT_RULE_IN_MECHANISM,Strengthen a Medicinal-Use Claim,capuchin-piper-leaves,"Field biologist: Through the long dry months of the year, capuchin monkeys, a species closely related to spider monkeys, regularly crush the pungent leaves of the piper shrub and work the pulp deep into their fur. These leaves are probably applied for their medicinal properties, since the compounds released when the leaves are crushed drive off the larvae of the botfly.","Which one of the following, if true, most strengthens the field biologist's argument?",Capuchins rarely work the leaves of any shrub other than the piper into their fur.,Spider monkeys have also been observed working crushed leaves into their fur during the dry months.,"Of the pungent shrubs available to capuchins, the piper is by far the most common.",Piper leaves are easier to crush when they are damp.,The dry months are the time when capuchins are most likely to be infested by botfly larvae.,E,"If the dry months are exactly when botflies threaten the capuchins, the medicinal explanation fits the timing.",Add the fact matching the timing of the behavior to the medical need it is said to serve.,The piper leaves are applied for their medicinal properties.,"The crushed leaves drive off botfly larvae, and capuchins apply them in the dry months.",The behavior's timing must line up with when the medical benefit is needed.,,strengthen|medicinal_hypothesis|timing_fit,exclusivity,other_species,availability,mechanical_detail,N/A_correct,Scope Failure,Scope Failure,Scope Failure,Scope Failure,N/A_correct,"Choice A is tempting because it singles out the piper, but the exclusive use of one shrub does not show the purpose of using it is medicinal.","Choice B is tempting because it shows the behavior is widespread, but what a related species does says nothing about why capuchins do it.","Choice C is tempting because it explains the choice of shrub, but abundance offers a rival, non-medicinal reason for using piper leaves.","Choice D is tempting because it concerns crushing the leaves, but ease of crushing bears on how the monkeys do it, not on why.","Choice E most strengthens the argument: the monkeys apply the leaves exactly when the parasite they repel is most threatening, which is just what a medicinal purpose would predict.",TRUE,TRUE,TRUE,TRUE,TRUE,pass,,,v1,current
AR_V1_B6_0006,AR_B6_BP_0006,12,LSAT_201_Source_Compilation_Keyed,0,1,validated_candidate,unpublished,production_factory_pass_not_human_validated,ST,4,STRENGTHEN_SUPPORT_CAUSE,PAT_COMPLETE_THE_SUPPORT,Strengthen by Completing the Passage,warehouse-wing-failures,"A year-long survey of maintenance records found that most of the equipment failures logged by technicians at the depot occurred in machines housed in the east wing of the building rather than in the west wing. This finding strongly suggests that failures occurring in the west wing are considerably more likely than east-wing failures are to go unlogged altogether, since ______.",The conclusion of the argument is strongly supported if which one of the following completes the passage?,it is very likely that just as many failures occur in the west wing as occur in the east wing,technicians vary a great deal in how accurately they log the failures they encounter,machines that fail typically have other defects in addition to the one that caused the failure,the symptoms of west-wing failures tend to differ from the symptoms of east-wing failures,other surveys have suggested that a great many minor failures go unlogged,A,"If failures really happen about equally in both wings, then the lopsided log must reflect under-logging in the west.","Supply the fact that makes unequal logging, rather than unequal breakdown, the explanation.",West-wing failures more often go unlogged than east-wing failures do.,Most logged failures were in the east wing.,Rule out that the east wing simply suffers more failures.,,strengthen|completion|base_rate,N/A_correct,variation,irrelevant_detail,symptom_difference,general_underreporting,N/A_correct,Scope Failure,Scope Failure,Scope Failure,Scope Failure,"Choice A strongly supports the conclusion: if the two wings suffer equal numbers of failures, then a log dominated by east-wing entries can only mean that west-wing failures are going unrecorded.","Choice B is tempting because it concerns logging accuracy, but variation among technicians does not explain a lopsided split between the two wings.","Choice C is tempting because it concerns failing machines, but additional defects say nothing about which wing's failures get logged.","Choice D is tempting because differing symptoms hint at differing detection, but on its own it does not establish that west-wing failures go unlogged more often.","Choice E is tempting because it concerns unlogged failures, but general under-logging affects both wings alike and does not support the comparison drawn.",TRUE,TRUE,TRUE,TRUE,TRUE,pass,,,v1,current
AR_V1_B6_0007,AR_B6_BP_0007,12,LSAT_201_Source_Compilation_Keyed,1,2,validated_candidate,unpublished,production_factory_pass_not_human_validated,ST,3,STRENGTHEN_SUPPORT_CAUSE,PAT_RULE_IN_MECHANISM,Strengthen a Causal Claim,clock-change-cycling-collisions,"Each spring, when the region's clocks jump forward an hour, a great many commuters lose an hour of sleep. Hospital records show that on the day right after the change, the number of cycling collisions reported in the city runs about six percent above the seasonal norm. Sleep loss is therefore likely to be what lies behind this rise in collisions.","Which one of the following, if true, most strengthens the argument?",Many commuters forget to reset their clocks and consequently arrive late for work that day.,"The rise in collisions is sharpest in the late afternoon, when riders who are short on sleep tend to be at their drowsiest.",The collisions that occur on the day after the clocks change are no more serious than collisions normally are.,The effects of losing an hour of sleep can persist for several days afterward.,"Cycling collisions are less common in spring, when the clocks change, than they are during the winter.",B,"If the extra collisions cluster when sleep-short riders are drowsiest, the sleep explanation is confirmed.",Tie the pattern of the collisions specifically to drowsiness from lost sleep.,Sleep loss is behind the rise in cycling collisions.,Collisions rise six percent the day after commuters lose an hour of sleep.,Something must connect the collisions to drowsiness rather than to the clock change generally.,,strengthen|causal|drowsiness_pattern,alternative_cause,N/A_correct,severity,duration,seasonal_comparison,Scope Failure,N/A_correct,Scope Failure,Scope Failure,Scope Failure,"Choice A is tempting because lateness could cause hurried riding, but that is a rival explanation of the collisions, which competes with the sleep account rather than supporting it.","Choice B most strengthens the argument: the extra collisions cluster exactly when sleep-deprived riders would be drowsiest, which is what the sleep-loss explanation predicts.","Choice C is tempting because it describes the collisions, but their seriousness has no bearing on what caused there to be more of them.","Choice D is tempting because it concerns lost sleep, but a lingering effect does not tie this one-day spike to drowsiness in particular.","Choice E is tempting because it compares collision rates, but a season-to-season contrast says nothing about the spike measured against the seasonal norm.",TRUE,TRUE,TRUE,TRUE,TRUE,pass,,,v1,current
AR_V1_B6_0008,AR_B6_BP_0008,14,LSAT_201_Source_Compilation_Keyed,0,1,validated_candidate,unpublished,production_factory_pass_not_human_validated,WK,4,WEAKEN_ATTACK_KEY_LINK,PAT_BREAK_INFERENCE_LINK,Weaken by Undoing the Contrast,honey-diastase-microwave,"A jar of raw honey, once warmed in a microwave oven to forty-five degrees Celsius, holds only half the amount of the enzyme diastase that it held at the start. If, on the other hand, the honey reaches that same temperature by sitting in a water bath kept at forty-five degrees, it holds very nearly all of its original diastase. The enzyme, therefore, is destroyed not by heat at all but by the microwaves themselves, which merely happen to produce heat along the way.","Which one of the following, if true, most seriously weakens the argument?",Warming raw honey in a microwave oven to ninety degrees Celsius destroys nearly all the diastase present in it.,Enzymes destroyed in raw honey through overheating can be replaced by adding enzymes drawn from other sources.,Warming any liquid by microwave creates tiny pockets within it that are far hotter than the temperature the liquid finally reaches.,Honey warmed in a microwave oven does not taste noticeably different from honey warmed briefly in a water bath.,A liquid warmed in a water bath kept at exactly forty-five degrees reaches that temperature more slowly than one warmed in a hotter bath.,C,"If microwaving makes tiny pockets far hotter than the final temperature, heat destroys the enzyme after all.","Show the microwaved honey is in fact exposed to greater heat, so heat can explain the loss.",Microwaves rather than heat destroy the diastase.,Equal final temperatures give very different enzyme losses.,The final temperature may not reflect the peak heat the honey undergoes.,,weaken|hidden_variable|local_heating,more_of_same,remedy,N/A_correct,taste,rate_detail,Scope Failure,Scope Failure,N/A_correct,Scope Failure,Scope Failure,"Choice A is tempting because it shows microwaves destroying diastase, but a hotter microwaving does nothing to explain the contrast at equal temperatures.","Choice B is tempting because it concerns destroyed enzymes, but whether they can be replaced afterward has no bearing on what destroyed them.","Choice C most weakens the argument: if microwaved honey contains pockets far hotter than forty-five degrees, then ordinary heat, not some special property of microwaves, can account for the lost enzyme.","Choice D is tempting because it compares the two methods, but taste is not the enzyme, and it tells us nothing about what destroyed the diastase.","Choice E is tempting because it concerns how quickly heat arrives, but it compares two water baths and leaves the microwave contrast untouched.",TRUE,TRUE,TRUE,TRUE,TRUE,pass,,,v1,current
AR_V1_B6_0009,AR_B6_BP_0009,55,LSAT_201_Source_Compilation_Keyed,1,2,validated_candidate,unpublished,production_factory_pass_not_human_validated,WK,3,WEAKEN_ATTACK_KEY_LINK,PAT_BREAK_INFERENCE_LINK,Weaken by Removing the Discriminating Signal,thermal-imaging-deception,"Researchers handed each of twenty-four volunteers a sealed envelope holding a single word, then paid them to misstate that word to an examiner while a thermal camera recorded their faces. Whenever a volunteer misstated the word, the images showed a rise in temperature around the eyes, a region of the face that is known to warm when a person feels stress. These findings back the idea that thermal imaging could one day serve as the basis of an effective deception detector.","Which one of the following would, if true, most weaken the argument above?","Existing methods of deception detection, the polygraph among them, have never been shown to be reliable.",Most people regard lying in an experimental setting as ethically objectionable.,The stress that goes with lying varies widely from person to person and depends on the circumstances of the lie.,Warming around the eyes occurs in volunteers who are telling the truth to much the same degree as it occurs in volunteers who are lying.,Telling a lie that has been carefully rehearsed produces less stress than telling one on the spur of the moment.,D,"If truthful volunteers warm just as much, the signal cannot pick out deception.",Show the measured signal fails to distinguish liars from truth-tellers.,Thermal imaging could serve as an effective deception detector.,Misstating the word produced warming around the eyes.,"The warming must be peculiar to lying, not common to the situation.",,weaken|no_discrimination,rivals_bad,ethics,variation,N/A_correct,lie_type,Scope Failure,Scope Failure,Scope Failure,N/A_correct,Scope Failure,"Choice A is tempting because it disparages lie detection, but the failings of other methods say nothing about whether thermal imaging works.","Choice B is tempting because it concerns the volunteers' lying, but their moral view of the task does not undercut the inference from the images.","Choice C is tempting because it complicates the signal, but variation in how much stress lying causes still leaves warming a marker of lying.","Choice D most weakens the argument: if truthful volunteers warm just as much, the thermal signal cannot separate liars from truth-tellers, which is what a deception detector must do.","Choice E is tempting because it concerns stress while lying, but a difference among kinds of lies does not show the warming fails to mark lying.",TRUE,TRUE,TRUE,TRUE,TRUE,pass,,,v1,current
AR_V1_B6_0010,AR_B6_BP_0010,61,LSAT_201_Source_Compilation_Keyed,1,2,validated_candidate,unpublished,production_factory_pass_not_human_validated,WK,3,WEAKEN_ATTACK_KEY_LINK,PAT_BREAK_INFERENCE_LINK,Weaken by Defeating the Second Aim,street-comedy-payroll,"Nolan: Councils in many towns have moved to curb, or outright forbid, street comedy on account of its power to mock officials. Those moves have rarely achieved anything, most likely because audiences badly want comedy, and comedians reliably devise sly means of mocking officials who deal harshly with them. So, since no comedian will mock a council that has hired him or her into a salaried post of public standing, an effective way to control street comedy and still please audiences is to put comedians on the city payroll.","Which one of the following, if true, would most weaken Nolan's argument?",Few city councils are willing to bear the expense of employing comedians.,"Even when it is entirely unrestricted, street comedy seldom brings down a city council.",Some comedians mock city councils that have not treated them harshly at all.,Most street comedy routines neither mock the city council nor praise it.,Audiences generally dislike comedy performed by people who are on the city payroll.,E,"If audiences reject comedy performed by council employees, the strategy controls comedy but does not please anyone.",Show the proposal fails the 'please audiences' half of the aim.,Putting comedians on the payroll controls street comedy and pleases audiences.,"Employed comedians will not mock their employer, and audiences want comedy.",The audience-pleasing half of the strategy must survive the comedians' change of status.,,weaken|defeats_second_goal,feasibility_cost,threat_overstated,partial_counterexample,content_mix,N/A_correct,Scope Failure,Scope Failure,Scope Failure,Scope Failure,N/A_correct,"Choice A is tempting because it makes the plan hard to adopt, but the argument claims the strategy would be effective if adopted, not that councils will adopt it.","Choice B is tempting because it downplays comedy's power, but whether comedy topples councils does not show the payroll strategy would fail.","Choice C is tempting because it strains one premise, but the argument rests on employed comedians not mocking their employer, which this leaves standing.","Choice D is tempting because it concerns what routines contain, but the strategy targets the routines that do mock, so this does not weaken it.","Choice E most weakens the argument: the strategy is supposed to please audiences as well as tame comedy, and if audiences reject comedians on the payroll, it fails on that count.",TRUE,TRUE,TRUE,TRUE,TRUE,pass,,,v1,current
AR_V1_B6_0011,AR_B6_BP_0011,5,LSAT_201_Source_Compilation_Keyed,0,1,validated_candidate,unpublished,production_factory_pass_not_human_validated,NA,4,NA_REQUIRED,PAT_NEGATION_BREAKS,Necessary Assumption,infallible-game-guides,"Many adventure games feature guides who are supposedly infallible, that is, able to give directions that always turn out to be correct. But a direction is correct only if following it brings the traveler where the direction promised. Thus the plots of these games often show that their guides are not truly infallible, since some of the directions the guides give do not in fact bring the traveler where promised.",Which one of the following is an assumption on which the argument depends?,A guide is truly infallible only if every one of the directions that guide gives is correct.,It is impossible for anyone to give correct directions with absolute consistency.,Games that portray guides as infallible often leave unstated whether the directions given bring the traveler where promised.,"When games portray guides as infallible, the guides' directions are generally central to the plots of those games.",No game has ever portrayed a truly infallible guide.,A,"Unless every direction must be correct, a handful of failures would not show the guide is not infallible.",Identify what infallibility must require for a few bad directions to refute it.,The guides in these games are not truly infallible.,Some of their directions do not bring the traveler where promised.,Infallibility must demand that all directions be correct.,,necessary_assumption|universal_requirement,N/A_correct,impossibility,unstated_plot,centrality,stronger_conclusion,N/A_correct,Scope Failure,Scope Failure,Scope Failure,Scope Failure,"Choice A is the required assumption: the argument moves from some failed directions to the guide's not being infallible, which works only if infallibility demands that all directions be correct.","Choice B is tempting because it concerns perfect direction-giving, but the argument needs a standard for infallibility, not a claim that no one could ever meet it.","Choice C is tempting because it concerns what plots show, but the argument relies on cases in which the directions plainly fail, so this is not required.","Choice D is tempting because it makes the directions important, but how central they are to a plot is not needed for the argument to go through.","Choice E is tempting because it sounds like the argument's upshot, but the argument concerns the guides in these games and need not assume the sweeping claim.",TRUE,TRUE,TRUE,TRUE,TRUE,pass,,,v1,current
AR_V1_B6_0012,AR_B6_BP_0012,2,LSAT_201_Source_Compilation_Keyed,1,2,validated_candidate,unpublished,production_factory_pass_not_human_validated,NA,3,NA_REQUIRED,PAT_NEGATION_BREAKS,Necessary Assumption,game-early-access-withheld,"Games columnist: Most major releases are ushered in by free early-access weekends, which let selected players try a game before it ships and thereby drum up publicity. The forthcoming title Nightforge has had no such weekend. With market research putting awareness of the title at 94 percent, and with roughly 55 percent of players declaring themselves definitely interested, the publisher must have ruled out every step that carried any risk of cooling players' interest.",The games columnist's explanation relies on assuming that,early-access weekends for Nightforge would cost a considerable sum that could be spent far more effectively on advertising,early-access weekends for Nightforge might lead to a dampening of the enthusiasm of players who would otherwise be interested in the game,the selected players who would normally be invited to an early-access weekend would probably not enjoy Nightforge,"if 94 percent of players are aware of Nightforge, then probably 94 percent of players intend to buy it",Nightforge would most likely be played by about 55 percent of players if no early-access weekends were held,B,Withholding early access protects interest only if letting players in early might have dampened it.,Identify what the publisher must have believed for withholding early access to count as protecting interest.,The publisher decided against anything that could reduce interest in the game.,"No early-access weekends were held, despite high awareness and interest.",Early-access weekends must be capable of reducing interest.,,necessary_assumption|explanation_requires,cost_reason,N/A_correct,specific_dislike,awareness_to_intent,interest_to_play,Scope Failure,N/A_correct,Scope Failure,Scope Failure,Scope Failure,"Choice A is tempting because it gives a reason to skip early access, but it is a rival explanation, and the columnist's account does not need it to be true.",Choice B is the required assumption: only if early access could reduce interest does withholding it count as the publisher's avoiding anything that could reduce interest.,"Choice C is tempting because it suggests early access could go badly, but the columnist needs only the possibility of dampened interest, not that these players would dislike the game.","Choice D is tempting because it uses the survey figure, but the columnist never equates awareness with intent to buy, and the explanation does not require it.","Choice E is tempting because it reuses the interest figure, but the argument does not need declared interest to translate into that share of players actually playing.",TRUE,TRUE,TRUE,TRUE,TRUE,pass,,,v1,current
AR_V1_B6_0013,AR_B6_BP_0013,5,LSAT_201_Source_Compilation_Keyed,0,1,validated_candidate,unpublished,production_factory_pass_not_human_validated,SA,3,SA_BRIDGE,PAT_RULE_OUT_ALTERNATIVE,Sufficient Assumption,crows-twigs-rookery,"Beck: An early naturalist watched crows carrying twigs across a field to a neighboring rookery, and inferred from this behavior that the crows were bringing nesting material to their neighbors as a kind of gift. Further study, however, established that the crows were merely clearing accumulated debris out of their own nests. The early naturalist was therefore quite mistaken in the inference that he drew.",Beck's conclusion follows logically if which one of the following is assumed?,Crow societies do not interact in all the same ways that human societies interact.,There is only weak evidence for the view that crows can make use of objects as gifts.,The debris that crows clear from their nests does not contain twigs that could be used as nesting material.,The crows to whom the twigs were brought never carried those twigs into their own nests.,The naturalist withdrew his conclusion once it was learned that the twigs came from the crows' own nests.,C,"If the cleared debris contained usable twigs, the crows could be clearing debris and delivering nesting material at once.",Rule out that the debris being cleared could itself be nesting material.,The early naturalist was mistaken.,The crows were clearing debris out of their own nests.,Cleared debris must not include anything usable as nesting material.,,sufficient_assumption|rules_out_overlap,analogy_denial,weak_evidence,N/A_correct,recipient_behavior,retraction,Scope Failure,Scope Failure,N/A_correct,Scope Failure,Scope Failure,"Choice A is tempting because it questions reading human motives into crows, but it does not close the gap between clearing debris and delivering nesting material.","Choice B is tempting because gift-giving is the naturalist's idea, but weak evidence for it does not establish that the naturalist was mistaken in this case.",Choice C lets the conclusion follow: only if the cleared debris held nothing usable as nesting material does the fact that crows were clearing debris show they were not delivering nesting material.,"Choice D is tempting because it concerns what the recipients did, but the naturalist's claim was about what the carrying crows were doing, not about the recipients.","Choice E is tempting because it concerns the naturalist, but whether he later recanted has no bearing on whether his original inference was mistaken.",TRUE,TRUE,TRUE,TRUE,TRUE,pass,,,v1,current
AR_V1_B6_0014,AR_B6_BP_0014,17,LSAT_201_Source_Compilation_Keyed,1,2,validated_candidate,unpublished,production_factory_pass_not_human_validated,SA,3,SA_BRIDGE,PAT_CONDITIONAL_BRIDGE,Sufficient Assumption,newspapers-shared-press,"Publisher: The regional printing press that turns out both our paper and our chief rival's has just enough work between the two of us to keep running. If our chief rival's paper were to fold, that press would go under for want of enough work. So, for our own paper to keep publishing, our chief rival's paper must keep publishing.",The conclusion drawn above follows logically if which one of the following is assumed?,The regional printing press will not go under.,Our paper will keep publishing if our chief rival's paper keeps publishing.,"If our paper folds, our chief rival's paper will fold as well.",Our paper will keep publishing only if the regional printing press stays in operation.,Our paper will keep publishing if the regional printing press stays in operation.,D,Our paper must run only if the press does; then the rival's folding would stop us.,Supply the conditional making the press necessary for our paper.,"For our paper to keep publishing, our chief rival's paper must keep publishing.","If the rival folds, the shared press goes under.",A link from 'press running' to 'our paper publishing' is missing.,,sufficient_assumption|only_if_conditional,asserts_fact,sufficient_for_necessary,wrong_direction,N/A_correct,affirms_sufficient,Conditional Failure,Conditional Failure,Conditional Failure,N/A_correct,Conditional Failure,"Choice A is tempting because it concerns the press, but flatly asserting it survives supplies no link making the rival's survival necessary for ours.","Choice B is tempting because it ties the two papers, but it makes the rival's survival sufficient for ours rather than necessary, so the conclusion does not follow.","Choice C is tempting because it links the papers' fates, but it runs the wrong way and never makes the rival's survival a condition of ours.","Choice D lets the conclusion follow: if we publish only while the press runs, and the rival's folding would sink the press, then the rival must survive for us to survive.","Choice E is tempting and nearly right, but it makes a running press sufficient for our publishing, whereas the conclusion requires it to be necessary.",TRUE,TRUE,TRUE,TRUE,TRUE,pass,,,v1,current
AR_V1_B6_0015,AR_B6_BP_0015,12,LSAT_201_Source_Compilation_Keyed,0,1,validated_candidate,unpublished,production_factory_pass_not_human_validated,MC,3,MAIN_CONCLUSION,PAT_FIND_CONCLUSION,Main Conclusion,documentary-films-resemblance,"Two documentary films released in the same year share a great many similar scenes and camera framings, a resemblance that might lead one to suspect that one of the crews copied the other. Coincidence, though, is the likelier account of the resemblance between these two films, given that both crews trained under the same cinematographer and both shot their footage in the same national park.",Which one of the following most accurately expresses the conclusion drawn in the argument?,Two documentary films released in the same year share a great many similar scenes and camera framings.,The many similar scenes and framings in the two films might lead one to suspect that one crew copied the other.,The crews of the two films trained under the same cinematographer and shot their footage in the same national park.,"If two crews train under the same cinematographer and shoot in the same place, suspicions of copying are very likely unwarranted.",It is less likely that one of the crews copied the other than that the resemblance between the two films is coincidental.,E,The point is that coincidence beats copying as an explanation.,Separate the comparative claim being argued for from the facts supporting it.,Coincidence is a likelier explanation of the resemblance than copying is.,Both crews had the same teacher and the same location.,Distinguish the conclusion from the suspicion it answers.,,main_conclusion|comparative_claim,premise_fact,suspicion,supporting_premise,generalized_principle,N/A_correct,Conclusion Failure,Conclusion Failure,Conclusion Failure,Conclusion Failure,N/A_correct,"Choice A is tempting because it opens the passage, but it is the observation that prompts the argument, not the claim the argument defends.","Choice B is tempting because it states the suspicion, but the argument is offered against that suspicion rather than in support of it.","Choice C is tempting because it is the reason given, but a reason offered for the conclusion is not itself the conclusion.","Choice D is tempting because it generalizes the reasoning, but the argument draws a conclusion about these two films, not a sweeping rule.",Choice E is the main conclusion: the shared teacher and shared location are offered precisely to support this comparative claim about which explanation is likelier.,TRUE,TRUE,TRUE,TRUE,TRUE,pass,,,v1,current
AR_V1_B6_0016,AR_B6_BP_0016,2,LSAT_201_Source_Compilation_Keyed,0,1,validated_candidate,unpublished,production_factory_pass_not_human_validated,MC,3,MAIN_CONCLUSION,PAT_FIND_CONCLUSION,Main Conclusion,warehouse-injury-tonnage,"Safety officer: Those intent on cutting warehouse injuries typically pour their efforts into equipment measures, such as better lifting gear, mandatory harnesses, and improved forklift design. But what would do the most to cut warehouse injuries is a reduction in the total tonnage that workers move by hand each week. The plain fact is that hand lifting, taken on its own, ranks among the largest risk factors there are.",Which one of the following most accurately expresses the overall conclusion drawn in the safety officer's argument?,A reduction in the tonnage that workers move by hand would do more to cut warehouse injuries than would any equipment measure.,Warehouse injuries can be cut by improving the equipment that workers use.,Those intent on cutting warehouse injuries should pour their efforts into equipment measures.,"Better lifting gear, mandatory harnesses, and improved forklift design all help to cut warehouse injuries.","Hand lifting, on its own, ranks among the largest of the risk factors behind warehouse injuries.",A,The point is that cutting hand-moved tonnage beats any equipment measure.,Identify the comparative recommendation the passage builds toward.,Reducing hand-moved tonnage would cut injuries more than any equipment measure would.,Lifting by hand is itself a major risk factor.,Distinguish the comparative conclusion from the supporting fact.,,main_conclusion|comparative_recommendation,N/A_correct,concession,opposed_view,background,premise_restated,N/A_correct,Conclusion Failure,Conclusion Failure,Conclusion Failure,Conclusion Failure,Choice A is the overall conclusion: the remark about hand lifting being a major risk factor is offered to support precisely this comparison between the two approaches.,"Choice B is tempting because equipment measures are discussed, but the officer mentions them only as the approach being displaced, not as the point being made.","Choice C is tempting because it echoes the opening, but it states the view the officer argues against, not the officer's own conclusion.","Choice D is tempting because these appear early, but they are background describing current practice rather than what the argument sets out to establish.","Choice E is tempting because it is stated emphatically at the end, but it is the evidence offered in support of the comparative claim, not the claim itself.",TRUE,TRUE,TRUE,TRUE,TRUE,pass,,,v1,current
AR_V1_B6_0017,AR_B6_BP_0017,3,LSAT_201_Source_Compilation_Keyed,0,1,validated_candidate,unpublished,production_factory_pass_not_human_validated,MSS,2,MSS_SUPPORTED,PAT_COMPLETE_ANALOGY,Complete the Argument,voyage-and-career,"A long voyage is in certain respects like a working life, and as a voyage draws toward its close, the crew come to regard it much the way a person approaching retirement regards the career now ending. Hence, just as those in their final working years devote long hours to revisiting the milestones they passed, crew members near the end of a voyage ______.",Which one of the following most logically completes the argument?,reminisce about their own careers,become keenly interested in the record of the voyage that is just ending,focus on what the next voyage will bring,come to fear that their own careers are about to end,reflect on how certain mishaps of the voyage might have been avoided,B,"They will dwell on the voyage itself, not on their careers or the next trip.",Carry the analogy through to the parallel behavior about the voyage.,(completion target),The analogy maps behavior toward a life onto behavior toward the voyage.,"Keep the object of attention the voyage, mirroring the career case.",Crew near a voyage’s end become absorbed in the record of the voyage just ending.,completion|analogy,wrong_object,N/A_correct,forward_looking,literalizes,narrower_behavior,Analogy Failure,N/A_correct,Analogy Failure,Analogy Failure,Analogy Failure,"Choice A is tempting because careers are named in the analogy, but the analogy maps behavior onto the voyage, so the object of their attention should be the voyage.","Choice B completes the analogy correctly: as someone near a career's end reviews that career, so the crew near a voyage's end dwell on the voyage itself.","Choice C is tempting as a natural human response, but the analogy is to looking back over what is ending, not ahead to what comes next.","Choice D is tempting because the analogy invokes a life's end, but it takes the comparison literally rather than tracking the behavior it describes.","Choice E is tempting because it does look back at the voyage, but the analogy speaks of reviewing milestones generally, not of second-guessing mishaps.",TRUE,TRUE,TRUE,TRUE,TRUE,pass,,,v1,current
AR_V1_B6_0018,AR_B6_BP_0018,22,LSAT_201_Source_Compilation_Keyed,0,1,validated_candidate,unpublished,production_factory_pass_not_human_validated,MSS,4,MSS_SUPPORTED,PAT_CHAIN_INFERENCE,Most Strongly Supported,port-authority-petitions,"Editorialist: Trade papers seldom report in depth on the decisions of the port authority, and the authority's business is usually conducted behind closed doors. Each of these factors tends to isolate the authority's officers from the dockworkers they serve. That isolation lowers the odds that any given petition from dockworkers will meet with a favorable response from the officers, and this in turn leaves dockworkers disinclined to petition the authority at all.",Which one of the following is most strongly supported by the editorialist's statements?,Petitions from dockworkers would be likely to draw a favorable response if the authority's officers were less isolated from them.,"The authority's business should be conducted less secretively, because doing so would avoid discouraging petitions.",More frequent in-depth reporting on the port authority's decisions would reduce at least one source of discouragement from petitioning the authority.,The most important factor in a dockworker's decision to petition is the chance that the petition will draw a favorable response.,"If dockworkers were not discouraged from petitioning, the authority's officers would become less isolated from them.",C,"Thin coverage is one of two isolating factors, so more coverage would cut one source of discouragement.",Read off what removing one named factor would do to the discouragement.,(inference target),"Both factors isolate officers, and isolation discourages petitions.",Attend to 'at least one source' rather than a claim about the whole chain.,More in-depth reporting would reduce at least one source of discouragement.,most_strongly_supported|chain,likelihood_overreach,prescription,N/A_correct,importance_ranking,reversed_chain,Inference Failure,Inference Failure,N/A_correct,Inference Failure,Inference Failure,"Choice A is tempting because it reverses the stated chain, but the passage says isolation reduces the chance of a favorable response, not that less isolation makes one likely.","Choice B is tempting because secrecy is one culprit, but the passage describes effects and does not support a recommendation about what ought to be done.","Choice C is most strongly supported: thin coverage is one of the two factors that isolate the officers, and isolation is what discourages petitions, so more coverage would remove one such source.","Choice D is tempting because that chance figures in the chain, but nothing ranks it against the other considerations a dockworker might weigh.","Choice E is tempting because it links the same terms, but it runs the causal chain backward, from petitioning to isolation rather than the other way.",TRUE,TRUE,TRUE,TRUE,TRUE,pass,,,v1,current
AR_V1_B6_0019,AR_B6_BP_0019,75,LSAT_201_Source_Compilation_Keyed,0,1,validated_candidate,unpublished,production_factory_pass_not_human_validated,PF,4,PARALLEL_FLAW,PAT_MATCH_FLAWED_FORM,Parallel Flaw,market-stall-chef,"Chef: I have never been given a stall at the town market, even though several of my dishes are widely loved and sell out at every fair I enter. I know five other well-liked cooks who applied for stalls and fared no better than I did. Thus, being given a stall at the town market proves that a cook is no good.",The pattern of flawed reasoning in which one of the following arguments most closely resembles that in the chef's argument?,"Engineer: I have never been given a booth at the Maker Expo, though several of my devices hold patents and have sold briskly. Other inventors report the same. Therefore the organizers are choosing booths on some basis other than commercial success.","Baker: I am always given a booth at the Maker Expo, even though shoppers find my pastries strange and unappetizing. Other bakers report the same. Thus being given a booth proves that one's baking does not suit most people's taste.",Curator: The same sculptures that were passed over one year at the Regional Salon took the top award another year. So the sculptures are not judged entirely on merit.,"Volunteer: The parks board never takes my petitions seriously, even when most residents sign them. Others have brought forward widely signed petitions, and the board has not seriously weighed theirs either. So the parks board takes only worthless petitions seriously.","Courier: When I plan my routes most carefully, dispatch cuts my bonus. When I rush, they send me thank-you notes. I conclude that dispatch wants to discourage careful planning.",D,Find the argument that leaps from good applicants being rejected to the conclusion that only bad ones are accepted.,Match the error: from 'the good are refused' infer 'those accepted are bad.',Being given a stall proves a cook is no good.,"Several popular cooks, including the speaker, were refused stalls.",That good cooks are refused does not show the accepted ones are bad.,,parallel_flaw|negation_of_selection,different_conclusion,inverted_premise,inconsistency_form,N/A_correct,motive_inference,Form Failure,Form Failure,Form Failure,N/A_correct,Form Failure,"Choice A is tempting because it opens identically, but it concludes only that some other criterion is in use, which is a far weaker and non-parallel step.","Choice B is tempting because its conclusion has the same shape, but its speaker is always accepted rather than always refused, so the premises run the opposite way.","Choice C is tempting because it also attacks a selection process, but it reasons from inconsistent verdicts on the same works, not from good work being refused.","Choice D parallels the flaw exactly: from the fact that worthy petitions are refused a hearing, it leaps to the claim that whatever is heard must be worthless, just as the chef leaps from refusals to the worthlessness of those accepted.","Choice E is tempting because good work again goes unrewarded, but it infers an intention behind the pattern rather than a verdict on those who are rewarded.",TRUE,TRUE,TRUE,TRUE,TRUE,pass,,,v1,current
AR_V1_B6_0020,AR_B6_BP_0020,36,LSAT_201_Source_Compilation_Keyed,0,1,validated_candidate,unpublished,production_factory_pass_not_human_validated,PR,4,PRINCIPLE_JUSTIFY,PAT_APPLY_PRINCIPLE,Principle Justifies the Reasoning,grant-pledges,"When competing for a research grant, scientists sometimes pledge to pursue particular lines of work that they privately believe would be of no benefit at all to their field. Once the grant has actually been awarded, however, a researcher who has won it should try to carry out any pledge at all that the researcher believes would not set the field back.","The principle stated above, if valid, most helps to justify the reasoning in which one of the following arguments?","Osei won a grant by pledging to digitize the archive. Once funded, it became plain that digitizing would require cutting fieldwork that colleagues value. Thus Osei should not digitize the archive.","Park believes that building the new wind tunnel will not benefit the field, but that pledging to build it will help Park win the grant, and that Park's winning is in the field's best interest. Thus it is not wrong for Park to make the pledge.","Lund pledged to preserve funding for the seed vault. Once funded, Lund came to doubt that keeping the pledge would provide any benefit to the field. Thus Lund should break the pledge.","Iqbal pledged to restructure the laboratory. Once funded, Iqbal concluded that restructuring would set the field back. Thus Iqbal never should have pledged to restructure the laboratory.","Ferrar pledged to expand the fossil survey while competing for the grant, though Ferrar believed at the time that expanding it would set the field back. Once funded, Ferrar concluded that expanding the survey would in fact benefit the field. So Ferrar should carry out the pledge.",E,"The principle licenses keeping a pledge once the researcher believes it harmless, whatever was believed before.",Find the case where the funded researcher now believes the pledge would not set the field back.,(principle application),The principle keys on the researcher's post-award belief.,Match the belief state the principle requires.,,principle|application,unpopular_not_harmful,about_promising,no_benefit_vs_harm,retrospective_blame,N/A_correct,Principle Failure,Principle Failure,Principle Failure,Principle Failure,N/A_correct,"Choice A is tempting because Osei has second thoughts, but the principle speaks to setting the field back, not to whether colleagues would be displeased.","Choice B is tempting because it concerns making a pledge, but the principle governs whether a funded researcher should keep a pledge, not whether making one is permissible.","Choice C is tempting because Lund's belief changed, but doubting a benefit is not believing the pledge would set the field back, so the principle does not license breaking it.","Choice D is tempting because the belief now points at harm, but the principle says nothing about whether the pledge ought to have been made in the first place.","Choice E is justified by the principle: Ferrar is a funded researcher who now believes the pledge would not set the field back, which is precisely the case in which the principle says the pledge should be carried out.",TRUE,TRUE,TRUE,TRUE,TRUE,pass,,,v1,current
AR_V1_B7_0001,AR_B7_BP_0001,18,LSAT_201_Source_Compilation_Keyed,0,1,validated_candidate,unpublished,production_factory_pass_not_human_validated,FL,4,FLAW_DESCRIBE,PAT_NAME_THE_ERROR,Describe the Flaw,guild-master-apprentice,"Columnist: Practitioners of every trade agree, with near unanimity, that a master craftsman is morally bound to shield an apprentice from ruin. So hardly anyone would object when a master, knowing full well that an apprentice has been falsely blamed for a botched commission, conceals that apprentice from the guild inspectors who arrive to seize the apprentice's tools. What follows is that people generally must also grant that standing in the way of an inspector doing his rounds is, on occasion, the morally correct thing to do.",The reasoning in the columnist's argument is most vulnerable to criticism on the grounds that this argument,fails to consider the possibility that other moral principles would be widely recognized as overriding any obligation to shield an apprentice from ruin,uses a single type of example for the purpose of justifying a broad generalization,"presumes, without providing justification, that letting inspectors seize an innocent apprentice's tools serves rather than obstructs fairness",takes for granted that there is no moral obligation to comply with the rules of one's guild,takes for granted that the master in the example is not mistaken about the apprentice's innocence,A,"Many would say competing principles override the duty to shield an apprentice, so the sweeping acceptance does not follow.",Name the error: the accepted duty may be widely thought to yield to other principles.,It is likely widely accepted that obstructing guild inspectors is sometimes morally right.,Few would deny that a master should hide a falsely blamed apprentice.,Other widely held principles may be recognized as overriding the duty to shield an apprentice.,,flaw|overlooked_overriding_principle,N/A_correct,single_example,presumes_fairness,no_rule_duty,stipulated_fact,N/A_correct,Structure Failure,Scope Failure,Scope Failure,Scope Failure,"Choice A correctly names the error: the columnist leans on near-universal acceptance of one duty, yet people who accept that duty may widely hold other principles that override it in just these cases.","Choice B is tempting because one case carries the argument, but the trouble is not the number of examples; even many such cases would leave the overriding-principle worry untouched.","Choice C is tempting because fairness is in the background, but the columnist need not presume anything about what serves fairness; the gap concerns competing duties.","Choice D is tempting and near the mark, but the columnist does not deny such an obligation; the flaw is failing to weigh principles that might override the duty invoked.","Choice E is tempting, but the example stipulates that the master knows the apprentice was falsely blamed, so no such assumption is being smuggled in.",TRUE,TRUE,TRUE,TRUE,TRUE,pass,,,v1,current
AR_V1_B7_0002,AR_B7_BP_0002,4,LSAT_201_Source_Compilation_Keyed,0,1,validated_candidate,unpublished,production_factory_pass_not_human_validated,FL,3,FLAW_DESCRIBE,PAT_NAME_THE_ERROR,Describe the Flaw,tea-review-bias,"Shopper: According to the newest issue of the Halloran Review, the boxed teas sold by Brightleaf are essentially devoid of any flavor at all. But Marrow Teas, the largest commercial rival Brightleaf has, is the party that commissions the Halloran Review, and its publicity office signs off on each draft before any of it appears in print. Given how plainly the review is slanted, we may conclude that Brightleaf's boxed teas really are full of flavor.",The reasoning in the shopper's argument is most vulnerable to criticism on the grounds that the argument,draws a conclusion based solely on an unrepresentative sample of Brightleaf's products,treats evidence that a report is apparently biased as though it were evidence that the report's claims are false,fails to take into account the possibility that Brightleaf has as much motivation to create bad publicity for Marrow as Marrow has to create bad publicity for Brightleaf,fails to provide evidence that Marrow's boxed teas are not more flavorful than Brightleaf's are,"presumes, without providing justification, that Marrow's publicity office would not approve a draft that was hostile to Marrow's own products",B,A biased source may still be right; showing bias does not show the opposite of what it says.,Name the error: bias impugns a report's credibility but does not establish that its claims are false.,Brightleaf's teas really are full of flavor.,The review disparaging them is obviously biased.,Discrediting a claim's source does not establish the claim's negation.,,flaw|bias_to_falsity,sampling,N/A_correct,symmetry,comparison_missing,approval_presumption,Structure Failure,N/A_correct,Relevance Failure,Scope Failure,Scope Failure,"Choice A is tempting because only boxed teas are discussed, but the shopper's conclusion is about the very products the review examined, so sampling is not the error.","Choice B correctly names the error: bias gives a reason to distrust the review, but the shopper leaps from distrust all the way to the opposite conclusion, which bias never supports.","Choice C is tempting because the rivalry cuts both ways, but Brightleaf's motives do not bear on the leap from the review's bias to the falsity of its findings.","Choice D is tempting because the rival's teas go unmentioned, but the conclusion concerns Brightleaf's teas alone, so no comparison is owed.","Choice E is tempting because approval is mentioned, but the argument does not rest on that presumption; the fault is inferring falsity from bias.",TRUE,TRUE,TRUE,TRUE,TRUE,pass,,,v1,current
AR_V1_B7_0003,AR_B7_BP_0003,17,LSAT_201_Source_Compilation_Keyed,0,1,validated_candidate,unpublished,production_factory_pass_not_human_validated,FL,3,FLAW_DESCRIBE,PAT_NAME_THE_ERROR,Describe the Flaw,library-privacy-priority,"Library director: At a recent forum on nonprofit governance, several cybersecurity specialists maintained that the gravest danger now facing large institutions such as museums and libraries is unauthorized access to private records. In light of that testimony, we should make guarding our patrons' privacy our foremost priority.",The library director's argument is most vulnerable to which one of the following objections?,The argument confuses the causes of a problem with the appropriate solutions to that problem.,The argument assumes that a correlation between two phenomena is evidence that one causes the other.,The argument relies on the testimony of experts whose expertise is not shown to be broad enough to support their general claim.,The argument draws a general conclusion about a group based on data about an unrepresentative sample of that group.,The argument infers that a property belonging to large institutions belongs to all institutions.,C,Security specialists can say what security dangers exist; whether that danger outranks every other is beyond their field.,Name the error: the experts' authority is narrower than the sweeping claim they make.,Guarding patrons' privacy should be the library's foremost priority.,Cybersecurity specialists called unauthorized access the gravest danger.,Expertise in security does not qualify one to rank all dangers an institution faces.,,flaw|narrow_expertise,cause_solution,correlation_causation,N/A_correct,sampling,division,Structure Failure,Causal Failure,N/A_correct,Structure Failure,Structure Failure,"Choice A is tempting because a problem and a response both appear, but the director does not mistake one for the other.","Choice B is tempting as a stock error, but no correlation figures in the reasoning at all.","Choice C correctly names the error: specialists in cybersecurity are placed to judge security risks, not to rank that danger above every other danger a museum or library faces.","Choice D is tempting because 'several specialists' sounds like a sample, but the specialists are the authority relied upon, not a sample of institutions.","Choice E is tempting because large institutions are named, but the director draws a conclusion about this library, which is itself such an institution.",TRUE,TRUE,TRUE,TRUE,TRUE,pass,,,v1,current
AR_V1_B7_0004,AR_B7_BP_0004,23,LSAT_201_Source_Compilation_Keyed,0,1,validated_candidate,unpublished,production_factory_pass_not_human_validated,FL,3,FLAW_DESCRIBE,PAT_NAME_THE_ERROR,Describe the Flaw,auction-catalog-assurances,"Auction catalogs brim with glowing appraisals and with assurances about provenance; yet we should keep in mind why the house prints them at all, which is to draw the highest bids it can. Clearly, then, these appraisals are self-serving, and the assurances made in them are untrustworthy.",Which one of the following most accurately describes a flaw in the argument above?,"The argument presumes, without providing justification, that if an assurance is not self-serving, then that assurance is trustworthy.","The argument presumes, without providing justification, that assurances made for self-serving reasons are never honored.",The argument confuses the effect of an action with its cause.,The argument overlooks the fact that an assurance need not be untrustworthy just because the party that issued it had an ulterior motive for doing so.,The argument overlooks the fact that an auction house that issues assurances for self-serving reasons may nonetheless deserve the business it seeks.,D,An assurance issued for gain can still be perfectly accurate.,Name the error: a self-serving motive does not make the assurance unreliable.,The assurances in auction catalogs are untrustworthy.,They are printed to draw the highest bids.,Ulterior motive does not entail unreliability.,,flaw|motive_to_unreliability,converse,never_kept,cause_effect,N/A_correct,worthiness,Conditional Failure,Scope Failure,Causal Failure,N/A_correct,Scope Failure,"Choice A is tempting because it inverts the reasoning, but the argument never claims anything about assurances that are not self-serving.","Choice B is tempting and close, but the conclusion is that the assurances are untrustworthy, not the stronger claim that they are never honored.","Choice C is tempting as a stock error, but nothing in the argument reverses a cause and an effect.","Choice D correctly names the flaw: a house that stands to profit may nonetheless describe a lot accurately, so the self-serving motive alone cannot show the assurances are unreliable.","Choice E is tempting because it grants the motive while resisting the verdict, but whether the house deserves business is not what the argument concludes.",TRUE,TRUE,TRUE,TRUE,TRUE,pass,,,v1,current
AR_V1_B7_0005,AR_B7_BP_0005,12,LSAT_201_Source_Compilation_Keyed,0,1,validated_candidate,unpublished,production_factory_pass_not_human_validated,ST,4,STRENGTHEN_SUPPORT_CAUSE,PAT_RULE_IN_MECHANISM,Strengthen a Historical Hypothesis,marrow-river-snails,"The Marrow River flows westward into the Coral Sea from its headwaters in the eastern highlands. Rising between the Marrow's basin and the Gulf that lies east of it, the Ridgeback Range today seals the two apart. Yet certain freshwater snails that inhabit the Marrow are descended from now-extinct brackish snails known to have lived in the Gulf but never in the Coral Sea. On these grounds a number of scientists have put forward the conjecture that the Marrow River once ran eastward, emptying into the Gulf.","Which one of the following, if true, provides additional evidence in support of the hypothesis that the Marrow River once flowed eastward into the Gulf?","In many cases, freshwater and brackish snails that share certain characteristics do not in fact share a common ancestor.",Many snail species that inhabit the Coral Sea are related to species known to inhabit the Gulf.,The Ridgeback Range extends from the northernmost to the southernmost limits of the region.,There are very few snail species known to be able to survive in both fresh and brackish water.,Most of the fossilized remains of the now-extinct brackish snails from the Gulf date to a period prior to the formation of the Ridgeback Range.,E,"If the Gulf snails lived before the Ridgeback rose, the river could have carried them west before the barrier formed.",Add a fact showing the ancestral snails could have reached the Marrow before the range existed.,The Marrow once flowed eastward into the Gulf.,Marrow snails descend from snails found only in the Gulf.,The ancestry requires a route that existed before the mountains blocked it.,,strengthen|historical_hypothesis|timing,undercuts,alternative_route,barrier_extent,salinity_detail,N/A_correct,Direction Failure,Scope Failure,Scope Failure,Scope Failure,N/A_correct,"Choice A is tempting because it concerns snail ancestry, but by loosening the link between shared traits and shared descent it weakens the argument rather than supporting it.","Choice B is tempting because it links the two bodies of water, but it suggests the Marrow snails could have arrived by way of the Coral Sea, which cuts against the hypothesis.","Choice C is tempting because the barrier matters, but the range's present extent says nothing about whether the river once ran east before the range arose.","Choice D is tempting because it concerns the two habitats, but it does not explain how Gulf ancestors reached the Marrow at all.","Choice E supports the hypothesis: the ancestral snails flourished before the mountains rose, so an eastward-flowing Marrow could have carried their descendants inland while a route still existed.",TRUE,TRUE,TRUE,TRUE,TRUE,pass,,,v1,current
AR_V1_B7_0006,AR_B7_BP_0006,25,LSAT_201_Source_Compilation_Keyed,0,1,validated_candidate,unpublished,production_factory_pass_not_human_validated,ST,4,STRENGTHEN_SUPPORT_CAUSE,PAT_RULE_IN_MECHANISM,Strengthen a Policy Argument,guild-trade-expansion,"Editorial: Any guild is endangered by division into ranks of widely differing pay between which there is little movement. Divisions of that kind embolden quarrelsome factions, and such factions obstruct sound governance. Because a guild whose trade expands affords its members more openings to better their standing, guilds ought to adopt policies that keep trade steadily expanding.","Which one of the following, if true, would most strengthen the reasoning in the editorial?",Expanding trade produces a proportionally greater rise in earnings for members at the lowest pay ranks than for members at other ranks.,Discord within a guild tends to widen the inequities in how its members are paid.,Quarrelsome factions are sometimes willing to set aside their differences to back policies conducive to expanding trade.,Expanding trade cannot occur without significant investment by members at the highest pay ranks.,The presence of quarrelsome factions can be an obstacle to expanding a guild's trade.,A,"Expansion helps only if it lifts the lowest ranks relatively more, closing the gap the editorial fears.",Add the fact that expansion actually narrows the rank divisions rather than widening them.,Guilds should adopt policies ensuring steady expansion of trade.,Expansion gives members chances to better their standing.,"Expansion must reduce, not deepen, the pay divisions.",,strengthen|policy|distributional,N/A_correct,reverse_arrow,feasibility,precondition,circularity,N/A_correct,Direction Failure,Scope Failure,Scope Failure,Direction Failure,"Choice A most strengthens the reasoning: the danger is wide pay divisions with little movement, so expansion helps precisely if it raises the lowest ranks fastest and narrows those divisions.","Choice B is tempting because it links discord and pay gaps, but it runs from discord to inequity, whereas the editorial needs expansion to shrink inequity.","Choice C is tempting because it makes the policy adoptable, but that factions would support expansion does not show expansion cures the divisions.","Choice D is tempting because it concerns expansion, but a precondition for expansion says nothing about whether expansion narrows the ranks.","Choice E is tempting because both elements appear, but it makes factions block expansion, which threatens the remedy rather than supporting it.",TRUE,TRUE,TRUE,TRUE,TRUE,pass,,,v1,current
AR_V1_B7_0007,AR_B7_BP_0007,27,LSAT_201_Source_Compilation_Keyed,1,2,validated_candidate,unpublished,production_factory_pass_not_human_validated,ST,3,STRENGTHEN_SUPPORT_CAUSE,PAT_RULE_IN_MECHANISM,Strengthen by Confirming in the Field,dormouse-tansy-mites,"The burrows occupied by striped dormice frequently hold gnawed hazel leaves together with gnawed tansy stems. Because the dormice are known to eat only the hazel, the tansy is probably carried in to serve as a fumigant, cutting down parasites such as mites. This view is backed by a trial in which some mite eggs were incubated among torn hazel leaves and others among torn tansy stems. The hatching rate among the hazel leaves was close to nine in ten, but among the tansy stems only one egg in four ever hatched.","Which one of the following, if true, most strengthens the argument?",Striped dormice that burrow near hazel thickets almost always have hazel leaves in their burrows.,Most striped-dormouse burrows that contain no gnawed tansy are overrun with mites.,The striped dormouse is the only rodent that has been found to keep gnawed tansy in its burrow.,Mites more commonly live on the bodies of striped dormice than in the burrows those dormice occupy.,Tansy stems are generally more difficult for striped dormice to gather than hazel leaves are.,B,"If burrows without tansy are mite-ridden, the laboratory effect holds where it matters.",Confirm in real burrows that the tansy is what keeps mites down.,The tansy stems are carried in as a fumigant against mites.,Far fewer mite eggs hatch among tansy than among hazel.,The trial result must be shown to operate in actual burrows.,,strengthen|field_confirmation,availability,N/A_correct,uniqueness,location_shift,effort,Scope Failure,N/A_correct,Scope Failure,Scope Failure,Scope Failure,"Choice A is tempting because it concerns burrow contents, but the ready availability of hazel says nothing about what the tansy is for.","Choice B most strengthens the argument: burrows lacking tansy suffer the very infestation tansy is said to prevent, which is exactly what the fumigant explanation predicts in the field.","Choice C is tempting because it singles out the behavior, but whether other rodents do it has no bearing on why the dormouse does.","Choice D is tempting because mites are the target, but where the mites reside does not show that the tansy in the burrow suppresses them.","Choice E is tempting because it concerns the tansy, but the effort of gathering it does not establish that its purpose in the burrow is to repel mites.",TRUE,TRUE,TRUE,TRUE,TRUE,pass,,,v1,current
AR_V1_B7_0008,AR_B7_BP_0008,3,LSAT_201_Source_Compilation_Keyed,0,1,validated_candidate,unpublished,production_factory_pass_not_human_validated,WK,2,WEAKEN_ATTACK_KEY_LINK,PAT_BREAK_INFERENCE_LINK,Weaken by Supplying the Base Rate,sports-page-rowing-bias,"Letter to the editor: A deplorable partiality toward motor racing, and against local rowing, is on display in these pages every week. In the past twelve months this paper has printed upward of six race reports for every single report on rowing.","Which one of the following, if true, most seriously weakens the argument?",Some newspapers run no reports on rowing at all.,The paper employs six racing writers but only one rowing writer.,The number of races held last year was considerably greater than the number of rowing events held locally.,The paper does not have the space in its sports section to report on every race held or every rowing event held locally.,The paper ran more reports on rowing last year than it ran two years ago.,C,"If far more races happen than rowing events, proportional coverage would look just like this.",Supply a base rate that explains the disparity without bias.,The sports page is biased against local rowing.,It ran six times as many race reports as rowing reports.,The counts must be compared against how many events of each kind occurred.,,weaken|base_rate,other_papers,restates_bias,N/A_correct,space_limit,trend,Scope Failure,Direction Failure,N/A_correct,Scope Failure,Scope Failure,"Choice A is tempting because it makes this paper look better, but what other papers do says nothing about whether this paper's ratio reflects bias.","Choice B is tempting because it explains the disparity, but a lopsided staff is itself a sign of the very bias charged, so it supports the argument.","Choice C most weakens the argument: if races vastly outnumber rowing events, then running more race reports reflects what happened rather than any bias in the paper.","Choice D is tempting because it constrains coverage, but a shortage of space applies to both sports and does not explain the lopsided ratio.","Choice E is tempting because rowing coverage improved, but an increase over time leaves the current disparity, and the charge of bias, untouched.",TRUE,TRUE,TRUE,TRUE,TRUE,pass,,,v1,current
AR_V1_B7_0009,AR_B7_BP_0009,6,LSAT_201_Source_Compilation_Keyed,1,2,validated_candidate,unpublished,production_factory_pass_not_human_validated,WK,3,WEAKEN_ATTACK_KEY_LINK,PAT_BREAK_INFERENCE_LINK,Weaken by Offering a Rival Function,abyssal-urchin-blue-light,"An abyssal sea urchin dwelling nine hundred meters beneath the Ross Sea turns out to carry receptors keenly attuned to blue-green light. No such light reaches so far down from the sun overhead. Supposing these receptors arose as an adaptation to life in the deep, their function is probably to pick up the glow thrown off by creatures that make their own light. Granting as much, and noting that the urchin gives off no light of its own, we may conclude that it probably feeds on glowing prey.","Which one of the following, if true, would most weaken the argument?",A trait that serves no function at all tends to be lost over many generations.,Prey is scarce at the depth where these urchins are found.,The urchins can locate others of their own kind by chemical cues rather than by sight.,The abyssal sea urchin's most dangerous predators are bioluminescent.,Sensitivity to blue-green light takes many generations to develop.,D,"If the urchin's predators glow, the receptors more plausibly serve escape than hunting.",Supply a rival purpose for the receptors that fits the facts as well or better.,The urchin feeds on bioluminescent prey.,"Its receptors likely detect the glow of living things, and it does not glow itself.",The glow detected could belong to predators rather than prey.,,weaken|rival_function,generic_principle,prey_scarcity,other_sense,N/A_correct,timescale,Scope Failure,Scope Failure,Scope Failure,N/A_correct,Scope Failure,"Choice A is tempting because it concerns adaptation, but a general remark about useless traits leaves the leap from detecting glow to hunting prey untouched.","Choice B is tempting because scarce prey seems to threaten the hunting story, but scarcity does not show the receptors serve some other purpose.","Choice C is tempting because it concerns how urchins sense things, but finding their own kind by smell says nothing about what the light receptors are for.","Choice D most weakens the argument: if the creatures that hunt the urchin are the ones that glow, its receptors are at least as plausibly for evading predators as for hunting prey.","Choice E is tempting because it concerns the receptors' origin, but how long they took to evolve does not bear on what they are used for.",TRUE,TRUE,TRUE,TRUE,TRUE,pass,,,v1,current
AR_V1_B7_0010,AR_B7_BP_0010,9,LSAT_201_Source_Compilation_Keyed,1,2,validated_candidate,unpublished,production_factory_pass_not_human_validated,WK,2,WEAKEN_ATTACK_KEY_LINK,PAT_BREAK_INFERENCE_LINK,Weaken by the Severity Tradeoff,ski-lift-stop-sensors,"Fitting ski lifts with automatic stop sensors may cut a resort's insurance costs, but it does not make the lifts safer. Incidents actually rise at lifts that have sensors: fewer riders are dragged, but far more are bumped by chairs that halt abruptly.","Which one of the following, if true, most weakens the argument?",Stop sensors cost far less to install than most other lift-safety measures do.,The sensors are sometimes triggered by blowing snow rather than by a rider in difficulty.,Riders who are dragged are usually those who boarded the lift carelessly.,Many bumps by halted chairs are never reported to the resort.,Being dragged by a moving lift is a far graver threat to life than being bumped by a chair that has halted.,E,"If dragging is far deadlier than a bump, the sensors save lives even as incidents rise.",Show the trade favors safety despite the higher incident count.,Automatic stop sensors do not make lifts safer.,"Incidents rise: fewer draggings, more bumps.",A rise in minor incidents may be outweighed by a fall in grave ones.,,weaken|severity_tradeoff,cost,false_trigger,fault,reporting,N/A_correct,Scope Failure,Scope Failure,Scope Failure,Scope Failure,N/A_correct,"Choice A is tempting because it favors the sensors, but their low cost has nothing to do with whether they make riders safer.","Choice B is tempting because it concerns the sensors, but a spurious trigger does not bear on the overall harm the sensors prevent or cause.","Choice C is tempting because it discusses dragging, but who is at fault does not affect whether fewer draggings make the lift safer overall.","Choice D is tempting because it concerns the bumps, but under-reporting would mean even more bumps occur, which does not help the sensors' case.","Choice E most weakens the argument: if the incidents the sensors prevent are far deadlier than the ones they cause, the lifts become safer even though total incidents rise.",TRUE,TRUE,TRUE,TRUE,TRUE,pass,,,v1,current
AR_V1_B7_0011,AR_B7_BP_0011,10,LSAT_201_Source_Compilation_Keyed,0,1,validated_candidate,unpublished,production_factory_pass_not_human_validated,NA,4,NA_REQUIRED,PAT_NEGATION_BREAKS,Necessary Assumption,denisovan-bone-flute,"A traditional view of the Denisovans holds that they lacked any capacity for symbolic thought. Fresh evidence now tells against that view. Applying a newly devised dating method, researchers established that a carved bone flute recovered from a Siberian cave dates back a minimum of 45,000 years. The likeliest maker of that flute, then, was a Denisovan.",Which one of the following is an assumption required by the argument?,The ability to carve a bone flute like the one found in the Siberian cave indicates a capacity for symbolic thought.,Denisovans are known to have possessed the manual dexterity required to carve bone flutes like the Siberian one.,"No species of hominid other than the Denisovans inhabited any part of Siberia 45,000 years ago.",The recent evidence about the bone flute is the first evidence to suggest that Denisovans could think symbolically.,Any hominid species that cannot carve bone flutes must lack a capacity for symbolic thought.,A,"Even if a Denisovan carved the flute, that refutes the traditional view only if flute-carving shows symbolic thought.",Identify the link from carving a flute to possessing symbolic thought.,The traditional view of the Denisovans is mistaken.,A Denisovan likely carved the bone flute.,Carving such a flute must indicate a capacity for symbolic thought.,,necessary_assumption|artifact_to_capacity,N/A_correct,dexterity,sole_occupant,novelty,converse,N/A_correct,Scope Failure,Scope Failure,Scope Failure,Conditional Failure,"Choice A is the required assumption: without it, showing that a Denisovan carved the flute would leave the traditional view about symbolic thought entirely untouched.","Choice B is tempting because carving takes skill, but the argument concludes a Denisovan did carve it, so dexterity is presupposed by the case rather than needed to reach the view about thought.","Choice C is tempting and would support the attribution of the flute, but the argument says only that a Denisovan likely carved it, which does not require that no other hominid was present.","Choice D is tempting because the evidence is called recent, but whether earlier evidence existed makes no difference to whether this argument succeeds.","Choice E is tempting because it links the same two ideas, but it states the converse of what the argument needs and is far stronger than required.",TRUE,TRUE,TRUE,TRUE,TRUE,pass,,,v1,current
AR_V1_B7_0012,AR_B7_BP_0012,47,LSAT_201_Source_Compilation_Keyed,1,2,validated_candidate,unpublished,production_factory_pass_not_human_validated,NA,3,NA_REQUIRED,PAT_NEGATION_BREAKS,Necessary Assumption,observatory-telescope-scheduling,"Astronomer: At many observatories the smaller institutions now agitate to scrap merit-based telescope scheduling, and their reason is plain enough: under it, the hours awarded to the largest institutions have pulled far ahead of the hours awarded to everyone else. Yet scheduling by merit lifts an observatory's scientific yield enormously. What observatories ought to do, then, is fund a shared archive of raw data, so that the yield reaches every member more evenly.",Which one of the following is an assumption required by the astronomer's argument?,The skew in observing hours is not itself a direct consequence of scheduling by merit.,A shared archive of raw data can be funded without materially eroding the scientific yield that scheduling by merit produces.,"At observatories whose observing hours are badly skewed, the smaller institutions draw little or no benefit from scheduling by merit.",Scrapping merit-based scheduling is one effective way of spreading an observatory's scientific yield more evenly.,Spreading the yield more evenly will enlarge the total scientific yield that scheduling by merit brings an observatory.,B,"If funding the archive wiped out the yield, recommending it while praising merit scheduling would be self-defeating.",Identify what must hold for the shared archive to distribute rather than destroy the yield.,Observatories should fund a shared archive of raw data.,"Merit scheduling lifts scientific yield, and the skew in hours breeds agitation.",The measure must not cancel the very yield it is meant to distribute.,,necessary_assumption|policy_preserves_benefit,cause_of_gap,N/A_correct,who_benefits,restriction_works,gains_grow,Scope Failure,N/A_correct,Scope Failure,Scope Failure,Scope Failure,"Choice A is tempting because the skew is what provokes the agitation, but the astronomer grants that merit scheduling produced it, so the argument cannot require denying that.","Choice B is the required assumption: the archive is urged precisely in order to spread the yield that merit scheduling creates, so if funding it destroyed that yield the recommendation would defeat its own purpose.","Choice C is tempting because it describes the smaller institutions' plight, but the recommendation stands whether or not they currently share in the yield.","Choice D is tempting because scrapping is what the agitators demand, but the astronomer recommends the archive instead and need not concede that scrapping would work.","Choice E is tempting because it links distribution to yield, but the argument needs only that the archive not destroy the yield, not that sharing enlarges it.",TRUE,TRUE,TRUE,TRUE,TRUE,pass,,,v1,current
AR_V1_B7_0013,AR_B7_BP_0013,7,LSAT_201_Source_Compilation_Keyed,0,1,validated_candidate,unpublished,production_factory_pass_not_human_validated,SA,3,SA_BRIDGE,PAT_CONDITIONAL_BRIDGE,Sufficient Assumption,puppet-shows-grim-subjects,"Editorial: Puppet shows suitable for young children are those that are gently playful, mischievous perhaps, but never menacing. Since the new puppet shows written for adults take up grim subjects such as famine and exile, those shows cannot be suitable for young children.",Which one of the following is an assumption that would allow the conclusion to be properly drawn?,Shows that are playful and mischievous are never menacing.,Shows suitable for adults are seldom suitable for young children.,Shows that take up grim subjects are menacing.,Young children enjoy a show only if it uses puppets.,Young children miss some of the details in shows written for adults.,C,Suitability requires not being menacing; so grim subjects must make a show menacing.,Supply the link from 'grim subjects' to 'menacing.',The new adult puppet shows are unsuitable for young children.,They take up grim subjects.,Grim subject matter must render a show menacing.,,sufficient_assumption|conditional_bridge,other_half,too_weak_general,N/A_correct,enjoyment,comprehension,Conditional Failure,Conditional Failure,N/A_correct,Scope Failure,Scope Failure,"Choice A is tempting because it restates part of the standard, but it says nothing about shows with grim subjects, which is where the argument needs a bridge.","Choice B is tempting because it links the two audiences, but 'seldom' cannot deliver the flat conclusion that these shows are unsuitable.","Choice C allows the conclusion: suitable shows are never menacing, so if grim subjects make a show menacing, the new adult shows are thereby unsuitable for young children.","Choice D is tempting because it concerns children and puppets, but what children enjoy is not what the argument's standard of suitability turns on.","Choice E is tempting because it concerns children watching adult shows, but missing details would, if anything, cut against the shows being menacing to them.",TRUE,TRUE,TRUE,TRUE,TRUE,pass,,,v1,current
AR_V1_B7_0014,AR_B7_BP_0014,4,LSAT_201_Source_Compilation_Keyed,0,1,validated_candidate,unpublished,production_factory_pass_not_human_validated,MC,3,MAIN_CONCLUSION,PAT_FIND_CONCLUSION,Main Conclusion,manuscripts-return,"Archivist: Our foundation's library holds several medieval manuscripts whose ownership is in dispute. The library does possess papers showing that the manuscripts were acquired lawfully. Even so, an overriding principle assigns any important medieval manuscript, by right, to the community in whose monastery it was penned. Because every institution is bound to respect a right of that kind, our library ought to hand the manuscripts back.",Which one of the following most accurately expresses the overall conclusion of the archivist's argument?,Any important medieval manuscript belongs by rights to the community in whose monastery it was written.,The disputed medieval manuscripts were acquired lawfully by the foundation's library.,The foundation's library is in possession of several manuscripts whose ownership is in dispute.,The foundation's library should hand back the disputed manuscripts.,Every institution is bound to respect whatever rights the community of a manuscript's origin may hold over it.,D,Everything else is offered to support returning the manuscripts.,Pick the recommendation the principle and the obligation jointly support.,The library should hand back the disputed manuscripts.,"An overriding principle assigns them elsewhere, and institutions must honor it.",Distinguish the recommendation from the principle that grounds it.,,main_conclusion|recommendation,principle,concession,background,N/A_correct,subsidiary,Conclusion Failure,Conclusion Failure,Conclusion Failure,N/A_correct,Conclusion Failure,"Choice A is tempting because it is stated as overriding, but it is the principle invoked in support of the recommendation rather than the recommendation itself.","Choice B is tempting because it is asserted outright, but it is a concession the archivist makes on the way to the conclusion.","Choice C is tempting because it opens the argument, but it merely sets the scene the argument then reasons about.",Choice D is the overall conclusion: the principle about rightful ownership and the obligation to honor such rights are both offered precisely to support returning the manuscripts.,"Choice E is tempting because it appears just before the conclusion, but it is the bridging premise that carries the principle to the recommendation.",TRUE,TRUE,TRUE,TRUE,TRUE,pass,,,v1,current
AR_V1_B7_0015,AR_B7_BP_0015,6,LSAT_201_Source_Compilation_Keyed,0,1,validated_candidate,unpublished,production_factory_pass_not_human_validated,RC,4,ROLE_IN_ARGUMENT,PAT_IDENTIFY_ROLE,Role of a Claim,infant-pulse-template,"Musicologist: Rhythmic anticipation can occur without any musical training. Researchers have shown that infants of six months, plainly untutored in any musical art, are able to notice when a beat is dropped from a drum pattern. The infants probably compare the pattern they hear against an internal template of a steady pulse. Thus the infants' minds must already harbor a representation of a steady pulse.",The statement that the infants' minds must already harbor a representation of a steady pulse plays which one of the following roles in the musicologist's argument?,It is attributed to certain researchers as the main conclusion of their reasoning.,It is the main point of the musicologist's argument.,It is used to refute the claim that infants have no training in music.,It states the hypothesis that the musicologist's argument sets out to explain.,It is a conclusion drawn from the evidence and used in turn as a premise to support a more general conclusion.,E,It is inferred from the infants' behavior and then used to establish the general claim about training.,Locate the claim: it is derived from the evidence and then supports the broader thesis.,Rhythmic anticipation can occur without musical training.,Untrained infants must hold a representation of a steady pulse.,Distinguish an intermediate conclusion from the final one.,,role|intermediate_conclusion,attributed,main_point,refutes,explanandum,N/A_correct,Role Failure,Role Failure,Role Failure,Role Failure,N/A_correct,"Choice A is tempting because researchers are cited, but the claim is the musicologist's own inference, not something credited to the researchers as their conclusion.","Choice B is tempting because it comes last and is emphatic, but the main point is the opening claim that rhythmic anticipation requires no training.","Choice C is tempting because training is at issue, but the argument grants that the infants are untrained; it never disputes that.","Choice D is tempting because the argument does explain the infants' ability, but this claim is a result of the reasoning, not the puzzle it begins from.","Choice E correctly describes the role: the claim is inferred from what the infants can do, and it then supports the broader thesis that rhythmic anticipation needs no musical training.",TRUE,TRUE,TRUE,TRUE,TRUE,pass,,,v1,current
AR_V1_B7_0016,AR_B7_BP_0016,8,LSAT_201_Source_Compilation_Keyed,0,1,validated_candidate,unpublished,production_factory_pass_not_human_validated,MSS,3,MSS_SUPPORTED,PAT_COMPLETE_ANALOGY,Complete the Argument,hydrogen-bus,"Proponents of the hydrogen bus maintain that once the storage problems associated with its fuel tanks are solved, such buses will be widely adopted and, because they emit nothing at the tailpipe, will bring about an easing of the environmental damage caused by diesel exhaust. But short of flooding still more valleys, the hydrogen that fills those tanks must be made using power drawn from plants that burn coal or gas. Considerable environmental damage is done by every one of those three ways of generating power. Thus the hydrogen bus ______.",Which one of the following most logically completes the argument?,will have worse environmental consequences than its proponents may believe,will probably remain less popular than other kinds of buses,requires that purely technical problems be solved before it can succeed,will raise the total level of emissions rather than lower it,will not bring about a net reduction in environmental damage,A,"The damage is displaced upstream, so the bus is worse than proponents think.",Draw the supported conclusion about the proponents' expectation.,(completion target),Every way of making the hydrogen does considerable environmental damage.,Stay with what is supported: the proponents' belief is too rosy.,The hydrogen bus will have worse environmental consequences than its proponents may believe.,completion|displaced_harm,N/A_correct,popularity,technical,overreach,strong_negative,N/A_correct,Inference Failure,Inference Failure,Inference Failure,Inference Failure,"Choice A most logically completes the argument: the proponents count only the tailpipe, while producing the hydrogen inflicts damage they have not reckoned with.","Choice B is tempting because adoption is mentioned, but nothing in the passage bears on how popular the bus will end up being.","Choice C is tempting because storage problems are named, but the passage's point concerns environmental damage, not the technical preconditions of success.","Choice D is tempting but goes too far: the passage says each power source does damage, not that the net emissions must rise.","Choice E is tempting and nearly right, but the passage does not weigh the magnitudes, so a flat denial of any net reduction is stronger than what follows.",TRUE,TRUE,TRUE,TRUE,TRUE,pass,,,v1,current
AR_V1_B7_0017,AR_B7_BP_0017,16,LSAT_201_Source_Compilation_Keyed,0,1,validated_candidate,unpublished,production_factory_pass_not_human_validated,MSS,4,MSS_SUPPORTED,PAT_COMPLETE_ANALOGY,Complete the Argument,corporations-not-persons,"Ethicist: A corporation is not a person in any literal sense. It holds no belief, forms no intention, and, strictly speaking, performs no deed at all. It therefore bears no moral duties or entitlements. But no corporation can endure unless many of its employees ascribe such duties and entitlements to it, for nothing else would move them to make the sacrifices that corporate loyalty demands. Obviously, then, a corporation ______.",Which one of the following most logically completes the ethicist's argument?,cannot continue to exist unless something other than the false belief that it bears moral duties moves its employees to make sacrifices,cannot endure unless many of its employees hold some beliefs that are strictly false,can never be a fitting object of moral praise or blame,is not worth the sacrifices that its employees make on its behalf,should always be thought of in metaphorical rather than literal terms,B,Endurance requires employees to hold beliefs that are strictly false.,"Combine the two claims: what employees must believe is, by the first claim, false.",(completion target),"Corporations bear no such duties, yet endurance requires employees to ascribe them.",Connect the falsity of the ascription with the necessity of the belief.,A corporation cannot endure unless many of its employees hold beliefs that are strictly false.,completion|false_belief,contradicts,N/A_correct,adjacent_claim,value_judgment,prescription,Inference Failure,N/A_correct,Inference Failure,Inference Failure,Inference Failure,"Choice A is tempting because it uses the same terms, but the passage says nothing else would move employees, so this reverses what was stated.","Choice B most logically completes the argument: enduring requires employees to ascribe duties the corporation does not have, and such an ascription is strictly false.","Choice C is tempting because it follows from the first half alone, but it ignores the second half about endurance, which the completion is meant to bring in.","Choice D is tempting because sacrifices are discussed, but nothing in the passage weighs whether those sacrifices are worthwhile.","Choice E is tempting because the literal and the figurative are contrasted, but the passage supports no recommendation about how we ought to think.",TRUE,TRUE,TRUE,TRUE,TRUE,pass,,,v1,current
AR_V1_B7_0018,AR_B7_BP_0018,2,LSAT_201_Source_Compilation_Keyed,0,1,validated_candidate,unpublished,production_factory_pass_not_human_validated,PF,3,PARALLEL_FLAW,PAT_MATCH_FLAWED_FORM,Parallel Flaw,violins-loudness-blend,All alpine violins are very loud. All valley violins are very quiet. Every violin in Petra's shop is built from an alpine top and a valley back. Therefore Petra's violins are of moderate loudness.,Which one of the following uses flawed reasoning that most closely resembles the flawed reasoning used in the argument above?,All apprentices who practice daily play well. But some who do not practice daily also play well. Ines practices somewhat daily. Therefore Ines plays somewhat well.,All pupils at Ash School live in Fern County. All pupils at Birch School live in Vale County. Members of the Oyelaran family attend both Ash and Birch. Therefore the Oyelaran family lives in both counties.,"All grade-one dyes are highly colorfast. All grade-two dyes are not at all colorfast. This fabric was dyed with a mixture of a grade-one dye and a grade-two dye, so the fabric is moderately colorfast.",All copyists know shorthand. All surveyors know trigonometry. Ada has worked as a copyist and as a surveyor. Therefore Ada knows both shorthand and trigonometry.,All of Dara's kites fly very well. All of Ben's kites fly very badly. Half the kites in this shed fly very well and half fly very badly. Therefore half the kites are Dara's and half are Ben's.,C,Find the argument that mixes an extreme-A ingredient with an extreme-B ingredient and infers a middling result.,Match the error: assuming a blend of two extremes yields the average of the extremes.,Petra's violins are of moderate loudness.,They combine a very loud part with a very quiet part.,A composite of extremes need not be intermediate.,,parallel_flaw|blend_of_extremes,degree_slide,distributive,N/A_correct,valid_form,reversed_direction,Form Failure,Form Failure,N/A_correct,Form Failure,Form Failure,"Choice A is tempting because it slides between degrees, but it moves from a partial cause to a partial effect rather than blending two opposite ingredients.","Choice B is tempting because two categories are combined, but its conclusion attributes both properties rather than an intermediate one, so the pattern differs.","Choice C parallels the flaw exactly: two ingredients at opposite extremes are combined and the result is assumed to fall midway, which need not follow for dyes any more than for violins.","Choice D is tempting because it combines two memberships, but this reasoning is actually sound, and a parallel-flaw answer must reproduce an error.","Choice E is tempting because the same extremes appear, but it reasons backward from observed properties to ownership rather than forward from a blend to a middling property.",TRUE,TRUE,TRUE,TRUE,TRUE,pass,,,v1,current
AR_V1_B7_0019,AR_B7_BP_0019,5,LSAT_201_Source_Compilation_Keyed,0,1,validated_candidate,unpublished,production_factory_pass_not_human_validated,PA,3,PARALLEL_REASONING,PAT_MATCH_FORM,Parallel Reasoning,hiring-two-candidates,"Foreman: Idris and Petra are the only applicants who hold the certification we require. But Idris has a record of missing deadlines, so we should hire Petra.",Which one of the following arguments is most similar in its reasoning to the foreman's argument?,Nadia has long wanted to hike the ridge trail and the canyon trail. Permits are unusually cheap right now. So she should book a trip now rather than keep putting it off.,"Nadia would like to hike either the ridge trail or the canyon trail on her next holiday. This may be her only chance for such a holiday. So she should choose whichever she finds most interesting, whatever the cost.",Nadia has been planning to hike either the ridge trail or the canyon trail. Permits for both are inexpensive right now. So she should instead plan to hike both.,Nadia has been planning to hike either the ridge trail or the canyon trail. Rockfall has made the canyon trail impassable. So she should hike the ridge trail.,Nadia would like to hike the ridge trail and the canyon trail. Permits for the ridge cost less than permits for the canyon. So she should hike the ridge now and the canyon later.,D,"Look for two candidate options, one disqualified by a specific defect, and the other chosen.","Match the form: exactly two acceptable options, one ruled out, so take the other.",The foreman should hire Petra.,"Only Idris and Petra qualify, and Idris misses deadlines.",Find the argument with the same eliminate-and-choose structure.,,parallel|disjunctive_syllogism,timing_argument,no_elimination,both_option,N/A_correct,sequencing,Form Failure,Form Failure,Form Failure,N/A_correct,Form Failure,"Choice A is tempting because it recommends an action, but nothing is eliminated from a pair of options; it argues about when to act, not which to choose.","Choice B is tempting because two options are named, but neither is ruled out; the recommendation turns on interest rather than on disqualification.","Choice C is tempting because it starts from the same pair, but it concludes that both should be taken, which is not the eliminate-and-choose pattern.","Choice D matches the reasoning exactly: two options exhaust the field, a specific defect eliminates one, and the remaining option is therefore chosen.","Choice E is tempting because it favors one trail, but it orders both rather than eliminating one, so the structure is not parallel.",TRUE,TRUE,TRUE,TRUE,TRUE,pass,,,v1,current
AR_V1_B7_0020,AR_B7_BP_0020,38,LSAT_201_Source_Compilation_Keyed,0,1,validated_candidate,unpublished,production_factory_pass_not_human_validated,RP,4,RESOLVE_EXPLAIN,PAT_RECONCILE,Resolve the Discrepancy,ferry-scanner-fares,"Many ferry lines have added ways of collecting fares that automatically debit the prepaid accounts of passengers who walk past an electronic scanner, rather than making passengers queue at a booth to pay. Promoters of these systems say the resulting savings hold fares beneath the level they would otherwise reach. A recent study, though, finds that on lines equipped with scanners the fare increases turn out to be 30 percent steeper than on lines lacking them.","Which one of the following, if true, most helps to resolve the apparent discrepancy in the information above?","Scanner payment systems have environmental advantages, because they cut the idling associated with queues at fare booths.",Not all passengers ride often enough to make it worth their while to set up an account and obtain the equipment a scanner system requires.,"By taking payment in advance of actual trips, scanner systems gain a financial advantage through the accrual of interest.","Fare increases are an effective way of encouraging passengers to travel at off-peak hours, thereby easing crowding.","When passengers do not stop to pay the cost of each crossing separately, they are less likely to press the line's managers to hold fares down.",E,Passengers who never feel the fare stop objecting to raising it.,Find the fact that lets a cheaper system coexist with steeper fare increases.,(discrepancy to explain),Scanner systems save money yet come with steeper fare increases.,Something must weaken the pressure that keeps fares down.,,resolve|salience,other_benefit,adoption,extra_savings,benefit_of_increase,N/A_correct,Resolve Failure,Resolve Failure,Resolve Failure,Resolve Failure,N/A_correct,"Choice A is tempting because it praises the systems, but an environmental benefit does nothing to explain why fares rise faster where they are used.","Choice B is tempting because it limits the systems' reach, but partial adoption does not explain steeper increases among the lines that adopt them.","Choice C is tempting because it adds to the savings, but greater savings make the steeper fare increases more puzzling, not less.","Choice D is tempting because it makes increases sound useful, but it does not explain why they should be steeper on lines with scanners.","Choice E most helps resolve the discrepancy: the scanner hides the fare from the passenger, so the pressure that normally restrains increases weakens, and fares climb faster despite the savings.",TRUE,TRUE,TRUE,TRUE,TRUE,pass,,,v1,current
AR_V1_B8_0001,AR_B8_BP_0001,21,LSAT_201_Source_Compilation_Keyed,0,1,validated_candidate,unpublished,production_factory_pass_not_human_validated,FL,3,FLAW_DESCRIBE,PAT_NAME_THE_ERROR,Describe the Flaw,skater-switch-discipline,"Skater: My teammates keep telling me that one day I will be badly hurt, because the way I skate is reckless. But I have looked into the matter, and it turns out that figure skaters and recreational skaters suffer injuries at far lower rates than speed skaters do. So if I were to give up speed skating for figure skating, my own risk of injury would drop.",The reasoning in the skater's argument is most vulnerable to criticism on the grounds that this argument,infers a cause from what may be a mere correlation,relies on a sample of skaters that is too narrow to support its conclusion,misinterprets evidence that a result is likely as evidence that the result is certain,mistakes a condition sufficient for bringing about a result for a condition necessary for doing so,relies on a source of information that is probably not well informed,A,Figure skaters may simply be less reckless people; the discipline may not be what lowers the rate.,Name the error: a group's lower injury rate is treated as showing the discipline causes safety.,Switching to figure skating would lower the skater's risk of injury.,Figure skaters are injured at lower rates than speed skaters.,A difference in rates across groups need not be caused by the activity itself.,,flaw|correlation_causation,N/A_correct,sample_size,likely_certain,sufficient_necessary,source_quality,N/A_correct,Structure Failure,Scope Failure,Conditional Failure,Relevance Failure,"Choice A correctly names the error: the lower injury rate among figure skaters may reflect who takes up the sport rather than anything about the sport, so switching need not make this reckless skater safer.","Choice B is tempting because the research is thin on detail, but nothing suggests the injury rates were drawn from too few skaters; the fault is the causal leap.","Choice C is tempting because risk is at issue, but the skater speaks throughout of rates and of lowering risk, never of certainty.","Choice D is tempting as a stock error, but the argument contains no conditional claim whose sufficiency and necessity could be confused.","Choice E is tempting because the research is vague, but the argument's defect lies in what it infers from the rates, not in where the rates came from.",TRUE,TRUE,TRUE,TRUE,TRUE,pass,,,v1,current
AR_V1_B8_0002,AR_B8_BP_0002,4,LSAT_201_Source_Compilation_Keyed,0,1,validated_candidate,unpublished,production_factory_pass_not_human_validated,FL,3,FLAW_DESCRIBE,PAT_NAME_THE_ERROR,Describe the Flaw,waiting-room-music,"Many hospitals across the region have lately begun piping soft music into their waiting rooms, in the hope of lowering the anxiety felt by patients who are waiting to be seen by a doctor. However, nearly all the patients sitting in these particular waiting rooms are already quite calm. So the hospitals' use of piped music is unlikely to accomplish what it was meant to accomplish.",The reasoning in the argument is most vulnerable to criticism on the grounds that the argument,fails to consider whether hospitals that do not now pipe in music would lower their patients' anxiety if they began doing so,"fails to consider that even if patients are already calm, piped music may make them calmer still","takes for granted that, with respect to their patients' anxiety, hospitals that pipe in music are representative of hospitals generally","fails to consider that even if piped music lacks one particular beneficial effect, it may have similar effects that are equally beneficial",does not adequately address the possibility that patient recovery is strongly affected by factors other than anxiety,B,Being calm is not being maximally calm; music could deepen the calm and so serve its purpose.,Name the error: an already-calm patient may still be made calmer.,The piped music is unlikely to achieve its purpose.,Nearly all patients there are already calm.,"Anxiety is a matter of degree, so existing calm does not foreclose further improvement.",,flaw|degree_not_binary,other_hospitals,N/A_correct,representativeness,other_benefits,other_factors,Scope Failure,N/A_correct,Structure Failure,Scope Failure,Scope Failure,"Choice A is tempting because it widens the inquiry, but the conclusion concerns the hospitals that do pipe music, so what others might achieve is beside the point.","Choice B correctly names the error: calm admits of degrees, so the music can lower anxiety further and thereby do exactly what it was intended to do.","Choice C is tempting because representativeness often matters, but the argument confines itself to the hospitals that pipe music and needs no such assumption.","Choice D is tempting and close, but the flaw is that the music may have the very effect intended, not merely some other benefit.","Choice E is tempting because recovery matters clinically, but the argument concerns whether anxiety is lowered, not what else affects recovery.",TRUE,TRUE,TRUE,TRUE,TRUE,pass,,,v1,current
AR_V1_B8_0003,AR_B8_BP_0003,8,LSAT_201_Source_Compilation_Keyed,0,1,validated_candidate,unpublished,production_factory_pass_not_human_validated,FL,3,FLAW_DESCRIBE,PAT_NAME_THE_ERROR,Describe the Flaw,floor-polish-ad,"Advertisement: Glosswell leaves a floor bright and free of streaks, and the clean scent it gives off is a pleasure. To prove that Glosswell is the best, we ran a test with more than one hundred homeowners. Each homeowner received one tile that had been cleaned with Glosswell and one tile that had been cleaned without it. Ninety-eight percent of the homeowners preferred the tile cleaned with Glosswell. So Glosswell is the most effective floor polish to be had.",The advertisement's reasoning is most vulnerable to criticism on the grounds that it fails to consider whether,any of the homeowners who took part in the test are allergic to floor polish,Glosswell is more or less harmful to the environment than other floor polishes are,the homeowners who took part in the test had any opportunity to evaluate floor polishes other than Glosswell,Glosswell is much cheaper or much more expensive than other floor polishes are,the homeowners who took part in the test find the benefits of using a floor polish worth the expense,C,"Beating a bare tile shows nothing about beating other polishes, which the conclusion asserts.",Name the omission: no rival polish was ever tested against Glosswell.,Glosswell is the most effective floor polish available.,Homeowners preferred a Glosswell tile to an untreated tile.,The comparison class in the conclusion was never tested.,,flaw|no_comparison_to_rivals,allergy,environment,N/A_correct,price,value,Scope Failure,Scope Failure,N/A_correct,Scope Failure,Scope Failure,"Choice A is tempting because it concerns the participants, but an allergy would bear on safety, not on whether Glosswell outperforms rival polishes.","Choice B is tempting because it compares Glosswell with rivals, but environmental harm is not the effectiveness the conclusion asserts.","Choice C names the fatal omission: the test pitted Glosswell against no polish at all, so it cannot show that Glosswell beats the other polishes on the market.","Choice D is tempting because price shapes what people buy, but cost has nothing to do with the claim that Glosswell is the most effective.","Choice E is tempting because it concerns the participants' judgments, but whether polish is worth its price does not bear on relative effectiveness.",TRUE,TRUE,TRUE,TRUE,TRUE,pass,,,v1,current
AR_V1_B8_0004,AR_B8_BP_0004,25,LSAT_201_Source_Compilation_Keyed,0,1,validated_candidate,unpublished,production_factory_pass_not_human_validated,FL,5,FLAW_DESCRIBE,PAT_NAME_THE_ERROR,Describe the Flaw,warbler-diverse-habitats,"Some ecologists argue that the marsh warbler could not have come through the last ice age had the species not evolved the ability to nest in a wide range of habitats. Yet the evidence is substantial that the reed thrush, a prehistoric species akin to the early warblers, likewise nested across a wide array of habitats, and it became extinct all the same. Hence the ecologists' claim is false.",The reasoning in the argument is most vulnerable to criticism on the grounds that the argument,"takes for granted that if one species had a characteristic that happened to enable it to survive certain conditions, at least one related extinct species must have had that characteristic","generalizes, from the fact that one species with a certain characteristic survived certain conditions, that all related species with that characteristic must have survived",fails to consider the possibility that the reed thrush had one or more characteristics that lessened its chances of surviving prehistoric times,confuses a condition's being required for a given result to occur in one case with the condition's being sufficient for such a result to occur in a similar case,"fails to consider the possibility that, even if a condition caused a result to occur in one case, it was not necessary to cause the result to occur in a similar case",D,"The ecologists said flexibility was needed, not that it guaranteed survival; the thrush's extinction leaves that untouched.",Name the error: treating a necessary condition in one case as sufficient in another.,The ecologists' claim is false.,A related species with the same trait went extinct.,A condition required for survival in one case need not be enough for survival in another.,,flaw|necessary_vs_sufficient,must_have_had,generalization,other_traits,N/A_correct,mirror_error,Structure Failure,Structure Failure,Scope Failure,N/A_correct,Conditional Failure,"Choice A is tempting because both species share the trait, but the argument does not assume the thrush must have had it; the evidence states that it did.","Choice B is tempting because it invokes both species, but the argument reasons from the extinct thrush to the warbler, not from a survivor to all relatives.","Choice C is tempting and would explain the extinction, but the deeper fault is that the ecologists never claimed habitat flexibility was enough to secure survival.","Choice D correctly names the error: the ecologists claimed flexibility was necessary for the warbler, and a related species that had flexibility yet died out does nothing to refute a claim of necessity.","Choice E is tempting because it juggles the same notions, but it describes the reverse confusion, which the argument does not commit.",TRUE,TRUE,TRUE,TRUE,TRUE,pass,,,v1,current
AR_V1_B8_0005,AR_B8_BP_0005,57,LSAT_201_Source_Compilation_Keyed,1,2,validated_candidate,unpublished,production_factory_pass_not_human_validated,ST,3,STRENGTHEN_SUPPORT_CAUSE,PAT_RULE_IN_MECHANISM,Strengthen a Judgment About Taste,touring-troupe-celebrity,"Critic: Among touring theater companies it is broadly the rule that a troupe's renown rises together with the delight its audiences take in it. That strikes me as perfectly just, and no ground whatever for cynicism about whether playgoers can tell fine acting from poor.","Which one of the following, if true, most strongly supports the critic's view?",Some of the finest touring troupes are entirely unknown to the general public.,"In general, the more celebrated a troupe is, the larger the houses it is able to fill.",Even the finest touring troupes cannot act consistently well at every single performance.,The very best touring troupes often stage works that audiences find difficult to appreciate.,The celebrity of a touring troupe usually reflects the quality of its acting.,E,"If fame reflects acting quality, audiences delighting in famous troupes are responding to merit.","Show that celebrity tracks quality, so delight in celebrity is delight in merit.",Audiences' greater delight in celebrated troupes gives no ground for cynicism about their discernment.,Audiences take more delight in more celebrated troupes.,Celebrity must correspond to the quality audiences are supposed to discern.,,strengthen|fame_tracks_merit,undercuts,popularity,inconsistency,undercuts_2,N/A_correct,Direction Failure,Scope Failure,Scope Failure,Direction Failure,N/A_correct,"Choice A is tempting because it concerns fine troupes, but it severs fame from quality and so tends to license the very cynicism the critic rejects.","Choice B is tempting because it links celebrity to a measurable effect, but audience size is not audience delight, still less audience discernment.","Choice C is tempting because it complicates the picture, but occasional lapses by fine troupes do not support the critic's claim about audiences.","Choice D is tempting because it concerns the best troupes, but it suggests audiences may delight less in the finest work, which cuts against the critic.","Choice E most strongly supports the view: if fame tracks quality, then audiences who delight most in the most celebrated troupes are in fact responding to fine acting.",TRUE,TRUE,TRUE,TRUE,TRUE,pass,,,v1,current
AR_V1_B8_0006,AR_B8_BP_0006,66,LSAT_201_Source_Compilation_Keyed,1,2,validated_candidate,unpublished,production_factory_pass_not_human_validated,ST,3,STRENGTHEN_SUPPORT_CAUSE,PAT_RULE_IN_MECHANISM,Strengthen the Preferred Explanation,orca-feeding-techniques,"A recent study followed the particular feeding techniques used by six inshore pods of killer whales belonging to one ecotype, and by two offshore pods belonging to a different ecotype, in tasks such as herding fish and stunning prey. What emerged was that a single inshore pod hunted in ways closer to those of the offshore pods than to those of its own inshore neighbors. The likeliest account, then, is that learning rather than inheritance fixes these techniques.","Which one of the following, if true, provides the most support for the argument?","Killer whales sometimes copy the feeding techniques of other killer whales, whether or not they are closely related genetically.","Whales that join a pod from elsewhere sometimes bring unfamiliar techniques with them, along with unfamiliar inherited traits.",The pods studied face markedly different feeding conditions because of the different waters they inhabit.,The differences in technique among the pods studied are pronounced enough to tell each pod apart from all the others.,"Among the pods studied, the six inshore pods range over waters much closer together than the two offshore pods do.",A,"If whales copy techniques regardless of kinship, the cross-ecotype resemblance follows from learning.","Make learning, not shared ancestry, the better explanation of the odd resemblance.",The feeding techniques are fixed by learning rather than inheritance.,One inshore pod resembled the distant offshore pods more than its genetic neighbors.,"Something must make copying, rather than shared genes, the source of the resemblance.",,strengthen|culture_vs_genetics,N/A_correct,confounded,alternative_cause,distinctness,proximity,N/A_correct,Scope Failure,Scope Failure,Scope Failure,Scope Failure,"Choice A provides the most support: if whales copy techniques irrespective of kinship, an inshore pod feeding like distant offshore pods is exactly what learning would produce.","Choice B is tempting because it introduces new techniques, but by bundling them with inherited traits it keeps a genetic explanation alive.","Choice C is tempting because environment shapes behavior, but differing conditions would predict differing techniques, not the resemblance that needs explaining.","Choice D is tempting because it concerns the techniques, but that pods are distinguishable says nothing about whether learning or genes fixes their techniques.","Choice E is tempting because proximity can aid copying, but it does not explain why one inshore pod feeds like the distant offshore pods.",TRUE,TRUE,TRUE,TRUE,TRUE,pass,,,v1,current
AR_V1_B8_0007,AR_B8_BP_0007,13,LSAT_201_Source_Compilation_Keyed,1,2,validated_candidate,unpublished,production_factory_pass_not_human_validated,ST,4,STRENGTHEN_SUPPORT_CAUSE,PAT_RULE_IN_MECHANISM,Strengthen by Supplying the General Rule,deliberate-practice-coaching,"Trainer: Deliberate-practice coaching works on changing an athlete's voluntary movements. It is therefore likely to prove more effective at correcting faults of technique than are the rival methods that work on changing involuntary reflexes, since only voluntary movements lie under an athlete's direct conscious control.","Which one of the following, if true, would most strengthen the trainer's argument?",Faults in performance are frequently caused by involuntary reflexes that coaching could change.,It is difficult for any coaching method to be effective without working on processes that lie under the athlete's direct conscious control.,Deliberate-practice coaching is the only method that works primarily on an athlete's voluntary movements.,No method that works on involuntary reflexes can be effective unless it also addresses voluntary movements.,"All of an athlete's voluntary movements are under conscious control, though other bodily processes cannot be controlled at all.",B,The argument needs effectiveness to depend on working with what the athlete can consciously control.,Supply the rule that makes conscious control the key to effectiveness.,Deliberate-practice coaching is likelier to be effective than reflex-based methods.,Only voluntary movements are under the athlete's direct conscious control.,Conscious control must matter to whether a coaching method works.,,strengthen|general_rule,undercuts,N/A_correct,uniqueness,too_strong_rival,restates_premise_plus,Direction Failure,N/A_correct,Scope Failure,Scope Failure,Scope Failure,"Choice A is tempting because it concerns reflexes, but it makes the rival methods look useful, which weakens rather than strengthens the trainer's case.","Choice B most strengthens the argument: it supplies the missing rule linking conscious control to effectiveness, which is precisely what turns the trainer's premise into a reason.","Choice C is tempting because it distinguishes the method, but exclusivity does not show that working on voluntary movements makes a method effective.","Choice D is tempting because it constrains the rivals, but it allows those methods to succeed when combined, and it never links control to effectiveness.","Choice E is tempting because it echoes the premise, but restating which processes are controllable adds nothing about what makes coaching effective.",TRUE,TRUE,TRUE,TRUE,TRUE,pass,,,v1,current
AR_V1_B8_0008,AR_B8_BP_0008,76,LSAT_201_Source_Compilation_Keyed,1,2,validated_candidate,unpublished,production_factory_pass_not_human_validated,WK,3,WEAKEN_ATTACK_KEY_LINK,PAT_BREAK_INFERENCE_LINK,Counter a Cost Objection,ceramic-membranes-water,"Ibarra: Many municipal water plants that now rely on single-use carbon cartridges could rely on ceramic membranes instead. Ceramic membranes are less hazardous to plant workers and leave behind far less waste. What is more, some filtration steps run at a faster rate, or leave fewer unwanted residues, when membranes are used. So water plants should begin using ceramic membranes for many steps that currently use carbon cartridges. Renner: A ceramic membrane carries a purchase price several times over that of a carbon cartridge, so at present membranes are not practical for municipal water plants.","Of the following, which one, if true, is the strongest counter Ibarra could make to Renner's argument?",The cost of carbon cartridges is only one of many expenses involved in operating a municipal water plant.,New methods of disposing of spent carbon cartridges have recently been developed.,"Ceramic membranes can be cleaned and reused many times over, whereas a carbon cartridge can be used only once.",The water industry has historically been quick to adopt new techniques that speed up filtration.,"For the sake of public relations, plants will sometimes adopt a more environmentally friendly process even when it is slightly more expensive.",C,"If the expensive item is used many times and the cheap one only once, the price comparison misleads.",Show the higher unit price does not mean higher cost in use.,Ceramic membranes are not impractical for water plants.,Renner rests entirely on the higher purchase price of membranes.,Purchase price per unit is not cost per use.,,weaken|cost_per_use,other_expenses,waste_side,N/A_correct,adoption_history,pr_motive,Scope Failure,Scope Failure,N/A_correct,Scope Failure,Scope Failure,"Choice A is tempting because it downplays cartridge costs, but it leaves untouched Renner's point that membranes cost many times as much.","Choice B is tempting because waste is part of Ibarra's case, but easier disposal of cartridges helps Renner if anything, and says nothing about cost.","Choice C is the strongest counter: if one membrane does the work of many cartridges, its higher purchase price need not make it more expensive in use, which is all Renner's objection rested on.","Choice D is tempting because it predicts uptake, but a willingness to adopt fast techniques does not answer the charge that membranes are too costly.","Choice E is tempting because it explains why a plant might switch, but it concedes the extra expense rather than showing the objection mistaken.",TRUE,TRUE,TRUE,TRUE,TRUE,pass,,,v1,current
AR_V1_B8_0009,AR_B8_BP_0009,87,LSAT_201_Source_Compilation_Keyed,1,2,validated_candidate,unpublished,production_factory_pass_not_human_validated,WK,4,WEAKEN_ATTACK_KEY_LINK,PAT_BREAK_INFERENCE_LINK,Weaken by Severing a Chain Link,foehn-winds-alpine-ponds,"Glaciologist: In the decades to come, warmer summers should drive foehn winds across valley W far more often than at present, and a foehn wind sets the snowpack melting at unusual speed. The valley's alpine ponds fill up over long stretches of steady melt, and so the average pond level in W ought to rise as well.","Which one of the following, if true, would most weaken the glaciologist's argument?",In valley W there is typically far less snowfall in autumn than there is in winter.,Pond levels in valley W often fall during long stretches in which there is no melt at all.,"In many valleys that receive considerably more meltwater than valley W does, average pond levels are lower than they are in valley W.","In valley W, summers marked by unusually rapid snowmelt have usually not included long stretches of steady melt.",Warmer summers produce a number of effects besides making foehn winds more frequent.,D,Rapid melt need not be steady melt; a burst of melt may run off before ponds fill.,Break the link between 'rapid melt' and 'long stretches of steady melt.',Average pond levels in valley W will rise.,"More foehn winds bring rapid melt, and ponds fill during steady melt.",Rapid melt and long steady melt are not the same thing.,,weaken|chain_link,irrelevant_season,confirms,cross_region,N/A_correct,other_effects,Scope Failure,Direction Failure,Scope Failure,N/A_correct,Scope Failure,"Choice A is tempting because it concerns snow in the valley, but a seasonal contrast in snowfall says nothing about whether rapid melt comes in steady stretches.","Choice B is tempting because it ties melt to ponds, but it reinforces the link the argument relies on and so supports the conclusion.","Choice C is tempting because it seems to unhook melt from ponds, but other valleys may differ in drainage and shape, so this does not bear on valley W.","Choice D most weakens the argument: the rapid melt the glaciologist predicts is precisely not the long, steady melt that fills the ponds, so the chain breaks at its crucial link.","Choice E is tempting because it hints at complications, but unnamed additional effects do not challenge the step from rapid melt to rising ponds.",TRUE,TRUE,TRUE,TRUE,TRUE,pass,,,v1,current
AR_V1_B8_0010,AR_B8_BP_0010,15,LSAT_201_Source_Compilation_Keyed,0,1,validated_candidate,unpublished,production_factory_pass_not_human_validated,NA,4,NA_REQUIRED,PAT_NEGATION_BREAKS,Necessary Assumption,orchard-blight-inoculation,"A new district policy has been drawn up in order to avert many severe cases of blight. This aim is to be accomplished by the annual inoculation of high-risk orchards: every orchard more than forty years old, together with any orchard whose soil conditions might cause it to suffer complications from the blight fungus. Any given year's inoculation guards solely against whichever strain of the fungus is judged most probable for that season; consequently, in each successive year the orchards on the high-risk list must be inoculated afresh against some other strain entirely.",Which one of the following is an assumption that would allow the conclusion above to be properly drawn?,The number of orchards in the high-risk group will not change significantly from one year to the next.,The likelihood that a severe outbreak of blight will occur varies from year to year.,No inoculation against the blight fungus guards against more than one strain of that fungus.,"Each year's inoculation will have fewer side effects than the previous year's, because the technology will constantly improve.",Each year the strain of the blight fungus deemed most likely to prevail will be one that had not previously been deemed most likely to prevail.,E,A different vaccine each year is needed only if the year's chosen strain is never a repeat of an earlier one.,Identify what must hold for a different strain to be needed every single year.,Every year high-risk orchards must be inoculated against a different strain.,Each inoculation guards only against the strain deemed most likely that year.,The strain deemed most likely must never repeat from one year to another.,,necessary_assumption|no_repeat,population_stability,variable_risk,already_given,improvement,N/A_correct,Scope Failure,Scope Failure,Scope Failure,Scope Failure,N/A_correct,"Choice A is tempting because it concerns the high-risk group, but how many orchards there are has no bearing on whether a new strain must be targeted each year.","Choice B is tempting because it invokes year-to-year variation, but variation in the size of the risk does not require that the strain differ each year.","Choice C is tempting because it echoes the passage, but this is already given; what is still needed is that the year's chosen strain never repeats.","Choice D is tempting because it concerns successive inoculations, but side effects have nothing to do with why a different strain must be targeted.","Choice E is the required assumption: were a strain from an earlier year chosen again, the orchards would need the same inoculation as before, and the conclusion that a different strain is needed every year would fail.",TRUE,TRUE,TRUE,TRUE,TRUE,pass,,,v1,current
AR_V1_B8_0011,AR_B8_BP_0011,34,LSAT_201_Source_Compilation_Keyed,1,2,validated_candidate,unpublished,production_factory_pass_not_human_validated,NA,3,NA_REQUIRED,PAT_NEGATION_BREAKS,Necessary Assumption,rats-trapped-tube,"A recent experiment indicates that rats will on occasion behave altruistically rather than from any motive of self-interest. Rats in the experiment looked on while a rat unknown to them struggled inside a narrow tube from which escape was impossible without help. Most of the watching rats threw the latch that opened the tube, even though throwing it demanded that they press a stiff lever repeatedly. Because the rats were promised nothing whatever for their trouble, altruism is plainly what the experiment brought to light.",Which one of the following is an assumption required by the argument?,The rats in the experiment did not act in the expectation that they would receive a reward.,"Had a reward been offered in the experiment, the rats would have behaved differently.",Rats are the only rodents that have been shown to behave altruistically.,The rats in the experiment regarded throwing the latch as a form of play.,The rats would have behaved differently toward a rat that was already familiar to them.,A,"If the rats expected a reward, the act would not be altruistic; so they must not have expected one.",Identify what must hold for 'no reward offered' to establish altruism.,The experiment revealed altruism.,No reward was offered for the helping behavior.,No reward offered does not by itself rule out the rats' expecting one.,,necessary_assumption|no_reward_expectation,N/A_correct,counterfactual,uniqueness,alternative_motive,familiarity,N/A_correct,Scope Failure,Scope Failure,Scope Failure,Scope Failure,"Choice A is the required assumption: the conclusion rests on the helping being unrewarded, so had the rats expected a reward, the behavior would not count as altruism at all.","Choice B is tempting because rewards are central, but the argument needs only that the rats expected none, not that a reward would have changed their conduct.","Choice C is tempting because it praises the rats, but whether other rodents are altruistic is irrelevant to what this experiment shows about these rats.","Choice D is tempting as a rival motive, but the argument does not require it; indeed if the rats were merely playing, that would undercut the altruism claim.","Choice E is tempting because the trapped rat was a stranger, but nothing in the argument depends on how the rats would treat a familiar companion.",TRUE,TRUE,TRUE,TRUE,TRUE,pass,,,v1,current
AR_V1_B8_0012,AR_B8_BP_0012,95,LSAT_201_Source_Compilation_Keyed,1,2,validated_candidate,unpublished,production_factory_pass_not_human_validated,NA,3,NA_REQUIRED,PAT_NEGATION_BREAKS,Necessary Assumption,cranberries-peaty-ground,"Peaty ground is where cranberries flourish. Chalk soil is rarely peaty on its own, yet blending it with certain other materials will produce ground that is peaty throughout. It follows that chalk soil can be made to support flourishing cranberries.",Which one of the following is an assumption on which the argument depends?,Blending a peaty material with another type of material always produces peaty ground.,Chalk soil that has been blended with certain other materials is still chalk soil.,"Whenever chalk soil is blended with other materials, peaty ground results.",There are plants that fail to thrive in peaty ground.,Cranberries do as well in treated chalk soil as they do in naturally peaty ground.,B,"If blending stops it from being chalk soil, nothing has been shown about chalk soil.","Identify what must hold for the blended, peaty ground still to count as chalk soil.",Cranberries can be made to flourish in chalk soil.,Chalk soil can be blended to yield peaty ground.,The blended ground must remain chalk soil.,,necessary_assumption|identity_preserved,always,N/A_correct,universal,other_plants,equal_performance,Scope Failure,N/A_correct,Scope Failure,Scope Failure,Scope Failure,"Choice A is tempting because blending and peatiness are central, but the argument needs only that some blend of chalk soil is peaty, not that every blend is.","Choice B is the required assumption: the conclusion speaks of chalk soil, so if blending turned it into something that was no longer chalk soil, nothing would follow about chalk soil.","Choice C is tempting but far too strong: the argument needs only that chalk soil can be made peaty, not that blending always makes it so.","Choice D is tempting because it concerns peaty ground, but what other plants do has no bearing on whether cranberries can be made to flourish in chalk soil.","Choice E is tempting because it compares the two grounds, but the conclusion claims only that cranberries can be made to flourish, not that they do equally well.",TRUE,TRUE,TRUE,TRUE,TRUE,pass,,,v1,current
AR_V1_B8_0013,AR_B8_BP_0013,3,LSAT_201_Source_Compilation_Keyed,0,1,validated_candidate,unpublished,production_factory_pass_not_human_validated,SA,3,SA_BRIDGE,PAT_CONDITIONAL_BRIDGE,Sufficient Assumption,energy-drink-can-warnings,"Retail analyst: A new rule requires every energy-drink can to carry caffeine warnings, unsettling images of sleep loss, and no brand artwork. This rule will not change the drinking habits of most people who drink these beverages regularly, since most of those people rarely look at the can when they take one from the fridge.",The conclusion of the retail analyst's argument follows logically if which one of the following is assumed?,"If regulations on the design of cans would change the habits of those who drink these beverages regularly, then those regulations should be imposed.","If those who drink these beverages regularly look at unsettling images of sleep loss frequently, it is likely to change their habits.",The new can design cannot change the habits of people who drink these beverages regularly unless they frequently look at the can when taking one.,Almost all people who drink these beverages regularly are already familiar with the risks that caffeine poses to their health.,Most people who drink these beverages regularly would be unable to describe the artwork on their usual brand if asked to do so.,C,"If the new can can only affect habits when people look at it, then people who rarely look are unaffected.",Supply the conditional making frequent looking necessary for the rule to work.,The rule will not change the habits of most regular drinkers.,Most regular drinkers rarely look at the can.,Looking at the can must be necessary for the design to change habits.,,sufficient_assumption|necessary_condition_bridge,normative,converse,N/A_correct,prior_knowledge,evidence_for_premise,Scope Failure,Conditional Failure,N/A_correct,Scope Failure,Scope Failure,"Choice A is tempting because it concerns the same regulations, but it recommends policy and says nothing about whether this rule will in fact change habits.","Choice B is tempting because it links looking to habits, but it runs the wrong way: it tells us what frequent looking would do, not that looking is required.","Choice C lets the conclusion follow: if frequent looking is required for the design to have any effect, then drinkers who rarely look at the can cannot have their habits changed by it.","Choice D is tempting because it would explain the rule's futility, but it offers a different reason and does not make the stated conclusion follow.","Choice E is tempting because it supports the claim that drinkers rarely look, but reinforcing a premise does not supply the link the conclusion needs.",TRUE,TRUE,TRUE,TRUE,TRUE,pass,,,v1,current
AR_V1_B8_0014,AR_B8_BP_0014,21,LSAT_201_Source_Compilation_Keyed,0,1,validated_candidate,unpublished,production_factory_pass_not_human_validated,MC,3,MAIN_CONCLUSION,PAT_FIND_CONCLUSION,Main Conclusion,pellet-kiln-workshop,"If you heat your workshop with a kiln, you ought to use a pellet kiln rather than a cordwood kiln. Because the pellets are pressed from mill leavings that would otherwise be dumped, heating a workshop with a pellet kiln will not cause any more trees to be cut. The same cannot be said of a cordwood kiln. Pellet kilns, then, do less harm to the environment than cordwood kilns.",Which one of the following most accurately expresses the overall conclusion drawn in the argument?,"Pellets are pressed from mill leavings, waste that would otherwise not be reused at all.","Where a workshop is heated, a pellet kiln does less environmental harm than a cordwood kiln.",Using a pellet kiln to heat one's workshop does not cause trees to be cut.,People who heat their workshops with kilns should use pellet kilns instead of cordwood kilns.,Using a cordwood kiln to heat one's workshop causes trees to be cut.,D,The environmental comparison is offered to support the opening recommendation.,Separate the recommendation from the environmental claim that supports it.,People who heat workshops with kilns should use pellet kilns instead of cordwood kilns.,Pellet kilns are better for the environment.,Distinguish the practical recommendation from its supporting comparison.,,main_conclusion|recommendation,premise,subsidiary_conclusion,intermediate,N/A_correct,contrast_premise,Conclusion Failure,Conclusion Failure,Conclusion Failure,N/A_correct,Conclusion Failure,"Choice A is tempting because it explains the whole case, but it is the fact on which the argument builds rather than the point it is making.","Choice B is tempting because it is stated last and is itself a conclusion, but it is drawn in order to support the recommendation with which the argument opens.","Choice C is tempting because it is inferred from the mill-leavings premise, but it is a step along the way, not the argument's destination.","Choice D is the overall conclusion: the facts about mill leavings, felled trees, and environmental effect are all marshalled to support this recommendation.","Choice E is tempting because it is asserted by contrast, but it serves as one half of the comparison rather than as the argument's main point.",TRUE,TRUE,TRUE,TRUE,TRUE,pass,,,v1,current
AR_V1_B8_0015,AR_B8_BP_0015,24,LSAT_201_Source_Compilation_Keyed,0,1,validated_candidate,unpublished,production_factory_pass_not_human_validated,MR,4,METHOD_OF_REASONING,PAT_DESCRIBE_METHOD,Method of Reasoning,ledger-stack-artwork,"A conceptual artist's Ledger Stack is a heap of ledgers that cannot be told apart, by the eye, from the record books kept in an actual county office. Ledger Stack counts as a work of art, whereas an identical heap of ordinary ledgers would not count as one. It is therefore not true that appearance by itself entirely settles whether a thing counts as a work of art.",The argument proceeds by,highlighting the differences between things that are believed to have a certain property and things that actually have that property,demonstrating that an opposing argument relies on an ambiguity,suggesting that two things that cannot be told apart must be things of the same type,questioning the assumptions that underlie a particular theory,showing that something that would be impossible if a particular thesis were correct is actually true,E,"If appearance settled the matter, two identical heaps could not differ in status; yet they do.",Describe the method: exhibiting a case that could not occur if the thesis held.,Appearance alone does not settle whether something counts as a work of art.,Two visually identical heaps differ in whether they count as art.,Identify the refutation structure rather than a rival description.,,method|counterexample|reductio,belief_vs_fact,ambiguity,inverted,vague,N/A_correct,Method Failure,Method Failure,Method Failure,Method Failure,N/A_correct,"Choice A is tempting because status and appearance come apart, but no contrast is drawn between what is believed and what is actually the case.","Choice B is tempting because a single term governs the dispute, but the argument never charges the opposing thesis with trading on two senses of a word.","Choice C is tempting because indistinguishable heaps are central, but the argument insists on the opposite, that indistinguishable things can differ in type.","Choice D is tempting because a theory is under attack, but the argument does not probe assumptions; it produces a case the theory cannot accommodate.","Choice E correctly describes the method: were appearance alone decisive, two indistinguishable heaps could not differ in status, yet the argument exhibits precisely such a pair.",TRUE,TRUE,TRUE,TRUE,TRUE,pass,,,v1,current
AR_V1_B8_0016,AR_B8_BP_0016,10,LSAT_201_Source_Compilation_Keyed,0,1,validated_candidate,unpublished,production_factory_pass_not_human_validated,MSS,3,MSS_SUPPORTED,PAT_COMPLETE_ANALOGY,Complete the Argument,curators-pictorial-linking,"Museum curators have learned that visitors are more readily led to form favorable views of objects toward which they are at first indifferent, or even hostile, when those objects are linked, by image rather than by wall text alone, to things about which the visitors already feel warmly. Therefore curators are likely to ______.",Which one of the following most logically completes the argument?,mount displays containing images of things that most members of the expected audience like,use little if any wall text in the displays they mount,try to encourage favorable views of objects that can be better shown by image than described in text,place their displays in the entry hall rather than in the side galleries,"point up an object's appealing features by contrasting them, in images, with the unappealing features of a rival object",A,Curators will mount displays that include images of things the expected audience already likes.,"Draw the action the finding recommends: put liked things, as images, into the display.",(completion target),Pictorial links to already-liked things shift attitudes favorably.,"Stay with what the finding licenses, not a broader ban on text.",Curators will mount displays containing images of things most of the expected audience likes.,completion|pictorial_linking,N/A_correct,overreach,wrong_target,irrelevant,contrast,N/A_correct,Inference Failure,Inference Failure,Inference Failure,Inference Failure,"Choice A most logically completes the argument: the finding says favorable attitudes transfer through images of already-liked things, so curators would supply exactly such images.","Choice B is tempting because images outperformed text alone, but the finding compares linking methods and never recommends abandoning text.","Choice C is tempting because it invokes images, but the finding concerns what the objects are linked to, not which objects photograph well.","Choice D is tempting as a curatorial choice, but nothing in the finding bears on where a display should be placed.","Choice E is tempting because it uses images, but the finding is about linking to liked things, not about contrasting with disliked ones.",TRUE,TRUE,TRUE,TRUE,TRUE,pass,,,v1,current
AR_V1_B8_0017,AR_B8_BP_0017,18,LSAT_201_Source_Compilation_Keyed,0,1,validated_candidate,unpublished,production_factory_pass_not_human_validated,MSS,4,MSS_SUPPORTED,PAT_CHAIN_INFERENCE,Most Strongly Supported,cable-safety-margins,"Modern engineering rests on proposing designs and stress-testing them against the world, which is in essence an attempt to show that those designs will fail. Nothing brings an engineer more standing than toppling a received design. No wonder, then, that a few engineers cast doubt on the safety margins for suspension cables that nearly everyone else accepts. The remarkable thing, rather, is this: though hundreds of researchers labor to make their names in cable science, scarcely any of them turn up evidence that the margins are unsafe.",The information above provides the most support for which one of the following statements?,Most engineers who are reluctant to accept the safety margins are not acting in accordance with the accepted standards of engineering debate.,Most researchers in cable science have substantial motive to find evidence that would discredit the accepted safety margins.,There is evidence that conclusively shows the accepted safety margins to be correct.,Engineers who are skeptical about the safety margins have offered no alternative account of the cable data.,Research in cable science is driven primarily by a desire for standing within the profession.,B,"Because overturning wins standing, researchers have strong motive to discredit the margins.",Read off what the incentive structure implies about researchers' motives.,(inference target),"Standing comes from toppling received designs, and hundreds seek standing.","Confine the inference to motive, not to what the evidence proves.",Most researchers in cable science have substantial motive to discredit the accepted safety margins.,most_strongly_supported|incentives,impugns_skeptics,N/A_correct,conclusive,unsupported_detail,overreach,Inference Failure,N/A_correct,Inference Failure,Inference Failure,Inference Failure,"Choice A is tempting because skeptics are mentioned, but the passage calls their skepticism unsurprising and never faults how they conduct themselves.","Choice B is most strongly supported: the greatest standing comes from toppling a received design, and hundreds of researchers are striving to make their names.","Choice C is tempting because so few find contrary evidence, but the absence of refutation is not conclusive proof of correctness.","Choice D is tempting because it concerns the skeptics, but the passage says nothing at all about what accounts they have or have not offered.","Choice E is tempting because standing is highlighted, but that it brings the most recognition does not show it is the primary driver of the research.",TRUE,TRUE,TRUE,TRUE,TRUE,pass,,,v1,current
AR_V1_B8_0018,AR_B8_BP_0018,23,LSAT_201_Source_Compilation_Keyed,1,2,validated_candidate,unpublished,production_factory_pass_not_human_validated,PA,4,PARALLEL_REASONING,PAT_MATCH_FORM,Parallel Reasoning,barn-owl-pellets,"Barn owls in the loft regularly drop pellets just inside the doorway. The keeper's first supposition was that the dropping happened by accident, though a territorial marker is the likelier account. Were it accidental rather than a marker, we should expect owlets and females to drop pellets there as well, yet only the adult males do so.",The pattern of reasoning in the argument above is most similar to that in which one of the following arguments?,"If the river were running high, the ferry would probably be delayed. But the river is low today. So the ferry will most likely run on time.","I expect the surveyor to find the beam cracked. If the beam is cracked, the hall will be closed. So the hall will most likely be closed.","If the kiln had reached full temperature, we should expect the glaze to have vitrified. But the glaze is still dull, so the kiln probably never reached full temperature.","If the pump had failed, we should have expected the tank to overflow. The tank did overflow. So the pump probably failed.","If the crew finish early, I would expect them to celebrate. Since the crew will probably finish early, they will probably celebrate.",C,The parallel rejects an explanation because a prediction it makes does not hold.,Match the form: a hypothesis predicts a consequence; the consequence fails; the hypothesis is rejected.,"The pellet-dropping is a territorial marker, not an accident.",The accident hypothesis predicts behavior that is not observed.,Find the deny-the-consequent argument among the choices.,,parallel|modus_tollens,deny_antecedent,forward_chain,N/A_correct,affirm_consequent,affirm_antecedent,Form Failure,Form Failure,N/A_correct,Form Failure,Form Failure,"Choice A is tempting because it uses a conditional, but it denies the antecedent rather than the consequent, which is an entirely different and invalid pattern.","Choice B is tempting because it reasons about consequences, but it runs forward from an expected finding to its effect, not backward from a failed prediction.","Choice C matches the stimulus: a hypothesis predicts an observable consequence, the consequence is absent, and the hypothesis is therefore rejected.","Choice D is tempting because it also weighs a hypothesis against a consequence, but it affirms the consequent instead of denying it.","Choice E is tempting because of the same conditional shape, but it affirms the antecedent, which is the opposite of the stimulus's move.",TRUE,TRUE,TRUE,TRUE,TRUE,pass,,,v1,current
AR_V1_B8_0019,AR_B8_BP_0019,20,LSAT_201_Source_Compilation_Keyed,0,1,validated_candidate,unpublished,production_factory_pass_not_human_validated,PF,4,PARALLEL_FLAW,PAT_MATCH_FLAWED_FORM,Parallel Flaw,orchard-heritage-league,"We should approve the plan to pave over the old orchard, because the heritage league, which fiercely opposes it, is run by people who have no stake in the town's long-term prosperity. Keeping old orchards blocks new housing, and housing is vital to the town's growth.",The flawed reasoning exhibited by the argument above is most similar to that exhibited by which one of the following arguments?,"Our province ought to safeguard the buildings it judges to be of national significance. Such buildings may not be recognized as significant by every resident, but the judgment of the province should prevail.","Records important to local heritage ought to be archived properly for future generations. For if even one such record is lost, the town's past becomes harder to recover.",The council ought to endorse postponing the new bypass. Many residents of the neighborhoods that would be affected are fervently opposed to building it now.,"You should replace your roof no more often than once every thirty years. After all, roofers advise replacing it every twenty years, and they stand to profit handsomely from the work.","One should not borrow even small sums unless it is absolutely necessary. Once a few dollars are borrowed, interest begins to accumulate, and over the long run the burden grows heavy.",D,Find the argument that discounts a recommendation solely because those making it stand to gain or lack the right stake.,Match the error: dismissing advice because the advisers have interests of their own.,The plan to pave the orchard should be approved.,Its opponents have no stake in the town's prosperity.,The advisers' interests say nothing about whether their position is correct.,,parallel_flaw|vested_interest,no_flaw,different_form,appeal_to_popularity,N/A_correct,slippery_slope,Form Failure,Form Failure,Form Failure,N/A_correct,Form Failure,"Choice A is tempting because it concerns preservation, but it commits no comparable error and does not discount anyone's advice on account of their interests.","Choice B is tempting because heritage is the topic, but it argues straightforwardly from consequences and impugns no one's motives.","Choice C is tempting because it invokes opponents, but it defers to their opposition rather than dismissing advice because of who gives it.","Choice D parallels the flaw exactly: the roofers' advice is set aside merely because they have an interest in giving it, just as the league's opposition is set aside because of its leaders' lack of stake.","Choice E is tempting because it warns against a course of action, but it reasons from accumulating consequences and never impugns an adviser's motives.",TRUE,TRUE,TRUE,TRUE,TRUE,pass,,,v1,current
AR_V1_B8_0020,AR_B8_BP_0020,54,LSAT_201_Source_Compilation_Keyed,0,1,validated_candidate,unpublished,production_factory_pass_not_human_validated,RP,3,RESOLVE_EXPLAIN,PAT_RECONCILE,Resolve the Discrepancy,gluten-free-beer-taste,"Some years back, brewers took up a method that strips gluten from barley malt while leaving the malt's flavor largely unharmed. Yet many beer drinkers, when the resulting gluten-free beer first appeared on shop shelves, reported that it tasted rather poor.","Which one of the following, if true, most helps to resolve the apparent discrepancy in the statements above?",The share of beer drinkers who drink only gluten-free beer is far larger today than it was when the method was introduced.,Many beer drinkers would refuse to drink gluten-free beer even if they believed that it tasted just as good as ordinary beer.,The taste of any beer can be affected by the foods that are consumed along with it.,Beer made gluten-free by this method generally costs more than ordinary beer does.,"During the years when the method was introduced, brewers used only low-grade barley for their gluten-free products.",E,"Something other than the method spoiled the taste, such as poor ingredients.",Find the fact that makes bad-tasting beer consistent with a flavor-preserving method.,(discrepancy to explain),"The method preserves flavor, yet the product tasted poor.",The flaw must lie outside the gluten-stripping method itself.,,resolve|confounding_input,later_trend,refusal,generic_variation,price,N/A_correct,Resolve Failure,Resolve Failure,Resolve Failure,Resolve Failure,N/A_correct,"Choice A is tempting because it concerns gluten-free beer, but a rise in its later popularity does not explain why the early product tasted poor.","Choice B is tempting because it concerns drinkers' attitudes, but a refusal to drink the beer is not a report that it tasted poor.","Choice C is tempting because it offers another influence on taste, but it applies to all beers alike and explains nothing about this one.","Choice D is tempting because price affects how a product is received, but cost has nothing to do with reports about how the beer tasted.","Choice E most helps resolve the discrepancy: the gluten-stripping method may leave flavor intact while the beer still tastes poor, because the malt it started from was of poor quality.",TRUE,TRUE,TRUE,TRUE,TRUE,pass,,,v1,current
AR_V1_B9_0001,AR_B9_BP_0001,8,LSAT_201_Source_Compilation_Keyed,0,1,validated_candidate,unpublished,production_factory_pass_not_human_validated,FL,4,FLAW_DESCRIBE,PAT_NAME_THE_ERROR,Describe the Flaw,alpine-newt-fungus,"Alpine newts must contend with a skin fungus that raises lesions capable of interfering with their swimming. Among populations of alpine newts that have not dispersed to fresh ponds, as many as ninety-five percent carry heavy infections of the fungus, whereas fewer than fifteen percent of the newts in dispersing populations are infected at all. This shows that dispersal allows alpine newts to escape the fungus.",The reasoning in the argument is flawed in that the argument overlooks the possibility that,alpine newts infected with the fungus are typically unable to disperse,alpine newts are unable to detect which ponds are free of the fungus,long dispersals are no better protection from the fungus than short dispersals are,populations of alpine newts that have not dispersed are much larger than dispersing populations,populations of alpine newts tend not to disperse when they have a stable supply of food,A,Infection may prevent dispersal rather than dispersal preventing infection.,Name the overlooked possibility that reverses the direction of the causal claim.,Dispersal allows alpine newts to escape the fungus.,Dispersing populations are far less often infected.,The infection could be what keeps newts from dispersing.,,flaw|reverse_causation,N/A_correct,detection,degree,population_size,other_cause_of_staying,N/A_correct,Scope Failure,Scope Failure,Scope Failure,Scope Failure,"Choice A names the overlooked possibility: if lesions keep infected newts from swimming to fresh ponds, then dispersing populations would be free of infection without dispersal doing anything to prevent it.","Choice B is tempting because it concerns how newts choose ponds, but whether they can detect clean ponds leaves the causal direction untouched.","Choice C is tempting because it questions how much dispersal helps, but the argument claims only that dispersal helps, not that longer helps more.","Choice D is tempting because it compares the populations, but the figures cited are proportions, which a difference in size does not disturb.","Choice E is tempting because it explains why some newts stay, but a stable food supply does not explain why those that stay are the infected ones.",TRUE,TRUE,TRUE,TRUE,TRUE,pass,,,v1,current
AR_V1_B9_0002,AR_B9_BP_0002,21,LSAT_201_Source_Compilation_Keyed,0,1,validated_candidate,unpublished,production_factory_pass_not_human_validated,FL,4,FLAW_DESCRIBE,PAT_NAME_THE_ERROR,Describe the Flaw,rotational-grazing-spread,"Rancher: Grazing cattle on imported feed, though harder on the soil than rotational grazing is, lets a rancher raise more cattle on the same acreage. Were every rancher to take up rotational grazing, they would prove unable to raise enough cattle for the region's growing demand. Hence, if enough cattle are to be raised, the currently fashionable practice of rotational grazing must spread no further.",The reasoning in the rancher's argument is most vulnerable to criticism on which one of the following grounds?,It takes for granted that grazing on imported feed is only slightly harder on the soil than rotational grazing is.,"It overlooks the possibility that even if the practice of rotational grazing continues to spread, many ranchers will choose not to adopt it.","It fails to consider the possibility that, at some points in the region's past, enough cattle were raised without any use of imported feed.",It overlooks the possibility that a consequence that would surely follow if all ranchers adopted rotational grazing would ensue even if not all of them did.,It takes for granted that damage to the soil from the continued use of imported feed would not be detrimental to human health.,B,"The practice can spread a good deal while many ranchers still decline it, so demand could still be met.",Name the error: further spread of a practice is not universal adoption of it.,Rotational grazing must spread no further.,Universal rotational grazing would fail to meet demand.,Spreading further is not the same as being adopted by everyone.,,flaw|all_vs_more,degree_of_harm,N/A_correct,historical,inverted,health,Scope Failure,N/A_correct,Scope Failure,Structure Failure,Scope Failure,"Choice A is tempting because soil damage is conceded, but the argument's conclusion does not depend on how much harder imported feed is on the soil.","Choice B correctly names the error: the premise concerns what would happen if every rancher adopted the practice, whereas the conclusion forbids any further spread at all.","Choice C is tempting because it questions the necessity of imported feed, but past demand was smaller, so history does not touch the argument about growing demand.","Choice D is tempting because it also concerns partial adoption, but it would help the rancher's case rather than expose the flaw in it.","Choice E is tempting because soil damage may well have further costs, but human health plays no part in the reasoning being assessed.",TRUE,TRUE,TRUE,TRUE,TRUE,pass,,,v1,current
AR_V1_B9_0003,AR_B9_BP_0003,18,LSAT_201_Source_Compilation_Keyed,1,2,validated_candidate,unpublished,production_factory_pass_not_human_validated,FL,4,FLAW_DESCRIBE,PAT_NAME_THE_ERROR,Describe the Flaw,physician-withholds-file,"Ethicist: Within every healing profession it is granted, almost without exception, that a physician must shield a patient from avoidable ruin. Scarcely anyone, then, would object when a physician who knows that a patient has been wrongly named in a fraud inquiry withholds that patient's file from the inspectors who have arrived to demand it. It follows that people at large must also grant that thwarting an official inquiry is, now and again, the right thing for a person to do.",The reasoning in the ethicist's argument is most vulnerable to criticism on the grounds that this argument,uses a single type of example for the purpose of justifying a broad generalization,"presumes, without providing justification, that letting inspectors examine an innocent patient's file serves rather than thwarts justice",fails to consider the possibility that other moral principles would be widely recognized as overriding any obligation to shield a patient from ruin,takes for granted that there is no moral obligation to cooperate with an official inquiry,takes for granted that the physician in the example is not mistaken about the patient's innocence,C,"Many who accept the duty would hold that other principles override it here, so no general acceptance follows.",Name the error: the accepted duty may be widely thought to yield to competing principles.,People at large must grant that thwarting an official inquiry is sometimes right.,Scarcely anyone would object to the physician's withholding the file.,Other widely held principles may be recognized as overriding the duty invoked.,,flaw|overlooked_overriding_principle,single_example,presumes_justice,N/A_correct,no_duty_to_cooperate,stipulated,Structure Failure,Scope Failure,N/A_correct,Scope Failure,Scope Failure,"Choice A is tempting because one case bears the whole weight, but multiplying cases would not answer the worry about principles that override the duty.","Choice B is tempting because justice hovers behind the case, but the ethicist need presume nothing about what serves justice; the gap lies among competing duties.","Choice C correctly names the error: those who accept the physician's duty may nonetheless hold that duties of candor to lawful inquiries override it, in which case no general acceptance follows.","Choice D is tempting and lies near the mark, but the ethicist never denies such an obligation; the failure is to weigh it against the duty invoked.","Choice E is tempting, but the example stipulates that the physician knows the patient was wrongly named, so nothing is being smuggled in.",TRUE,TRUE,TRUE,TRUE,TRUE,pass,,,v1,current
AR_V1_B9_0004,AR_B9_BP_0004,19,LSAT_201_Source_Compilation_Keyed,1,2,validated_candidate,unpublished,production_factory_pass_not_human_validated,ST,3,STRENGTHEN_SUPPORT_CAUSE,PAT_RULE_IN_MECHANISM,Strengthen by Securing a Premise,county-board-paperwork,"Columnist: Many candidates for the county board pledge to shrink the paperwork the county imposes upon its farmers. What farmers do at the ballot box, however, is choose whichever candidate undertakes to have the county pay for programs addressing the troubles they complain of most. Funding such programs requires records and forms, and keeping records is itself a species of paperwork. So the paperwork imposed on farmers will seldom be reduced by any great amount.","Which one of the following, if true, would most strengthen the columnist's argument?",Candidates never pledge to do what they actually intend to do once they are in office.,The troubles that farmers complain of most are troubles about paperwork.,Paperwork imposed on farmers in counties whose boards are appointed is no more burdensome than in counties like this one.,Candidates who win seats on the county board usually carry out the promises they made while campaigning.,Candidates who pledge to do what they sincerely believe ought to be done are seldom elected.,D,The argument needs elected candidates to carry out the programs they promised.,Add the fact that makes winners' promises determine what actually happens.,Paperwork imposed on farmers will seldom be greatly reduced.,"Farmers elect candidates promising funded programs, which generate records.",Winners must actually deliver the programs on which they were elected.,,strengthen|promise_kept,undercuts,content,comparison,N/A_correct,sincerity,Direction Failure,Scope Failure,Scope Failure,N/A_correct,Scope Failure,"Choice A is tempting because it concerns pledges, but if winners ignore their promises the programs may never be funded, which weakens the columnist's case.","Choice B is tempting because paperwork recurs, but what farmers complain about does not bear on whether funding programs keeps paperwork high.","Choice C is tempting because it compares counties, but the argument explains why paperwork persists here, not how this county compares with others.",Choice D most strengthens the argument: only if winners actually fund the programs they promised will the county keep generating the records that make up the paperwork.,"Choice E is tempting because it concerns candidates and elections, but sincerity has no bearing on whether the funded programs keep paperwork from shrinking.",TRUE,TRUE,TRUE,TRUE,TRUE,pass,,,v1,current
AR_V1_B9_0005,AR_B9_BP_0005,1,LSAT_201_Source_Compilation_Keyed,1,2,validated_candidate,unpublished,production_factory_pass_not_human_validated,ST,3,STRENGTHEN_SUPPORT_CAUSE,PAT_RULE_IN_MECHANISM,Strengthen a Medicinal-Use Claim,muskox-willow-bark,"Ranger: In the weeks that follow calving, female muskoxen repeatedly chew the bitter bark of the dwarf willow, a shrub they leave untouched at every other season. The bark is probably chewed for its medicinal properties, since the compounds it releases kill the gut fluke.","Which one of the following, if true, most strengthens the ranger's argument?",Muskoxen rarely chew the bark of any shrub other than the dwarf willow.,Caribou have also been observed chewing bitter bark in the weeks that follow calving.,"Of the bitter shrubs available to muskoxen, the dwarf willow is by far the most common.",Dwarf willow bark is easier to strip from the branch when it is damp.,The weeks that follow calving are when muskoxen are most likely to be infested by gut flukes.,E,"If muskoxen are most vulnerable to gut flukes just after calving, the medicinal account fits the timing.",Match the timing of the behavior to the medical need it is said to serve.,The bark is chewed for its medicinal properties.,"The bark's compounds kill the gut fluke, and muskoxen chew it only after calving.",The behavior's timing must line up with when the medical benefit is needed.,,strengthen|timing_fit,exclusivity,other_species,availability,mechanical,N/A_correct,Scope Failure,Scope Failure,Scope Failure,Scope Failure,N/A_correct,"Choice A is tempting because it singles out the willow, but exclusive use of one shrub does not show that the use is medicinal.","Choice B is tempting because it shows the behavior is widespread, but what caribou do says nothing about why muskoxen do it.","Choice C is tempting because it explains the choice of shrub, but abundance supplies a rival, non-medicinal reason for chewing that bark.","Choice D is tempting because it concerns handling the bark, but ease of stripping bears on how the muskoxen chew it, not on why.","Choice E most strengthens the argument: the muskoxen chew the bark exactly when the parasite it kills is most threatening, which is what a medicinal purpose predicts.",TRUE,TRUE,TRUE,TRUE,TRUE,pass,,,v1,current
AR_V1_B9_0006,AR_B9_BP_0006,12,LSAT_201_Source_Compilation_Keyed,1,2,validated_candidate,unpublished,production_factory_pass_not_human_validated,ST,4,STRENGTHEN_SUPPORT_CAUSE,PAT_COMPLETE_THE_SUPPORT,Strengthen by Completing the Passage,burst-pipes-flat-orientation,"A tally showed that most of the burst pipes reported by tenants last winter were in south-facing flats. This suggests that bursts in north-facing flats are likelier than south-facing bursts to go unreported, since ______.",The conclusion of the argument is strongly supported if which one of the following completes the passage?,it is very likely that just as many pipes burst in north-facing flats as burst in south-facing ones,tenants differ a great deal in how promptly they report a burst pipe,pipes that burst usually have other defects in addition to the one that caused the burst,the signs of a burst in a north-facing flat tend to differ from the signs of a burst in a south-facing flat,other tallies suggest that a great many minor burst pipes go unreported,A,"If pipes burst about equally often in both orientations, the lopsided tally must reflect under-reporting.","Supply the base rate that makes unequal reporting, not unequal bursting, the explanation.",North-facing bursts more often go unreported than south-facing bursts do.,Most reported bursts were in south-facing flats.,Rule out that south-facing flats simply suffer more bursts.,,strengthen|completion|base_rate,N/A_correct,variation,irrelevant,symptom,general_underreporting,N/A_correct,Scope Failure,Scope Failure,Scope Failure,Scope Failure,"Choice A strongly supports the conclusion: if bursts occur equally often in both orientations, a tally dominated by south-facing reports can only mean that north-facing bursts go unreported.","Choice B is tempting because it concerns reporting, but variation among tenants does not explain a lopsided split between the two orientations.","Choice C is tempting because it concerns burst pipes, but additional defects say nothing about which flats' bursts get reported.","Choice D is tempting because differing signs hint at differing detection, but by itself it does not establish that north-facing bursts go unreported more often.","Choice E is tempting because it concerns unreported bursts, but general under-reporting affects both orientations alike and supports no comparison.",TRUE,TRUE,TRUE,TRUE,TRUE,pass,,,v1,current
AR_V1_B9_0007,AR_B9_BP_0007,14,LSAT_201_Source_Compilation_Keyed,0,1,validated_candidate,unpublished,production_factory_pass_not_human_validated,WK,4,WEAKEN_ATTACK_KEY_LINK,PAT_BREAK_INFERENCE_LINK,Weaken by Making the Rare Case the Dangerous One,deer-mice-hantavirus,"Vance: Almost every case of hantavirus in humans comes from contact with an infected rodent, and deer mice do carry hantavirus. But there is little to justify the notices urging the removal of any deer mice nesting in barns where people work. Deer mice are timid creatures that rarely approach a person, and the overwhelming majority of them carry no virus at all.","Which one of the following, if true, most weakens Vance's argument?",An infected deer mouse is far likelier to infect another deer mouse than to infect any other kind of animal.,"Infected deer mice are less mobile than other deer mice, but they are far bolder around people.","Most animals that carry hantavirus belong to species that, under ordinary conditions, very rarely approach people.",The deer-mouse populations with the highest rate of infection do not nest in barns.,People are likelier to notice contact with a deer mouse when the contact occurs inside a barn.,B,"If the infected mice are the bold ones, timidity in the majority is no comfort.",Show that the infected minority behaves in just the way that makes contact likely.,The notices urging removal of deer mice are unjustified.,Deer mice are timid and mostly uninfected.,The traits that make mice safe must hold of the infected ones too.,,weaken|infected_subgroup_differs,mouse_to_mouse,N/A_correct,supports,supports_2,awareness,Scope Failure,N/A_correct,Direction Failure,Direction Failure,Scope Failure,"Choice A is tempting because it concerns transmission, but spread among mice does not bear on the danger those mice pose to the people working in the barn.","Choice B most weakens the argument: Vance rests on the timidity of deer mice, yet the very mice that carry the virus are the ones that approach people, so the notices may be well founded.","Choice C is tempting because it concerns carriers, but it reinforces Vance's picture of shy carriers and so tends to support the argument.","Choice D is tempting because it concerns where infected mice live, but it makes the barns safer, which strengthens rather than weakens Vance's case.","Choice E is tempting because it concerns barns, but noticing contact does not make contact more dangerous or more frequent.",TRUE,TRUE,TRUE,TRUE,TRUE,pass,,,v1,current
AR_V1_B9_0008,AR_B9_BP_0008,9,LSAT_201_Source_Compilation_Keyed,1,2,validated_candidate,unpublished,production_factory_pass_not_human_validated,WK,3,WEAKEN_ATTACK_KEY_LINK,PAT_BREAK_INFERENCE_LINK,Weaken by Attacking the Donor Profile,blood-donation-reversal,"Donations of blood at the regional centre have risen three years running, and yet a reversal is to be looked for shortly. Its own records show that better than three quarters of everything the centre collects has always come from donors in their forties and early fifties; and people of that age are set to dwindle in number, year upon year, for a decade to come.","Which one of the following, if true, would most seriously weaken the argument?",Most people under forty have never once given blood at the centre.,Plasma collection at the centre has fallen away across the past three years.,Most of what the centre has collected during the past three years came from people under forty.,New medical technology will surely reduce the need for donated blood over the next decade.,The number of collection sessions the centre holds each month is unlikely to fall in the near future.,C,"If recent donations come mostly from younger people, a shrinking older band will not reverse the rise.",Show the historical donor profile no longer describes who is actually giving.,Donations at the centre will soon begin to fall.,Most donations historically came from a band whose population will dwindle.,The historical profile may no longer hold of current donors.,,weaken|stale_demographic,supports,different_activity,N/A_correct,demand_side,supply,Direction Failure,Scope Failure,N/A_correct,Scope Failure,Scope Failure,"Choice A is tempting because it concerns younger people, but it reinforces the claim that the older band is the source of donations, and so supports the prediction.","Choice B is tempting because it concerns the centre, but plasma is not blood, so a decline there bears on nothing in the argument.","Choice C most weakens the argument: if recent donations come mostly from people under forty, then the dwindling of the older band gives little reason to expect collections to fall.","Choice D is tempting because it looks ahead a decade, but a falling need for blood would, if anything, accompany a fall in collections rather than undercut the prediction.","Choice E is tempting because sessions affect how much can be collected, but a steady number of sessions says nothing about the dwindling pool of donors the argument relies on.",TRUE,TRUE,TRUE,TRUE,TRUE,pass,,,v1,current
AR_V1_B9_0009,AR_B9_BP_0009,17,LSAT_201_Source_Compilation_Keyed,0,1,validated_candidate,unpublished,production_factory_pass_not_human_validated,NA,3,NA_REQUIRED,PAT_NEGATION_BREAKS,Necessary Assumption,ferry-carbon-monoxide-detectors,"Passengers are owed protection from avoidable harm, and that obligation falls upon the operators of ferries. So, since carbon-monoxide leaks pose substantial risks to passengers, and since detectors can significantly reduce the danger such leaks present, ferry operators must institute policies that make the installation of detectors mandatory aboard every vessel.",Which one of the following is an assumption required by the argument?,Crew members do not regard a mandatory installation policy as a violation of their rights.,Carbon-monoxide leaks are the most harmful hazard to which passengers risk exposure aboard a ferry.,Most passengers aboard ferries are unaware of the danger that carbon-monoxide leaks present.,Voluntary detector-installation policies would not adequately protect passengers from the risks posed by carbon-monoxide leaks.,Society has already accepted the idea of mandatory safety devices in other settings.,D,"If voluntary installation would protect passengers just as well, nothing forces the mandatory policy.","Identify what must hold for a mandatory policy, rather than a voluntary one, to be required.",Ferry operators must make detector installation mandatory.,Detectors reduce a substantial risk that operators must guard against.,A voluntary policy must be inadequate to discharge the duty.,,necessary_assumption|mandatory_vs_voluntary,rights,most_harmful,awareness,N/A_correct,precedent,Scope Failure,Scope Failure,Scope Failure,N/A_correct,Scope Failure,"Choice A is tempting because mandates raise objections, but the argument concerns protecting passengers and needs nothing about how crews regard the policy.","Choice B is tempting because it elevates the hazard, but the argument needs only that the risk is substantial, not that it is the very worst.","Choice C is tempting because ignorance heightens danger, but what passengers know is not required for the duty to generate a mandatory policy.","Choice D is the required assumption: were a voluntary policy sufficient to protect passengers, the duty would be discharged without any mandate, and the conclusion would not follow.","Choice E is tempting because precedent makes the mandate palatable, but the argument rests on the operators' duty, not on what society has accepted elsewhere.",TRUE,TRUE,TRUE,TRUE,TRUE,pass,,,v1,current
AR_V1_B9_0010,AR_B9_BP_0010,67,LSAT_201_Source_Compilation_Keyed,1,2,validated_candidate,unpublished,production_factory_pass_not_human_validated,NA,4,NA_REQUIRED,PAT_NEGATION_BREAKS,Necessary Assumption,salvage-divers-consent,"Commentator: One cannot rightly defend the current practice of recruiting divers for deep salvage work by merely pointing out that those divers volunteer, that the hazards are disclosed to them, and that they are paid for facing those hazards. For while nothing is amiss in paying a person to undertake a task freely chosen, matters stand otherwise where duress has shaped the choosing.",Which one of the following is an assumption required by the commentator's argument?,No transaction can be justified merely on the grounds that those taking part in it do so voluntarily.,Anyone who acts without complete freedom is acting under some form of externally imposed duress.,There is nothing wrong with accepting money for putting oneself at risk.,People should be permitted to perform any action so long as that action is freely chosen.,Possessing information about the possible consequences of the choices one makes does not ensure that one's choices are free.,E,"Unless information can leave a choice unfree, the defense would succeed and the argument would collapse.",Identify why being informed and paid fails to establish a free choice.,"The appeal to informed, paid volunteering does not defend the practice.",Payment is wrong when the choice is made under duress.,Being informed of consequences must not guarantee that a choice is free.,,necessary_assumption|informed_vs_free,too_strong,overreach,granted,permission,N/A_correct,Scope Failure,Scope Failure,Scope Failure,Scope Failure,N/A_correct,"Choice A is tempting because voluntariness is at issue, but the commentator grants that free choice does justify payment, so this sweeping denial is not required.","Choice B is tempting because duress is the pivot, but the argument needs only that information fails to guarantee freedom, not this stronger equation.","Choice C is tempting because payment for risk is the practice under scrutiny, but the argument concerns whether the defense succeeds, not whether accepting money is permissible.","Choice D is tempting because free choice looms large, but a permission principle is not what the argument requires.","Choice E is the required assumption: if being informed did ensure a free choice, then the defense the commentator rejects would go through, and the argument would fail.",TRUE,TRUE,TRUE,TRUE,TRUE,pass,,,v1,current
AR_V1_B9_0011,AR_B9_BP_0011,11,LSAT_201_Source_Compilation_Keyed,1,2,validated_candidate,unpublished,production_factory_pass_not_human_validated,NA,4,NA_REQUIRED,PAT_NEGATION_BREAKS,Necessary Assumption,mounted-deer-antlers-cadmium,"Antlers recently taken from deer that were mounted and preserved in the 1890s have been found to hold only half as much cadmium as antlers recently taken from living deer of the very same species. Since the cadmium that gathers in a deer's antlers as they grow is drawn from the lichens the deer browses, these results indicate that cadmium levels in upland lichens are higher now than they stood a century ago.",The argument depends on assuming that,the process used to preserve mounted deer in the 1890s did not substantially reduce the amount of cadmium in the antlers,"the proportion of a deer's diet consisting of lichens was not, on average, as high in the 1890s as it is today",the amount of cadmium in a lichen depends on the amount of pollution in the air above it,cadmium drawn from lichens is essential to the normal growth of a deer's antlers,the mounted deer whose antlers were tested for cadmium were not fully grown,A,"If mounting stripped cadmium from the antlers, the old readings would be low for reasons having nothing to do with lichens.",Identify the assumption protecting the old specimens from having lost cadmium.,Cadmium in upland lichens is higher now than a century ago.,Antlers from 1890s specimens hold half as much cadmium as modern antlers.,The preservation process must not itself have reduced the cadmium.,,necessary_assumption|measurement_integrity,N/A_correct,diet_shift,mechanism,essential,maturity,N/A_correct,Scope Failure,Scope Failure,Scope Failure,Scope Failure,"Choice A is the required assumption: were the mounting process itself to have leached cadmium away, the lower readings would say nothing about the lichens of that era.","Choice B is tempting because diet affects intake, but this would explain the difference without any change in lichens, so the argument cannot assume it.","Choice C is tempting because it explains why lichens might grow more toxic, but the argument concludes only that they have, not how.","Choice D is tempting because it concerns cadmium and antlers, but whether the metal is essential to growth is beside the point.","Choice E is tempting because immature antlers might hold less, but the argument requires the opposite, that the old antlers were comparable to the new.",TRUE,TRUE,TRUE,TRUE,TRUE,pass,,,v1,current
AR_V1_B9_0012,AR_B9_BP_0012,23,LSAT_201_Source_Compilation_Keyed,1,2,validated_candidate,unpublished,production_factory_pass_not_human_validated,SA,4,SA_BRIDGE,PAT_CONDITIONAL_BRIDGE,Sufficient Assumption,jurist-sound-rulings,"Jurist: Any ruling that may reasonably be looked to for a gain in the overall security of the parties it touches is a sound ruling. A ruling counts as unsound just in case, and only in case, it may reasonably be looked to for a loss in that overall security. Rulings that would leave the overall security of those parties exactly where it stood are therefore sound rulings too.",The jurist's conclusion follows logically if which one of the following is assumed?,Only unsound rulings would reasonably be expected to reduce the total security of the parties they affect.,Any ruling that is not unsound is sound.,No ruling is both sound and unsound.,There are rulings that would reasonably be expected to leave the total security of the affected parties unchanged.,Only sound rulings have good consequences.,B,A neutral ruling is not unsound; to call it sound we need everything not unsound to be sound.,Close the gap between 'not unsound' and 'sound.',Security-neutral rulings are sound.,"Such rulings do not lower security, so by the biconditional they are not unsound.",Being not unsound must guarantee being sound.,,sufficient_assumption|exhaustive_categories,restates,N/A_correct,no_overlap,existence,consequences,Conditional Failure,N/A_correct,Conditional Failure,Conditional Failure,Scope Failure,"Choice A is tempting because it echoes the second rule, but it merely repeats half of what is given and does nothing to make a neutral ruling sound.","Choice B lets the conclusion follow: a security-neutral ruling does not reduce security, so it is not unsound, and this principle then makes it sound.","Choice C is tempting because it tidies the categories, but ruling out overlap still leaves room for a ruling that is neither sound nor unsound.","Choice D is tempting because it concerns the very rulings at issue, but asserting that such rulings exist does not show them to be sound.","Choice E is tempting because it links soundness to results, but good consequences play no part in the jurist's reasoning.",TRUE,TRUE,TRUE,TRUE,TRUE,pass,,,v1,current
AR_V1_B9_0013,AR_B9_BP_0013,1,LSAT_201_Source_Compilation_Keyed,0,1,validated_candidate,unpublished,production_factory_pass_not_human_validated,MC,3,MAIN_CONCLUSION,PAT_FIND_CONCLUSION,Main Conclusion,kessel-basin-vantar-current,"Geographer: Most people, reflecting on how far inland the Kessel Basin lies, take its mild autumns to be owed to the Vantar Current, whose warm water runs southward along the coast. But this belief is mistaken. It is true enough that the Vantar carries warm water past the basin; yet on the far side of the continent the analogous Oray Current carries warm water only as far inland as the Selm Hills. And the lowlands well beyond those hills have mild autumns too.",Which one of the following most accurately expresses the conclusion drawn in the geographer's argument?,It is widely believed that the Kessel Basin's mild autumns must be owed to the Vantar Current.,It is true that the Vantar Current carries warm water past the Kessel Basin.,The belief that the Kessel Basin's mild autumns must be owed to the Vantar Current is mistaken.,"On the far side of the continent, the Oray Current carries warm water only as far inland as the Selm Hills.",The lowlands beyond the Selm Hills have mild autumns.,C,The point is that the popular explanation is wrong.,Pick the claim the comparison with the Oray Current is offered to establish.,The belief that the Vantar Current explains the basin's mild autumns is mistaken.,An analogous current elsewhere fails to explain mild autumns beyond its reach.,Distinguish the rejected belief from the rejection of it.,,main_conclusion|rejects_belief,reported_belief,concession,N/A_correct,premise,premise_2,Conclusion Failure,Conclusion Failure,N/A_correct,Conclusion Failure,Conclusion Failure,"Choice A is tempting because it opens the passage, but it reports the view the geographer sets out to overturn, not the geographer's own claim.","Choice B is tempting because it is asserted plainly, but it is a concession granted on the way to the conclusion.",Choice C is the conclusion: the comparison with the Oray Current and the lowlands beyond the Selm Hills is offered precisely to show that the popular explanation fails.,"Choice D is tempting because it is central to the case, but it is one of the facts marshalled in support of the conclusion.","Choice E is tempting because it delivers the sting of the comparison, but it too is evidence rather than the point being argued for.",TRUE,TRUE,TRUE,TRUE,TRUE,pass,,,v1,current
AR_V1_B9_0014,AR_B9_BP_0014,8,LSAT_201_Source_Compilation_Keyed,1,2,validated_candidate,unpublished,production_factory_pass_not_human_validated,RC,2,ROLE_IN_ARGUMENT,PAT_IDENTIFY_ROLE,Role of a Claim,quarry-bat-roosts,"Artificial roosts put up in disused quarries are said to furnish bats with shelter they badly need, and supporters read that benefit as proof that the practice does the ecology good. However, the practice may be ecologically harmful even if it does give shelter, for it may draw bats deep into the quarry workings in ways that nobody can foresee.",Which one of the following most accurately describes the role played in the argument by the claim that the practice may draw bats deep into the quarry workings in ways that nobody can foresee?,It is a summary of the argument's overall position.,It is a claim that the argument sets out to refute.,It is a claim the argument says is not enough to establish what supporters take it to establish.,It is a premise offered in support of the argument's conclusion.,It is the main conclusion of the argument.,D,It is the support offered for the claim that the practice may be harmful.,Locate the claim's function: a stated reason for the argument's own conclusion.,The practice may be ecologically harmful even if it gives shelter.,It may draw bats into the workings in unforeseeable ways.,Distinguish a supporting premise from the conclusion it supports.,,role|premise,summary,refuted,insufficient,N/A_correct,main_conclusion,Role Failure,Role Failure,Role Failure,N/A_correct,Role Failure,"Choice A is tempting because it is prominent, but it restates no more than one reason within the argument rather than the whole of it.","Choice B is tempting because the argument does refute the supporters, but this particular claim is the argument's own, not the view it opposes.","Choice C is tempting, but that describes how the argument treats the shelter claim, not the claim about the quarry workings, which the argument endorses.",Choice D correctly describes the role: the unforeseeable drawing of bats into the workings is the reason given for concluding that the practice may be harmful.,"Choice E is tempting because it is a strong claim, but the main conclusion is that the practice may be harmful; this claim is what supports that.",TRUE,TRUE,TRUE,TRUE,TRUE,pass,,,v1,current
AR_V1_B9_0015,AR_B9_BP_0015,20,LSAT_201_Source_Compilation_Keyed,1,2,validated_candidate,unpublished,production_factory_pass_not_human_validated,MC,4,MAIN_CONCLUSION,PAT_FIND_CONCLUSION,Main Conclusion,clinical-prognosis-oracle,"Lecturer: From the earliest days, people have gone to oracles to learn where their lives were heading. In just this respect the pronouncements of clinical prognosis differ not at all from the utterances of the priestess at Delphi. Whether a prognosis is true, as with an oracle, comes to nothing more than the question how well it helps a person bear an uncertain future. So although prognosis can point to a number of real triumphs, that it falls short of the whole truth is amply shown by how often it has hardened patients into despair.",Which one of the following most accurately states the main conclusion of the lecturer's argument?,Clinical prognosis is at least partly responsible for hardening patients into despair.,Clinical prognosis is no more true than the utterances of the priestess at Delphi.,Clinical prognosis is merely a form of oracle.,"Clinical prognosis, like an oracle, attempts to say where a person's life is heading.",Clinical prognosis falls short of being completely true.,E,Everything else is offered to show that prognosis is not wholly true.,Separate the single main claim from the comparisons and observations supporting it.,Clinical prognosis falls short of being completely true.,"It is like an oracle, its truth is mere usefulness, and it often breeds despair.",Distinguish the conclusion from the supporting comparison and evidence.,,main_conclusion|partial_truth,evidence,comparison,overstated,background,N/A_correct,Conclusion Failure,Conclusion Failure,Conclusion Failure,Conclusion Failure,N/A_correct,"Choice A is tempting because it closes the passage, but it is the evidence offered, not the claim that evidence is offered to support.","Choice B is tempting because the comparison is vivid, but it is a premise that sets up the main point rather than the point itself.","Choice C is tempting but overshoots: the lecturer claims prognosis falls short of the whole truth, not that it is nothing but oracle-mongering.","Choice D is tempting because it is stated early, but it is the background that frames the argument, not what the argument establishes.","Choice E is the main conclusion: the comparison to the oracle, the account of truth as usefulness, and the record of despair are all marshalled to establish just this.",TRUE,TRUE,TRUE,TRUE,TRUE,pass,,,v1,current
AR_V1_B9_0016,AR_B9_BP_0016,80,LSAT_201_Source_Compilation_Keyed,1,2,validated_candidate,unpublished,production_factory_pass_not_human_validated,MSS,3,MSS_SUPPORTED,PAT_CHAIN_INFERENCE,Most Strongly Supported,timber-yard-planking,"Okonkwo's Timber Yard sells a large volume of planking. The vast bulk of it goes in pallets to trade buyers, most of them boatwrights. Hand tools are sold at Okonkwo's as well, and weekend hobbyists buy nearly all of those, one at a time, over the counter.",Which one of the following is most strongly supported by the information above?,A plank bought from Okonkwo's is more likely to have been bought by a boatwright than by a weekend hobbyist.,Okonkwo's earns a larger profit from planking than from all of its other goods combined.,Among Okonkwo's regular customers there are more trade buyers than weekend hobbyists.,Okonkwo's sells a few hand tools in pallets to boatwrights.,Most of those who buy planking in pallets from Okonkwo's have never bought a hand tool there.,A,"Most planking goes to trade buyers, and most of those are boatwrights, so a plank most likely went to a boatwright.",Draw the supported claim about which buyer a given plank most likely went to.,(inference target),"The bulk of planking goes to trade buyers, mostly boatwrights.","Keep the inference to planking, and to comparative likelihood.",A given plank more likely went to a boatwright than to a weekend hobbyist.,most_strongly_supported|proportional_inference,N/A_correct,profit,customer_count,unsupported,no_overlap,N/A_correct,Inference Failure,Inference Failure,Inference Failure,Inference Failure,"Choice A is most strongly supported: the vast bulk of planking goes to trade buyers, most of whom are boatwrights, so any given plank most likely went to one.","Choice B is tempting because planking dominates by volume, but nothing is said about profit, which can diverge sharply from volume.","Choice C is tempting because trade buyers take most of the planking, but a few large buyers can account for a great volume, so their number cannot be inferred.","Choice D is tempting because both goods and both buyer types appear, but the passage says tools are mostly bought at retail and never that any go in pallets.","Choice E is tempting because the two goods have different buyer profiles, but nothing rules out pallet buyers also purchasing hand tools.",TRUE,TRUE,TRUE,TRUE,TRUE,pass,,,v1,current
AR_V1_B9_0017,AR_B9_BP_0017,82,LSAT_201_Source_Compilation_Keyed,1,2,validated_candidate,unpublished,production_factory_pass_not_human_validated,MBT,5,MBT_DEDUCE,PAT_DEDUCTION,Must Be True,silent-artifact-tapestry,"Call an artifact wholly silent when nothing in the appreciating of it turns essentially upon sound; a woven tapestry will serve as the example. The ear is idle before a tapestry. Which of its passages one takes in first is fixed by no order at all, and no listener is held to any particular span of time. With most art forms it is otherwise. Opera and recitation alike demand utterance, and whatever demands utterance must be received through a settled order of sounds, over a span of time that is roughly settled too. A printed ballad, though set down on paper and so to all appearances silent, must nevertheless be uttered, even where the uttering is only a murmur beneath the reader's breath.","If the statements above are true, then on the basis of them which one of the following must be true?",A printed ballad is less like an opera than it is like a tapestry.,Wholly silent artifacts do not essentially involve utterance.,Silence and sound are mutually exclusive components of artifacts.,Artifacts that must be examined for a long period in order to be understood have sound built into them at the root.,"Anything capable of being uttered is either operatic or recited, or both operatic and recited.",B,"Utterance brings a fixed order and span, which a silent artifact never demands; so silent artifacts do not require utterance.",Deduce the guaranteed claim linking wholly silent artifacts and utterance.,(inference target),Utterance implies fixed order and span; silent artifacts demand neither.,Chain the definition of silence with what utterance requires.,Wholly silent artifacts do not essentially involve utterance.,must_be_true|definition_chain,similarity,N/A_correct,exclusivity,duration,false_exhaustive,Inference Failure,N/A_correct,Inference Failure,Inference Failure,Inference Failure,"Choice A is tempting because a ballad sits on paper as a tapestry hangs on a wall, but the passage groups the ballad with what must be uttered, and it ranks no similarities.","Choice B must be true: utterance imposes a fixed order of sounds and a fixed span, whereas a wholly silent artifact makes no essential demand upon sound at all.","Choice C is tempting because two kinds of artifact are contrasted, but the passage never denies that an artifact might have both silent and sonorous aspects.","Choice D is tempting because it invokes time, but taking long to grasp a work differs from requiring a fixed span of listening, so this does not follow.","Choice E is tempting because opera and recitation are the examples given, but the printed ballad must be uttered too, so utterable things are not confined to those two.",TRUE,TRUE,TRUE,TRUE,TRUE,pass,,,v1,current
AR_V1_B9_0018,AR_B9_BP_0018,15,LSAT_201_Source_Compilation_Keyed,0,1,validated_candidate,unpublished,production_factory_pass_not_human_validated,PF,4,PARALLEL_FLAW,PAT_MATCH_FLAWED_FORM,Parallel Flaw,overcrowding-class-size,"Commentator: The reported epidemic of overcrowding in our schools is a myth. Across the last eight years the average class gained only a single pupil. That is not a substantial increase, and so the proportion of classes that are overcrowded cannot have increased substantially either.",Which one of the following contains flawed reasoning most similar to the flawed reasoning contained in the argument above?,"The average summer temperature over the past five years must have risen, since most people believe that summers are growing hotter.","The proportion of flats in the old quarter must have risen substantially in recent years, since a substantial number of workshops there have been converted into flats.","The proportion of employees who earn very high wages must not have risen more than slightly over the last year, since the average wage has risen only slightly in that time.","The average weight of adults must have risen in recent years, since restaurants have raised the proportion of rich dishes on their menus.","The average price of a house must be rising, since the proportion of household income spent on housing has risen over the last eight years.",C,A small change in a mean is compatible with a large change in the share above a threshold.,Match the error: inferring the behavior of a proportion at the tail from a small change in an average.,The proportion of overcrowded classes has not risen substantially.,The average class size rose only slightly.,An average can barely move while the tail of the distribution shifts a great deal.,,parallel_flaw|average_vs_proportion,appeal_to_belief,wrong_direction,N/A_correct,proportion_to_average,different_inference,Form Failure,Form Failure,N/A_correct,Form Failure,Form Failure,"Choice A is tempting because it reasons about an average, but it rests on popular belief rather than on inferring a proportion from a mean.","Choice B is tempting because it concerns a proportion, but it argues from a substantial change to a substantial proportion, which is not the stimulus's error.","Choice C parallels the flaw exactly: a slight rise in the mean is treated as showing that the share at the top of the distribution barely moved, which need not hold in either case.","Choice D is tempting because averages and proportions both appear, but it runs from a proportion to an average, the reverse of the stimulus.","Choice E is tempting because it also links a proportion to an average, but it infers the average from the proportion rather than the proportion from the average.",TRUE,TRUE,TRUE,TRUE,TRUE,pass,,,v1,current
AR_V1_B9_0019,AR_B9_BP_0019,41,LSAT_201_Source_Compilation_Keyed,0,1,validated_candidate,unpublished,production_factory_pass_not_human_validated,PR,4,PRINCIPLE_CONFORM,PAT_APPLY_PRINCIPLE,Conform to the Principle,audit-unverifiable-figures,"Auditor: The reviewers, in reaching their finding that no funds had been misdirected, leaned almost wholly upon figures nobody is able to check. That gives us fair ground for doubting whether their finding holds. Yet to convert such ground for doubt into a demonstration that funds were in fact misdirected would be no less objectionable.",Which one of the following conforms most closely to the principle illustrated above?,"A magazine printed a thorough account of both sides of a quarrel without questioning either view. So although the magazine let each side make its case, the account favored neither side over the other.","Although Okafor's remedy appears to be a workable solution, we should not adopt it yet. Many other remedies undoubtedly exist, and we cannot know which is best until we have weighed them all.","If an agent earns a commission on a sale, it is reasonable to suppose that the agent's view of the goods might be biased. However, the mere possibility of bias should not be confused with actual bias.","Marlowe has declared that she will never miss a deadline. So long as Marlowe keeps working, no one can establish that declaration, whose truth answers only to what actually comes to pass. All the same, one would err in reading that as showing that Marlowe is going to miss a deadline.","The makers of Brightwash claim it is a better detergent than Purecloth because Purecloth is ineffective. Purecloth may well be ineffective, but claims about Brightwash should rest on Brightwash's own performance.",D,"A claim that cannot be verified is doubtful, but its unverifiability does not show it false.",Find the case where doubt is warranted yet the contrary is not thereby established.,(principle to be matched),Unverifiable grounds warrant doubt but not the contrary conclusion.,"Match both halves: doubt warranted, contrary not established.",,principle|conforms|doubt_not_proof,balance,deferral,near_miss,N/A_correct,irrelevant_ground,Principle Failure,Principle Failure,Principle Failure,N/A_correct,Principle Failure,"Choice A is tempting because it concerns even-handedness, but it says nothing about doubt being mistaken for proof of the contrary.","Choice B is tempting because it counsels withholding judgment, but it concerns comparing alternatives rather than confusing doubt with disproof.","Choice C is tempting and close, since it warns against an inference from possibility, but it distinguishes possible bias from actual bias rather than doubt from proof of the contrary.","Choice D conforms most closely: the declaration cannot be verified, which gives reason to doubt it, yet that unverifiability is expressly denied to establish the contrary claim.","Choice E is tempting because it faults an inference, but it concerns arguing from a rival's failings rather than mistaking doubt for disproof.",TRUE,TRUE,TRUE,TRUE,TRUE,pass,,,v1,current
AR_V1_B9_0020,AR_B9_BP_0020,40,LSAT_201_Source_Compilation_Keyed,0,1,validated_candidate,unpublished,production_factory_pass_not_human_validated,PI,3,POINT_AT_ISSUE,PAT_LOCATE_DISPUTE,Point at Issue,riverside-greenway-extension,"Delgado: The riverside greenway ought to be extended by several kilometers at once. The beauty of the restored wetlands along that stretch would draw more visitors to the town, and the extra spending those visitors bring would benefit every resident. Okonjo: We must proceed with care. Extend the greenway and the moorage fees charged to houseboats along its present margins will climb, and such a climb would throw the households that pay them into real disarray.","On the basis of their statements, Delgado and Okonjo are committed to disagreeing about the truth of which one of the following?",The increased visitor traffic along an extended greenway would be a benefit to the town.,Some of the residents at the edges of the greenway would see their moorage fees rise.,Some people would be adversely affected by the extension of the greenway.,The greenway should not be extended.,The greenway should be extended without hesitation.,E,"Delgado says extend at once; Okonjo says proceed carefully, so they clash over acting without hesitation.",Locate the claim one asserts and the other denies.,(disputed claim),Delgado urges immediate action; Okonjo counsels caution.,Beware claims that only one speaker addresses.,,point_at_issue|disagreement,one_sided,one_sided_2,compatible,overstates_okonjo,N/A_correct,Dispute Failure,Dispute Failure,Dispute Failure,Dispute Failure,N/A_correct,"Choice A is tempting because Delgado asserts it, but Okonjo never denies that visitors would benefit the town; she raises a separate cost.","Choice B is tempting because Okonjo asserts it, but Delgado says nothing about moorage fees and so is not committed to denying it.","Choice C is tempting because it captures Okonjo's worry, but Delgado's claim that residents would benefit on the whole is consistent with some being harmed.","Choice D is tempting because Okonjo resists, but she counsels care rather than opposing extension outright, so she need not deny that it should happen.","Choice E is the point at issue: Delgado urges extension at once, while Okonjo insists that care be exercised, so the two are committed to opposite verdicts on this claim.",TRUE,TRUE,TRUE,TRUE,TRUE,pass,,,v1,current
AR_V1_B10_0001,AR_B10_BP_0001,15,LSAT_201_Source_Compilation_Keyed,0,1,validated_candidate,unpublished,production_factory_pass_not_human_validated,FL,4,FLAW_DESCRIBE,PAT_NAME_THE_ERROR,Describe the Flaw,grasping-proof-conviction,"It has often been said that grasping a proof completely convinces one of its conclusion entirely. If that is so, then complete conviction in the theorems one has proved oneself must lie beyond our reach, for a complete grasp of one's own reasoning, however desirable a thing it may be, is unattainable.",A flaw in the reasoning in the argument above is that this argument,treats the failure to satisfy a condition that brings about a particular outcome as though satisfying that condition were the only way of realizing the outcome,confuses something that is necessary for an action to occur with something that necessarily results from that action,"takes for granted that something that has merely been said to be true is, in fact, true",ignores the possibility that a state of affairs is desirable even if it cannot be attained,uses the difficulty of attaining a state of affairs as a reason for not attempting to attain it,A,"Conviction might arrive by some path other than a complete grasp, so failing that path proves nothing.",Name the error: a sufficient route to an outcome is treated as the only route.,Complete conviction in one's own theorems is beyond reach.,A complete grasp of one's own reasoning is unattainable.,A condition that brings about an outcome need not be the only way to reach it.,,flaw|sufficient_as_only_route,N/A_correct,necessary_result,hearsay,desirable,no_attempt,N/A_correct,Conditional Failure,Relevance Failure,Scope Failure,Scope Failure,"Choice A correctly names the error: a complete grasp is said to bring entire conviction, but conviction might be reached by other routes, so its unattainability settles nothing.","Choice B is tempting because conditions and results are both in play, but nothing here is treated as necessary for an action, nor as flowing necessarily from one.","Choice C is tempting because the passage opens with what has been said, but the argument is explicitly conditional upon that saying, which it does not endorse.","Choice D is tempting, but the argument expressly grants that a complete grasp is desirable though unattainable, so it ignores nothing of the kind.","Choice E is tempting because attainability is central, but the argument recommends nothing about whether the attempt should be made.",TRUE,TRUE,TRUE,TRUE,TRUE,pass,,,v1,current
AR_V1_B10_0002,AR_B10_BP_0002,19,LSAT_201_Source_Compilation_Keyed,0,1,validated_candidate,unpublished,production_factory_pass_not_human_validated,FL,4,FLAW_DESCRIBE,PAT_NAME_THE_ERROR,Describe the Flaw,repair-manual-trial,"Researcher: In a trial, five hundred households were given a home-repair manual, while five hundred similar households were given none. Across the following year, the average number of calls to tradespeople fell by twenty percent among the households that had received the manual, yet held steady among the rest. Since a house kept in better repair leads to fewer calls to tradespeople, the trial indicates that keeping a repair manual at home improves the state of a house.",The reasoning in the researcher's argument is questionable in that,it is possible that the households in the trial that were given no repair manual acquired repair manuals on their own,two different states of affairs could each causally contribute to the same effect even though neither causally contributes to the other,the households in the trial could have gained access to repair information from sources other than manuals,a state of affairs could causally contribute to two or more different effects,certain states of affairs that lead households to call tradespeople less often could also make them likelier to keep a repair manual at home,B,"Owning the manual may cause households to do repairs themselves rather than call, so fewer calls need not mean better houses.",Name the error: the manual may reduce calls without improving the house.,Keeping a repair manual at home improves the state of a house.,Households with the manual made fewer calls to tradespeople.,Two different things can each reduce the calls without one producing the other.,,flaw|common_effect_two_causes,contamination,N/A_correct,other_sources,one_cause_many_effects,reverse_selection,Structure Failure,N/A_correct,Scope Failure,Causal Failure,Causal Failure,"Choice A is tempting because it would blur the comparison, but such contamination would tend to erase the difference the trial found, not explain it away.",Choice B correctly names the error: having the manual and having a well-kept house might each reduce calls to tradespeople without the manual doing anything to keep the house in repair.,"Choice C is tempting because information could arrive by other routes, but that would affect both groups and does not expose the leap from fewer calls to better repair.","Choice D is tempting because it names a causal complication, but the trouble is two causes converging on one effect, not one cause fanning out to several.","Choice E is tempting and would matter in an observational study, but the manuals here were assigned by the researchers, so no such selection can operate.",TRUE,TRUE,TRUE,TRUE,TRUE,pass,,,v1,current
AR_V1_B10_0003,AR_B10_BP_0003,24,LSAT_201_Source_Compilation_Keyed,0,1,validated_candidate,unpublished,production_factory_pass_not_human_validated,FL,4,FLAW_DESCRIBE,PAT_NAME_THE_ERROR,Describe the Flaw,reef-mycelium-analogy,"Taken as a whole, the corals that ring the atoll form an intricate, densely linked community that channels nutrients much as the mycelia threading a forest floor do. And like a spreading mycelial network, the reef is extending itself at thousands of points at once. So we may expect that the reef will one day acquire a forest's capacity for self-repair.",The reasoning in the argument is most vulnerable to criticism on the grounds that it,equates the intricacy of a system with the capacity of that system,fails to consider the possibility that other habitats may acquire a capacity for self-repair before the reef does,fails to give any indication of why the characteristics on which it fastens are sufficient for the eventual development of a capacity for self-repair,draws a dubious analogy between the nutrients channeled by a mycelial network and those channeled across a reef,"presumes, without providing justification, that those managing the reef are interested in developing a self-repairing system",C,Sharing two features with mycelia gives no reason to think those features are enough to yield self-repair.,Name the error: nothing shows the cited resemblances suffice for the capacity predicted.,The reef will one day acquire a forest's capacity for self-repair.,The reef resembles a mycelial network in structure and in growth.,The cited resemblances are never shown to be sufficient for the capacity claimed.,,flaw|insufficient_grounds,equates,other_habitats,N/A_correct,analogy_detail,intent,Structure Failure,Scope Failure,N/A_correct,Relevance Failure,Scope Failure,"Choice A is tempting because intricacy is emphasized, but the argument treats intricacy as evidence rather than declaring it identical with the capacity.","Choice B is tempting because it names an omission, but which habitat gets there first has no bearing on whether the reef will get there at all.","Choice C correctly names the error: two shared features are cited, and nothing whatever is said to show that those features are enough to produce the capacity predicted.","Choice D is tempting because an analogy carries the argument, but the flaw lies in the leap to self-repair, not in whether nutrients travel alike in the two.","Choice E is tempting because purposes often lurk in such claims, but the argument makes no appeal to anyone's intentions about the reef.",TRUE,TRUE,TRUE,TRUE,TRUE,pass,,,v1,current
AR_V1_B10_0004,AR_B10_BP_0004,12,LSAT_201_Source_Compilation_Keyed,1,2,validated_candidate,unpublished,production_factory_pass_not_human_validated,ST,4,STRENGTHEN_SUPPORT_CAUSE,PAT_RULE_IN_MECHANISM,Strengthen a Historical Hypothesis,kavine-dialect-coastal-origin,"The Kavine dialect is spoken only upon the northern plateau, and the Suran escarpment today cuts that plateau off from the coastal lowlands. Certain verb endings in Kavine, however, descend from forms now extinct that are attested only in the old speech of the coast, and never in any of the plateau's other dialects. On this basis some linguists have framed the conjecture that the ancestors of the Kavine speakers once lived along the coast.","Which one of the following, if true, provides additional evidence in support of the conjecture that the ancestors of the Kavine speakers once lived along the coast?","In many cases, dialects that share certain verb endings do not in fact share a common ancestor.",Many verb endings of the plateau's other dialects are related to endings known from the old speech of the coast.,The Suran escarpment runs from the northern to the southern limits of the region.,Most of the surviving inscriptions that bear the extinct coastal forms date from a period before the Suran escarpment became impassable.,There are very few verb endings that occur both upon the plateau and along the coast.,D,"If the extinct coastal forms were current before the escarpment became impassable, speakers carrying them could have moved up onto the plateau.",Add a fact showing the coastal forms could have travelled inland before the barrier closed.,The ancestors of the Kavine speakers once lived along the coast.,Kavine keeps verb endings descended from forms attested only on the coast.,The descent requires a route that existed before the escarpment closed it.,,strengthen|historical_hypothesis|timing,undercuts,alternative_route,barrier_extent,N/A_correct,few_shared,Direction Failure,Scope Failure,Scope Failure,N/A_correct,Scope Failure,"Choice A is tempting because it concerns shared endings, but by loosening the tie between shared forms and shared descent it weakens the conjecture rather than backing it.","Choice B is tempting because it links plateau and coast, but it suggests the endings could have reached Kavine through neighbouring dialects, which cuts against the conjecture.","Choice C is tempting because the barrier is central, but the escarpment's present extent says nothing about whether speakers crossed it before it closed.","Choice D supports the conjecture: the coastal forms were in use while a route inland still lay open, so speakers carrying them could have climbed to the plateau and left those endings in Kavine.","Choice E is tempting because it concerns the two speech areas, but scarcity of shared endings does nothing to explain how the coastal forms reached Kavine at all.",TRUE,TRUE,TRUE,TRUE,TRUE,pass,,,v1,current
AR_V1_B10_0005,AR_B10_BP_0005,25,LSAT_201_Source_Compilation_Keyed,1,2,validated_candidate,unpublished,production_factory_pass_not_human_validated,ST,4,STRENGTHEN_SUPPORT_CAUSE,PAT_RULE_IN_MECHANISM,Strengthen a Policy Argument,college-endowment-tiers,"Trustee: When a college hardens into tiers of sharply unequal prestige, and passage from one tier to another grows rare, the college is in danger. Tiers so fixed give rival factions their footing, and factions of that kind stand in the way of sound governance. Because a college whose endowment grows affords its departments more openings to improve their standing, the wise course for any college is a policy of steady endowment growth.","Which one of the following, if true, would most strengthen the reasoning in the trustee's argument?",Discord within a college tends to widen the inequities among its departments.,Rival factions are sometimes willing to set aside their differences to back policies favorable to endowment growth.,Endowment growth cannot occur without substantial gifts from alumni of the most prestigious departments.,The presence of rival factions can be an obstacle to enlarging a college's endowment.,A growing endowment produces a proportionally greater rise in resources for departments in the lowest tiers than for departments in the other tiers.,E,"Growth helps only if it lifts the lowest tiers relatively more, closing the divisions the trustee fears.",Add the fact that endowment growth narrows the tier divisions rather than deepening them.,Colleges ought to adopt policies keeping the endowment steadily growing.,Endowment growth gives departments openings to improve their standing.,"Growth must reduce, not deepen, the divisions in prestige.",,strengthen|policy|distributional,reverse_arrow,feasibility,precondition,circular,N/A_correct,Direction Failure,Scope Failure,Scope Failure,Direction Failure,N/A_correct,"Choice A is tempting because it links discord and inequity, but it runs from discord to inequity, whereas the trustee needs growth to shrink inequity.","Choice B is tempting because it makes the policy adoptable, but factions supporting growth does not show that growth cures the divisions.","Choice C is tempting because it concerns growth, but a precondition for growth says nothing about whether growth narrows the tiers.","Choice D is tempting because both elements appear, but it makes factions block the remedy, which threatens the trustee's proposal rather than supporting it.","Choice E most strengthens the reasoning: the danger is wide tiers with little movement, so growth helps precisely if it raises the lowest tiers fastest and narrows those divisions.",TRUE,TRUE,TRUE,TRUE,TRUE,pass,,,v1,current
AR_V1_B10_0006,AR_B10_BP_0006,22,LSAT_201_Source_Compilation_Keyed,0,1,validated_candidate,unpublished,production_factory_pass_not_human_validated,WK,4,WEAKEN_ATTACK_KEY_LINK,PAT_BREAK_INFERENCE_LINK,Weaken by Undercutting the Measure,gift-card-valuation,"Economist: Gift cards, which leave the recipient free to pick the actual present, are valued more highly by recipients than are presents chosen for them by other people. One study put to people this question: what sum would they have parted with for a present that somebody else had picked out for them? The figures they named came, on average, to only about two-thirds of what such presents had cost.","Which one of the following, if true, most seriously weakens the economist's argument?",People will not part with a present chosen for them by another unless they are offered roughly one and a half times what the present actually cost.,The rate at which presents are returned to shops has climbed steadily since it was first measured.,Gift cards presently account for only about fourteen percent of all gift giving.,People in the study would have paid more for presents chosen by close friends and relatives than for presents chosen by others.,Most shops demand a receipt before allowing a present to be exchanged.,A,"If recipients demand far more than the price to give the present up, they value it above what they would pay for it.",Show that willingness to pay understates what recipients actually place on the present.,Recipients value gift cards more highly than presents chosen for them.,People would pay only two-thirds of the cost of a chosen present.,What one would pay for a thing may misstate what one takes it to be worth.,,weaken|willingness_to_pay_vs_accept,N/A_correct,returns_trend,market_share,subgroup,exchange_friction,N/A_correct,Scope Failure,Scope Failure,Scope Failure,Scope Failure,"Choice A most weakens the argument: recipients who demand half again the price to surrender a chosen present plainly value it above its cost, so the willingness-to-pay figure misstates what they think it worth.","Choice B is tempting because returning a present suggests dissatisfaction, but a rising return rate supports the economist rather than undermining the study's reading.","Choice C is tempting because it concerns gift cards, but how often they are given has nothing to do with how highly recipients value them.","Choice D is tempting because it refines the study, but it still leaves chosen presents valued below their cost and so does not overturn the conclusion.","Choice E is tempting because it concerns what recipients can do with a present, but shop policy does not bear on how highly the present is valued.",TRUE,TRUE,TRUE,TRUE,TRUE,pass,,,v1,current
AR_V1_B10_0007,AR_B10_BP_0007,3,LSAT_201_Source_Compilation_Keyed,1,2,validated_candidate,unpublished,production_factory_pass_not_human_validated,WK,2,WEAKEN_ATTACK_KEY_LINK,PAT_BREAK_INFERENCE_LINK,Weaken by Supplying the Base Rate,museum-acquisitions-ceramics,Complaint to the trustees: our acquisitions committee is plainly prejudiced in favour of ceramics and against textiles. Across the past decade the committee has bought nine ceramic pieces for every single textile that it has bought.,"Which one of the following, if true, most seriously weakens the argument?",Some museums acquire no textiles whatever.,Far more ceramic pieces than textiles came onto the market during the past decade.,The committee numbers nine specialists in ceramics but only one in textiles.,The museum lacks the storage to acquire every ceramic piece and every textile that comes onto the market.,The committee bought more textiles in the past decade than it bought in the decade before.,B,"If far more ceramics than textiles came up for sale, buying proportionally would look exactly like this.",Supply a base rate explaining the disparity without prejudice.,The acquisitions committee is prejudiced against textiles.,It bought nine ceramic pieces for every textile.,The purchase counts must be weighed against what was available to buy.,,weaken|base_rate,other_institutions,N/A_correct,restates_bias,capacity,trend,Scope Failure,N/A_correct,Direction Failure,Scope Failure,Scope Failure,"Choice A is tempting because it flatters this museum by comparison, but what other museums do says nothing about whether this committee's ratio reflects prejudice.","Choice B most weakens the argument: if ceramics vastly outnumbered textiles among the pieces available, then buying more ceramics tracks what was for sale rather than any prejudice.","Choice C is tempting because it explains the disparity, but a lopsided committee is itself a mark of the very prejudice alleged.","Choice D is tempting because acquisition is constrained, but a shortage of storage presses on both kinds of object alike and explains no lopsided ratio.","Choice E is tempting because textile buying improved, but an increase over time leaves the present disparity, and the charge of prejudice, untouched.",TRUE,TRUE,TRUE,TRUE,TRUE,pass,,,v1,current
AR_V1_B10_0008,AR_B10_BP_0008,16,LSAT_201_Source_Compilation_Keyed,0,1,validated_candidate,unpublished,production_factory_pass_not_human_validated,NA,5,NA_REQUIRED,PAT_NEGATION_BREAKS,Necessary Assumption,free-verse-vs-schoolchild,"A common complaint about free-verse poems, that a child could write that, holds that their formal likeness to schoolchildren's verses shows them to be no more moving than those clumsy efforts. Yet a psychological study put pairs before its participants, each pair holding one free-verse poem and one schoolchild's verse, and most of them rated the free-verse poem the more moving every time. That refutes the complaint, and so establishes that free-verse poems are moving.",The argument depends on assuming which one of the following?,People judge how moving a poem is better when they compare it with another poem.,Each poem shown to the participants carried a label accurately indicating whether it was a free-verse poem or a schoolchild's verse.,Most of the schoolchildren's verses used in the study were not unmoving.,Participants who did not consistently rate the free-verse poems as more moving nonetheless rated them so more often than not.,There were few formal likenesses between the free-verse poems shown and the schoolchildren's verses paired with them.,C,Beating something unmoving does not make a poem moving; the comparison class must not be unmoving.,Identify what must hold for 'rated more moving' to establish 'moving.',Free-verse poems are moving.,They were rated more moving than schoolchildren's verses.,The schoolchildren's verses must not themselves have been unmoving.,,necessary_assumption|comparative_to_absolute,method,labeling,N/A_correct,minority,denies_premise,Scope Failure,Scope Failure,N/A_correct,Scope Failure,Scope Failure,"Choice A is tempting because the study used pairs, but the argument needs nothing about whether comparison sharpens judgment.","Choice B is tempting because labels could sway raters, but the argument would be better off without them, so it cannot require that they were present.","Choice C is the required assumption: if the children's verses were unmoving, then being rated more moving than they were would leave the free-verse poems unmoving too, and the conclusion would fail.","Choice D is tempting because it tidies the study's result, but the argument rests on what most participants did and needs nothing about the rest.","Choice E is tempting because likeness drives the complaint, but the argument concedes the likeness and answers the complaint on its own ground.",TRUE,TRUE,TRUE,TRUE,TRUE,pass,,,v1,current
AR_V1_B10_0009,AR_B10_BP_0009,10,LSAT_201_Source_Compilation_Keyed,1,2,validated_candidate,unpublished,production_factory_pass_not_human_validated,NA,4,NA_REQUIRED,PAT_NEGATION_BREAKS,Necessary Assumption,solutrean-tally-bone,"By long tradition the Solutreans are held to have lacked any capacity for abstract counting. That tradition is now under pressure. Researchers, using a dating method lately refined, have established that a notched tally bone recovered from a Pyrenean shelter was cut no less than twenty-two thousand years ago. The likeliest maker of that bone, then, was a Solutrean.",Which one of the following is an assumption required by the argument?,Solutreans are known to have possessed the manual skill required to cut tally bones like the Pyrenean one.,No hominid group other than the Solutreans occupied any part of the Pyrenees twenty-two thousand years ago.,The recent evidence about the tally bone is the first evidence to suggest that Solutreans could count abstractly.,The ability to cut a tally bone like the one found in the Pyrenean shelter indicates a capacity for abstract counting.,Any hominid group that cannot cut tally bones must lack a capacity for abstract counting.,D,"Even if a Solutrean cut the bone, that overturns the view only if cutting such a bone shows abstract counting.",Identify the link from cutting a tally bone to a capacity for abstract counting.,The traditional view of the Solutreans is mistaken.,A Solutrean likely cut the notched tally bone.,Cutting such a bone must indicate a capacity for abstract counting.,,necessary_assumption|artifact_to_capacity,dexterity,sole_occupant,novelty,N/A_correct,converse,Scope Failure,Scope Failure,Scope Failure,N/A_correct,Conditional Failure,"Choice A is tempting because cutting takes skill, but the argument concludes a Solutrean did cut it, so the skill is presupposed by the case rather than needed for the view about counting.","Choice B is tempting because it would secure the attribution, but the argument claims only that a Solutrean was the likeliest maker, which does not require sole occupancy.","Choice C is tempting because the evidence is called fresh, but whether earlier evidence existed makes no difference to whether this argument succeeds.","Choice D is the required assumption: without it, showing that a Solutrean cut the bone would leave the traditional view about abstract counting entirely untouched.","Choice E is tempting because it links the same two ideas, but it states the converse of what the argument needs and is far stronger than required.",TRUE,TRUE,TRUE,TRUE,TRUE,pass,,,v1,current
AR_V1_B10_0010,AR_B10_BP_0010,5,LSAT_201_Source_Compilation_Keyed,1,2,validated_candidate,unpublished,production_factory_pass_not_human_validated,NA,4,NA_REQUIRED,PAT_NEGATION_BREAKS,Necessary Assumption,unerring-seers-folk-tales,"Many folk tales feature seers who are supposedly unerring, that is, able to name the outcome of any wager before it is settled. But the naming of an outcome is correct only if that outcome comes to pass. Thus the tales themselves often show that their seers are not truly unerring, since some of the outcomes the seers name never come to pass at all.",Which one of the following is an assumption on which the argument depends?,It is impossible for anyone to name outcomes correctly with absolute consistency.,Tales that portray seers as unerring often leave unstated whether the outcomes they name come to pass.,"When tales portray seers as unerring, the outcomes those seers name are generally central to the plots of the tales.",No folk tale has ever portrayed a truly unerring seer.,A seer is truly unerring only if every outcome that seer names comes to pass.,E,"Unless every naming must be correct, a handful of failures would not show the seer errs.",Identify what unerringness must require for a few failed namings to refute it.,The seers in these tales are not truly unerring.,Some outcomes they name never come to pass.,Unerringness must demand that all namings be correct.,,necessary_assumption|universal_requirement,impossibility,unstated,centrality,stronger,N/A_correct,Scope Failure,Scope Failure,Scope Failure,Scope Failure,N/A_correct,"Choice A is tempting because it concerns perfect naming, but the argument needs a standard for unerringness, not a claim that nobody could meet it.","Choice B is tempting because it concerns what tales show, but the argument relies on cases where the naming plainly fails, so this is not required.","Choice C is tempting because it makes the namings important, but how central they are to a plot is not needed for the argument to go through.","Choice D is tempting because it sounds like the upshot, but the argument concerns the seers in these tales and need not assume so sweeping a claim.","Choice E is the required assumption: the argument moves from some failed namings to the seer's not being unerring, which works only if unerringness demands that all namings be correct.",TRUE,TRUE,TRUE,TRUE,TRUE,pass,,,v1,current
AR_V1_B10_0011,AR_B10_BP_0011,3,LSAT_201_Source_Compilation_Keyed,1,2,validated_candidate,unpublished,production_factory_pass_not_human_validated,SA,3,SA_BRIDGE,PAT_CONDITIONAL_BRIDGE,Sufficient Assumption,lottery-ticket-disclosures,"Analyst: A new statute requires every lottery ticket to carry odds disclosures, sobering images of debt, and no scratch-off artwork. Habitual buyers of tickets will not, for the most part, change how they buy, because scarcely any of them so much as glance at a ticket before handing over their money.",The conclusion of the analyst's argument follows logically if which one of the following is assumed?,The new ticket design cannot alter the habits of people who buy tickets regularly unless those people frequently look at the ticket before buying.,"If regulations on the design of tickets would alter the habits of regular buyers, those regulations ought to be imposed.","If people who buy tickets regularly look at sobering images of debt frequently, it is likely to alter their habits.",Almost all people who buy tickets regularly are already familiar with the odds against them.,Most people who buy tickets regularly could not describe the scratch-off artwork on their usual ticket if asked to do so.,A,"If the ticket can only alter habits when buyers look at it, buyers who barely glance are unaffected.",Supply the conditional making frequent looking necessary for the design to work.,The statute will not alter the habits of most regular buyers.,Most regular buyers barely glance at a ticket.,Looking at the ticket must be necessary for the design to change habits.,,sufficient_assumption|necessary_condition_bridge,N/A_correct,normative,converse,prior_knowledge,supports_premise,N/A_correct,Scope Failure,Conditional Failure,Scope Failure,Scope Failure,"Choice A lets the conclusion follow: if frequent looking is required for the design to have any effect, then buyers who barely glance cannot have their habits altered by it.","Choice B is tempting because it concerns the same regulations, but it recommends policy and says nothing about whether this statute will alter habits.","Choice C is tempting because it links looking to habits, but it runs the wrong way, telling us what frequent looking would do rather than that looking is required.","Choice D is tempting because it would explain the statute's futility, but it offers a different reason and does not make the stated conclusion follow.","Choice E is tempting because it supports the claim that buyers barely glance, but reinforcing a premise does not supply the link the conclusion needs.",TRUE,TRUE,TRUE,TRUE,TRUE,pass,,,v1,current
AR_V1_B10_0012,AR_B10_BP_0012,2,LSAT_201_Source_Compilation_Keyed,1,2,validated_candidate,unpublished,production_factory_pass_not_human_validated,MC,3,MAIN_CONCLUSION,PAT_FIND_CONCLUSION,Main Conclusion,drowning-open-water-hours,"Public-health officer: Those bent on cutting drowning deaths usually pour their effort into equipment measures, such as wider use of life jackets, better hull design, and stricter buoyancy standards. Yet nothing would cut drowning deaths so much as trimming the total hours that people spend out on open water. Being out on open water is, in plain fact, a major risk factor.",Which one of the following most accurately expresses the overall conclusion drawn in the public-health officer's argument?,Drowning deaths can be cut by improving the equipment that people use on the water.,A reduction in the hours that people spend on open water would do more to cut drowning deaths than would any equipment measure.,Those bent on cutting drowning deaths should pour their effort into equipment measures.,"Wider use of life jackets, better hull design, and stricter buoyancy standards all help to cut drowning deaths.","Being out on open water, on its own, ranks among the largest risk factors for drowning.",B,The point is that cutting hours on the water beats any equipment measure.,Identify the comparative recommendation the passage builds toward.,Reducing hours on open water would cut drowning deaths more than any equipment measure would.,Being on open water is itself a major risk factor.,Distinguish the comparative conclusion from the fact that supports it.,,main_conclusion|comparative_recommendation,concession,N/A_correct,opposed_view,background,premise_restated,Conclusion Failure,N/A_correct,Conclusion Failure,Conclusion Failure,Conclusion Failure,"Choice A is tempting because equipment measures are discussed, but the officer mentions them as the approach being displaced, not as the point being made.",Choice B is the overall conclusion: the remark that being on open water is itself a major risk factor is offered precisely to support this comparison between the two approaches.,"Choice C is tempting because it echoes the opening, but it states the view the officer argues against rather than the officer's own conclusion.","Choice D is tempting because these appear early, but they describe current practice rather than what the argument sets out to establish.","Choice E is tempting because it is stated emphatically at the end, but it is the evidence offered in support of the comparative claim, not the claim itself.",TRUE,TRUE,TRUE,TRUE,TRUE,pass,,,v1,current
AR_V1_B10_0013,AR_B10_BP_0013,4,LSAT_201_Source_Compilation_Keyed,1,2,validated_candidate,unpublished,production_factory_pass_not_human_validated,MC,3,MAIN_CONCLUSION,PAT_FIND_CONCLUSION,Main Conclusion,genome-bank-tissue-samples,"Registrar: More than one party lays claim to several tissue samples held in our university's genome bank. Our files contain consent forms proving that each sample was gathered with permission properly given. Nevertheless a principle that outranks any such form vests in the donor village the power to say what shall be done with a sample it provided. No laboratory may set that power aside, and so our bank must return the choice to those villages.",Which one of the following most accurately expresses the overall conclusion of the registrar's argument?,A donor village that provided a tissue sample holds the power to say what shall be done with it.,Each of the claimed tissue samples was gathered with permission properly given.,The genome bank must return to the donor villages the choice of what shall be done with their samples.,More than one party lays claim to several tissue samples held in the university's genome bank.,No laboratory may set aside a donor village's power to decide what shall be done with a sample it provided.,C,Everything else is offered to support returning the choice to the donor villages.,Pick the recommendation the principle and the obligation jointly support.,The genome bank must return the choice about the samples to the donor villages.,"A principle outranking consent vests the decision in the villages, and no laboratory may set it aside.",Distinguish the recommendation from the principle that grounds it.,,main_conclusion|recommendation,principle,concession,N/A_correct,background,bridging_premise,Conclusion Failure,Conclusion Failure,N/A_correct,Conclusion Failure,Conclusion Failure,"Choice A is tempting because it outranks the consent forms, but it is the principle invoked in support of the recommendation rather than the recommendation itself.","Choice B is tempting because it is asserted outright, but it is a concession made on the way to the conclusion.","Choice C is the overall conclusion: the principle vesting that power in the villages, together with the rule that no laboratory may set it aside, is offered precisely to support returning the choice.","Choice D is tempting because it opens the argument, but it merely sets the scene the argument then reasons about.","Choice E is tempting because it appears just before the conclusion, but it is the bridging premise carrying the principle to the recommendation.",TRUE,TRUE,TRUE,TRUE,TRUE,pass,,,v1,current
AR_V1_B10_0014,AR_B10_BP_0014,20,LSAT_201_Source_Compilation_Keyed,0,1,validated_candidate,unpublished,production_factory_pass_not_human_validated,MBT,4,MBT_DEDUCE,PAT_DEDUCTION,Must Be True,strongroom-combinations,"Devising secure combinations for strongroom locks is difficult. What a keeper wants is a combination easily recalled, an anniversary perhaps, or the year a relative was born. Such combinations, sadly, are just the ones an outsider bent on the strongroom's contents will guess first. Hardest of all to guess is a random string of digits, though nothing slips a legitimate keeper's memory so readily. Keepers who forget their combinations consume the locksmith's time; moreover, combinations that are very difficult to recall are generally written down by the keepers, and hence pose the gravest security threat of all.","If the statements above are true, which one of the following must also be true?",Keepers should not write down their combinations even when those combinations are hard to recall.,It is expensive to have locksmiths constantly resetting forgetful keepers' combinations.,Combinations that are random strings of digits are the least likely to result in security breaches.,Combinations that are very easy to guess pose less of a security threat than combinations that are very difficult to recall.,"The easier a combination is to recall, the more secure the strongroom.",D,"Hard-to-recall combinations pose the gravest threat, so easy-to-guess ones pose less of a threat than they do.",Rank the two threats using the 'gravest of all' clause.,(inference target),Combinations very hard to recall pose the gravest security threat of all.,Read the superlative as ranking above the easy-to-guess case.,Combinations very easy to guess pose less of a security threat than combinations very difficult to recall.,must_be_true|superlative_ranking,prescription,cost,contradicts,N/A_correct,monotone,Inference Failure,Inference Failure,Inference Failure,N/A_correct,Inference Failure,"Choice A is tempting because writing combinations down is called the gravest threat, but the passage describes what happens and recommends nothing.","Choice B is tempting because forgetful keepers consume the locksmith's time, but nothing is said about what that time costs.","Choice C is tempting because such strings are hardest to guess, but they are also the ones most often written down, which the passage calls the gravest threat of all.","Choice D must be true: combinations very difficult to recall get written down and thereby pose the gravest threat of all, so any other threat, including easy guessing, must be lesser.","Choice E is tempting because hard-to-recall combinations are dangerous, but easy-to-recall ones are the easiest to guess, so no such monotone relation holds.",TRUE,TRUE,TRUE,TRUE,TRUE,pass,,,v1,current
AR_V1_B10_0015,AR_B10_BP_0015,19,LSAT_201_Source_Compilation_Keyed,1,2,validated_candidate,unpublished,production_factory_pass_not_human_validated,MSS,4,MSS_SUPPORTED,PAT_CHAIN_INFERENCE,Most Strongly Supported,peat-moss-carbon-lowlands,"Peat mosses in quick growth lock away more carbon than ever leaves them; let their growth slow to a crawl and the balance tips the other way. Should the carbon reaching the air climb by any substantial amount, the northern lowlands grow warmer, and it is there that the bulk of the world's peat mosses lie. And warmth in those lowlands tells upon the mosses that carpet them: the warmer it gets, the more their average growth slackens.",Which one of the following is most strongly supported by the information above?,The amount of carbon given off into the air is bound to rise at a steadily accelerating pace.,"If the carbon given off into the air rises substantially, most of the world's peat mosses will give off more carbon than they lock away.","If the peat mosses begin to grow more sluggishly, the northern lowlands will as a result grow substantially warmer.",Any warming of the northern lowlands will be accompanied by a substantial rise in the carbon given off into the air.,"Peat mosses in the northern lowlands will grow more sluggishly, on average, if they give off enough carbon to raise substantially the total amount given off into the air.",E,"If the mosses give off enough carbon to raise the total substantially, the warming that follows will slow their growth.",Follow the stated chain to the conditional it best supports.,(inference target),Slow growth gives off carbon; a substantial rise warms the lowlands; warmth slows growth.,Link the mosses' own emission to their own slowed growth by way of the warming step.,The mosses will grow more slowly if they give off enough carbon to raise the total substantially.,most_strongly_supported|conditional_chain,unsupported_trend,overreach,reversed,converse,N/A_correct,Inference Failure,Inference Failure,Inference Failure,Inference Failure,N/A_correct,"Choice A is tempting because it concerns carbon given off, but nothing in the passage supports a claim about an ever-accelerating rate.","Choice B is tempting because it uses the passage's terms, but nothing licenses concluding that a substantial rise makes most mosses net emitters.","Choice C is tempting but reverses the chain: warming slows growth, so slower growth does not by itself warm the lowlands.","Choice D is tempting but states the converse: a substantial rise causes warming, which does not license the claim that every warming is accompanied by such a rise.","Choice E is most strongly supported: a substantial rise in carbon given off warms the lowlands, and warmer lowlands slow the mosses' growth, so their own heavy emission would slow them.",TRUE,TRUE,TRUE,TRUE,TRUE,pass,,,v1,current
AR_V1_B10_0016,AR_B10_BP_0016,72,LSAT_201_Source_Compilation_Keyed,1,2,validated_candidate,unpublished,production_factory_pass_not_human_validated,MBT,3,MBT_DEDUCE,PAT_DEDUCTION,Must Be True,civic-habits,"Some civic habits, such as punctuality, tend to benefit the person who keeps them; others, such as jury service, do not. No personal habit counts as a civic habit when keeping it works harm upon others.","If the statements above are true, which one of the following must also be true?",Being punctual tends to work no harm upon other people.,A person wholly lacking in civic habits will tend not to have habits that benefit other people.,A civic-minded person tends to benefit other people more than a person who is not civic-minded does.,Jury service tends to be to one's own disadvantage but not to the disadvantage of others.,"If a personal habit that one keeps tends to benefit other people, then that habit is a civic habit.",A,"Punctuality is a civic habit, so it cannot tend to be detrimental to others.",Apply the disqualifying rule to the stated example.,(inference target),Punctuality is a civic habit; civic habits are not detrimental to others.,Apply the rule to the example given.,Punctuality tends not to be detrimental to other people.,must_be_true|definition_application,N/A_correct,contrapositive_overreach,comparative,unsupported_detail,converse,N/A_correct,Inference Failure,Inference Failure,Inference Failure,Inference Failure,"Choice A must be true: punctuality is stated to be a civic habit, and no habit that tends to be detrimental to others counts as one, so punctuality cannot be detrimental to others.","Choice B is tempting because it echoes the terms, but nothing connects lacking civic habits to lacking habits that help others.",Choice C is tempting but goes beyond the premises: the rule forbids harming others but ranks nobody's benefit to others against anyone else's.,"Choice D is tempting because jury service is named, but the passage says only that it does not benefit the one who keeps it, never that it disadvantages that person.","Choice E is tempting but reverses the rule: not harming others is required of a civic habit, which does not make helping others sufficient to be one.",TRUE,TRUE,TRUE,TRUE,TRUE,pass,,,v1,current
AR_V1_B10_0017,AR_B10_BP_0017,75,LSAT_201_Source_Compilation_Keyed,1,2,validated_candidate,unpublished,production_factory_pass_not_human_validated,PF,4,PARALLEL_FLAW,PAT_MATCH_FLAWED_FORM,Parallel Flaw,summer-festival-playwright,"Playwright: Not once has a script of mine been staged at the summer festival, though several of my plays are widely loved and have filled provincial theaters for years on end. Six other playwrights whose work is dearly loved submitted scripts to that same festival, and their fortunes were exactly as poor as mine. It follows that a script staged at the summer festival is proof of a playwright's want of talent.",The pattern of flawed reasoning in which one of the following arguments most closely resembles that in the playwright's argument?,"Vintner: I have never taken a medal at the county show, though several of my wines sell briskly and have won praise in the trade press. Other vintners say the same. Therefore the judges must be using some basis other than commercial success.","Applicant: The grants panel never funds my proposals, even when most reviewers commend them. Others have submitted widely commended proposals, and the panel has not funded theirs either. So the grants panel funds only worthless proposals.","Confectioner: I always take a medal at the county show, even though fairgoers find my sweets peculiar and unappealing. Other confectioners report the same. Thus taking a medal proves that one's sweets do not suit most people's taste.",Archivist: The same photographs that were overlooked one year at the regional salon carried the chief award another year. So the photographs are not judged entirely on merit.,"Dispatcher: When I plan my rounds with the greatest care, the office trims my bonus. When I rush, they send me thanks. I conclude that the office means to discourage careful planning.",B,Find the argument leaping from worthy applicants being refused to the worthlessness of those accepted.,Match the error: from 'the good are refused' infer 'those accepted are bad.',Being staged at the festival proves a playwright is no good.,"Several popular playwrights, the speaker among them, were passed over.",That good playwrights are refused does not show the staged ones are bad.,,parallel_flaw|negation_of_selection,weaker_conclusion,N/A_correct,inverted_premise,inconsistency,motive,Form Failure,N/A_correct,Form Failure,Form Failure,Form Failure,"Choice A is tempting because it opens identically, but it concludes only that some other criterion is at work, which is a far weaker and non-parallel step.","Choice B parallels the flaw exactly: from the fact that commended proposals go unfunded it leaps to the claim that whatever is funded must be worthless, just as the playwright leaps from refusals to the worthlessness of those staged.","Choice C is tempting because its conclusion has the same shape, but its speaker is always accepted rather than always refused, so the premises run the other way.","Choice D is tempting because it also attacks a selection process, but it reasons from inconsistent verdicts on the same works, not from good work being refused.","Choice E is tempting because good work again goes unrewarded, but it infers an intention behind the pattern rather than a verdict on those who are rewarded.",TRUE,TRUE,TRUE,TRUE,TRUE,pass,,,v1,current
AR_V1_B10_0018,AR_B10_BP_0018,59,LSAT_201_Source_Compilation_Keyed,0,1,validated_candidate,unpublished,production_factory_pass_not_human_validated,RP,3,RESOLVE_EXPLAIN,PAT_RECONCILE,Resolve the Discrepancy,hotel-cleanliness-reputation,"Market studies confirm that travelers booking hotels chiefly seek the cleanest ones. Call a hotel clean when soiled rooms are a great rarity there and its upkeep runs to no more than the average. Oddly, though, several among the very cleanest hotels book poorly with just those travelers who profess to prize cleanliness above all.","Which one of the following, if true, most helps to resolve the apparent discrepancy in the information above?",Travelers booking hotels claim to care more about cleanliness than about price.,Some owners of clean hotels are reluctant to refurbish them and tend to keep them as they are for many years.,"Travelers often choose hotels on the strength of a reputation for cleanliness, and reputations can fall out of date.",Some hotels shown to need a great deal of upkeep very rarely have soiled rooms.,Some of the most stylish hotels are among the least clean.,C,"Travelers act on reputation, and a reputation may lag behind the facts.",Find the fact letting cleanliness-seeking travelers pass over the cleanest hotels.,(discrepancy to explain),Travelers who prize cleanliness avoid some of the cleanest hotels.,What travelers act on may not be actual cleanliness.,,resolve|reputation_lag,restates,owner_behavior,N/A_correct,definition_detail,other_attribute,Resolve Failure,Resolve Failure,N/A_correct,Resolve Failure,Resolve Failure,"Choice A is tempting because it concerns what travelers say, but it repeats the very fact that makes the situation puzzling.","Choice B is tempting because it concerns clean hotels, but an unrefurbished hotel is not thereby unclean, so this explains no booking gap.","Choice C most helps resolve the discrepancy: travelers who prize cleanliness may steer clear of a hotel that has become clean, because its reputation has not yet caught up with it.","Choice D is tempting because it plays with the definition of clean, but it merely identifies hotels that fail one condition and leaves the booking puzzle intact.","Choice E is tempting because style may draw travelers, but the puzzle concerns travelers who say they care most about cleanliness, not about style.",TRUE,TRUE,TRUE,TRUE,TRUE,pass,,,v1,current
AR_V1_B10_0019,AR_B10_BP_0019,64,LSAT_201_Source_Compilation_Keyed,0,1,validated_candidate,unpublished,production_factory_pass_not_human_validated,PR,4,PRINCIPLE_JUSTIFY,PAT_APPLY_PRINCIPLE,Principle Justifies the Reasoning,engineered-microbes-watersheds,"Conservationist: Engineered microbes are being released into municipal water systems at a pace so quick, and under oversight so slack, that fragile watersheds stand at significant risk of harm. One microbe of that kind was already in wide release before any study revealed the threat it posed to native mayflies. Hence no fresh engineered microbe ought to enter a water system until it has first undergone rigorous testing for safety.","Which one of the following principles, if valid, most helps to justify the conservationist's reasoning?",An engineered microbe should not be released into a water system if rigorous testing has shown it to be risky.,"If a microbe has no potential for posing environmental risks, it may be released into a water system without any testing of its safety.","If rigorous testing of an engineered microbe already in use shows that it poses environmental risks, its release should be discontinued.",No microbe that might present risks to the environment should be permitted into a water system unless its safety has been thoroughly tested.,"If rigorous studies find no evidence that a microbe would present risks once released, no further testing of its safety is required.",D,Nothing that might present environmental risk should be released until its safety has been thoroughly tested.,Supply the principle licensing a testing requirement for anything that might pose a risk.,Rigorous testing should be required before any new microbe is released.,Released microbes pose a significant risk of environmental harm.,A principle must carry 'might pose risk' to 'test before release.',,principle|justify,after_testing,permission,withdrawal,N/A_correct,stopping_rule,Principle Failure,Principle Failure,Principle Failure,N/A_correct,Principle Failure,"Choice A is tempting because it governs risky microbes, but it presupposes that testing has already happened and so cannot justify requiring the testing.","Choice B is tempting because it concerns testing, but it licenses release in the safe case and says nothing about requiring tests in the risky one.","Choice C is tempting because it responds to discovered risks, but it addresses withdrawing a microbe already released, not testing before release.","Choice D most helps to justify the reasoning: engineered microbes are said to pose a significant risk, and this principle turns that risk directly into a requirement of thorough testing before release.","Choice E is tempting because it mentions rigorous studies, but it tells us when testing may cease rather than that testing must precede release.",TRUE,TRUE,TRUE,TRUE,TRUE,pass,,,v1,current
AR_V1_B10_0020,AR_B10_BP_0020,78,LSAT_201_Source_Compilation_Keyed,0,1,validated_candidate,unpublished,production_factory_pass_not_human_validated,PI,4,POINT_AT_ISSUE,PAT_LOCATE_DISPUTE,Point at Issue,map-literacy-gap,"Nadia: The city is increasingly split between those who can read a map and those who cannot. The gap between the well-schooled and the poorly schooled is partly to blame for causing this split, but that schooling gap will itself widen because of the growing importance of map literacy. Emeka: I disagree. Employers need staff who can read a map more with every year, and firms will therefore be obliged to give almost every worker that training. That will narrow the split between those who can read a map and those who cannot. So whatever it may be that widens the schooling gap in years to come, the importance of map literacy will not be the cause.",Nadia and Emeka disagree over whether,the gap between the well-schooled and the poorly schooled will widen,the schooling gap is now partly to blame for causing the split between those who can read a map and those who cannot,employers' need for staff who can read a map will increase,firms will have to train their workers to read a map,the gap between the well-schooled and the poorly schooled will widen as a result of the growing importance of map literacy,E,Nadia says map literacy will widen the schooling gap; Emeka denies exactly that.,Locate the proposition one asserts and the other denies.,(disputed claim),Nadia affirms and Emeka denies the causal claim about map literacy.,Beware claims only one speaker addresses.,,point_at_issue|disagreement,too_broad,one_sided,agreed,one_sided_2,N/A_correct,Dispute Failure,Dispute Failure,Dispute Failure,Dispute Failure,N/A_correct,"Choice A is tempting because both discuss the gap, but Emeka allows that something else might widen it, so he does not deny that it will widen.","Choice B is tempting because Nadia asserts it, but Emeka says nothing about what currently causes the split and so is not committed to denying it.","Choice C is tempting because Emeka asserts it, but Nadia's claim about the growing importance of map literacy agrees rather than conflicts with it.","Choice D is tempting because Emeka relies on it, but Nadia never addresses what firms will do, so no disagreement is joined here.","Choice E is the point at issue: Nadia asserts precisely this causal claim, and Emeka closes by denying that map literacy will be what widens the gap.",TRUE,TRUE,TRUE,TRUE,TRUE,pass,,,v1,current
